"(Benchmark_method, commit)",Extract Method,Extract Variable,Change Return Type,Inline Variable,Change Attribute Type,Move Method,Change Package,Move Class,Extract And Move Method,Change Variable Type,Parameterize Variable,Move Attribute,Change Parameter Type,Inline Method,Pull Up Attribute,Extract Class,Pull Up Method,sum,delta
"(io.prometheus.benchmark.GaugeBenchmark.prometheusGaugeChildSetBenchmark,f1cefe6384d35216af98913761003738b5b5a38a)",0,0,0,0,0,0,0,0,0,0,0,0,0,0,0,0,0,0,
"(io.prometheus.benchmark.GaugeBenchmark.prometheusSimpleGaugeNoLabelsIncBenchmark,f1cefe6384d35216af98913761003738b5b5a38a)",0,0,0,0,0,0,0,0,0,0,0,0,0,0,0,0,0,0,
"(io.prometheus.benchmark.SummaryBenchmark.prometheusSimpleHistogramBenchmark,f1cefe6384d35216af98913761003738b5b5a38a)",0,0,0,0,0,0,0,0,0,0,0,0,0,0,0,0,0,0,
"(io.prometheus.benchmark.SummaryBenchmark.prometheusSummaryBenchmark,f1cefe6384d35216af98913761003738b5b5a38a)",0,0,0,0,0,0,0,0,0,0,0,0,0,0,0,0,0,0,
"(io.prometheus.benchmark.GaugeBenchmark.prometheusSimpleGaugeChildSetBenchmark,f1cefe6384d35216af98913761003738b5b5a38a)",0,0,0,0,0,0,0,0,0,0,0,0,0,0,0,0,0,0,
"(io.prometheus.benchmark.SummaryBenchmark.prometheusSimpleSummaryChildBenchmark,f1cefe6384d35216af98913761003738b5b5a38a)",0,0,0,0,0,0,0,0,0,0,0,0,0,0,0,0,0,0,
"(io.prometheus.benchmark.GaugeBenchmark.prometheusGaugeChildDecBenchmark,f1cefe6384d35216af98913761003738b5b5a38a)",0,0,0,0,0,0,0,0,0,0,0,0,0,0,0,0,0,0,
"(io.prometheus.benchmark.GaugeBenchmark.codahaleCounterIncBenchmark,f1cefe6384d35216af98913761003738b5b5a38a)",0,0,0,0,0,0,0,0,0,0,0,0,0,0,0,0,0,0,
"(io.prometheus.benchmark.CounterBenchmark.codahaleMeterMarkBenchmark,f1cefe6384d35216af98913761003738b5b5a38a)",0,0,0,0,0,0,0,0,0,0,0,0,0,0,0,0,0,0,
"(io.prometheus.benchmark.SummaryBenchmark.prometheusSimpleHistogramChildBenchmark,f1cefe6384d35216af98913761003738b5b5a38a)",0,0,0,0,0,0,0,0,0,0,0,0,0,0,0,0,0,0,
"(io.prometheus.benchmark.SummaryBenchmark.codahaleHistogramBenchmark,f1cefe6384d35216af98913761003738b5b5a38a)",0,0,0,0,0,0,0,0,0,0,0,0,0,0,0,0,0,0,
"(io.prometheus.benchmark.GaugeBenchmark.prometheusSimpleGaugeChildDecBenchmark,f1cefe6384d35216af98913761003738b5b5a38a)",0,0,0,0,0,0,0,0,0,0,0,0,0,0,0,0,0,0,
"(io.prometheus.benchmark.SummaryBenchmark.prometheusSummaryChildBenchmark,f1cefe6384d35216af98913761003738b5b5a38a)",0,0,0,0,0,0,0,0,0,0,0,0,0,0,0,0,0,0,
"(io.prometheus.benchmark.GaugeBenchmark.prometheusGaugeIncBenchmark,f1cefe6384d35216af98913761003738b5b5a38a)",0,0,0,0,0,0,0,0,0,0,0,0,0,0,0,0,0,0,
"(io.prometheus.benchmark.CounterBenchmark.prometheusSimpleCounterIncBenchmark,f1cefe6384d35216af98913761003738b5b5a38a)",0,0,0,0,0,0,0,0,0,0,0,0,0,0,0,0,0,0,
"(io.prometheus.benchmark.SummaryBenchmark.prometheusSimpleSummaryNoLabelsBenchmark,f1cefe6384d35216af98913761003738b5b5a38a)",0,0,0,0,0,0,0,0,0,0,0,0,0,0,0,0,0,0,
"(io.prometheus.benchmark.GaugeBenchmark.prometheusSimpleGaugeNoLabelsDecBenchmark,f1cefe6384d35216af98913761003738b5b5a38a)",0,0,0,0,0,0,0,0,0,0,0,0,0,0,0,0,0,0,
"(io.prometheus.benchmark.GaugeBenchmark.codahaleCounterDecBenchmark,f1cefe6384d35216af98913761003738b5b5a38a)",0,0,0,0,0,0,0,0,0,0,0,0,0,0,0,0,0,0,
"(io.prometheus.benchmark.CounterBenchmark.codahaleCounterIncBenchmark,f1cefe6384d35216af98913761003738b5b5a38a)",0,0,0,0,0,0,0,0,0,0,0,0,0,0,0,0,0,0,
"(io.prometheus.benchmark.GaugeBenchmark.prometheusGaugeSetBenchmark,f1cefe6384d35216af98913761003738b5b5a38a)",0,0,0,0,0,0,0,0,0,0,0,0,0,0,0,0,0,0,
"(io.prometheus.benchmark.GaugeBenchmark.prometheusGaugeDecBenchmark,f1cefe6384d35216af98913761003738b5b5a38a)",0,0,0,0,0,0,0,0,0,0,0,0,0,0,0,0,0,0,
"(io.prometheus.benchmark.SummaryBenchmark.prometheusSimpleSummaryBenchmark,f1cefe6384d35216af98913761003738b5b5a38a)",0,0,0,0,0,0,0,0,0,0,0,0,0,0,0,0,0,0,
"(io.prometheus.benchmark.CounterBenchmark.prometheusSimpleCounterNoLabelsIncBenchmark,f1cefe6384d35216af98913761003738b5b5a38a)",0,0,0,0,0,0,0,0,0,0,0,0,0,0,0,0,0,0,
"(io.prometheus.benchmark.CounterBenchmark.prometheusSimpleCounterChildIncBenchmark,f1cefe6384d35216af98913761003738b5b5a38a)",0,0,0,0,0,0,0,0,0,0,0,0,0,0,0,0,0,0,
"(io.prometheus.benchmark.GaugeBenchmark.prometheusGaugeChildIncBenchmark,f1cefe6384d35216af98913761003738b5b5a38a)",0,0,0,0,0,0,0,0,0,0,0,0,0,0,0,0,0,0,
"(io.prometheus.benchmark.SummaryBenchmark.prometheusSimpleHistogramNoLabelsBenchmark,f1cefe6384d35216af98913761003738b5b5a38a)",0,0,0,0,0,0,0,0,0,0,0,0,0,0,0,0,0,0,
"(io.prometheus.benchmark.GaugeBenchmark.prometheusSimpleGaugeIncBenchmark,f1cefe6384d35216af98913761003738b5b5a38a)",0,0,0,0,0,0,0,0,0,0,0,0,0,0,0,0,0,0,
"(io.prometheus.benchmark.CounterBenchmark.prometheusCounterChildIncBenchmark,f1cefe6384d35216af98913761003738b5b5a38a)",0,0,0,0,0,0,0,0,0,0,0,0,0,0,0,0,0,0,
"(io.prometheus.benchmark.GaugeBenchmark.prometheusSimpleGaugeDecBenchmark,f1cefe6384d35216af98913761003738b5b5a38a)",0,0,0,0,0,0,0,0,0,0,0,0,0,0,0,0,0,0,
"(io.prometheus.benchmark.GaugeBenchmark.prometheusSimpleGaugeNoLabelsSetBenchmark,f1cefe6384d35216af98913761003738b5b5a38a)",0,0,0,0,0,0,0,0,0,0,0,0,0,0,0,0,0,0,
"(io.prometheus.benchmark.GaugeBenchmark.prometheusSimpleGaugeChildIncBenchmark,f1cefe6384d35216af98913761003738b5b5a38a)",0,0,0,0,0,0,0,0,0,0,0,0,0,0,0,0,0,0,
"(io.prometheus.benchmark.CounterBenchmark.prometheusCounterIncBenchmark,f1cefe6384d35216af98913761003738b5b5a38a)",0,0,0,0,0,0,0,0,0,0,0,0,0,0,0,0,0,0,
"(io.prometheus.benchmark.GaugeBenchmark.prometheusSimpleGaugeSetBenchmark,f1cefe6384d35216af98913761003738b5b5a38a)",0,0,0,0,0,0,0,0,0,0,0,0,0,0,0,0,0,0,
"(io.prometheus.benchmark.GaugeBenchmark.prometheusGaugeChildSetBenchmark,fc2bfaf21eb7740525e0d9c0d1054110e23406c2)",0,0,0,0,0,0,0,0,0,0,0,0,0,0,0,0,0,0,
"(io.prometheus.benchmark.GaugeBenchmark.prometheusSimpleGaugeNoLabelsIncBenchmark,fc2bfaf21eb7740525e0d9c0d1054110e23406c2)",0,0,0,0,0,0,0,0,0,0,0,0,0,0,0,0,0,0,
"(io.prometheus.benchmark.SummaryBenchmark.prometheusSimpleHistogramBenchmark,fc2bfaf21eb7740525e0d9c0d1054110e23406c2)",0,0,0,0,0,0,0,0,0,0,0,0,0,0,0,0,0,0,
"(io.prometheus.benchmark.SummaryBenchmark.prometheusSummaryBenchmark,fc2bfaf21eb7740525e0d9c0d1054110e23406c2)",0,0,0,0,0,0,0,0,0,0,0,0,0,0,0,0,0,0,
"(io.prometheus.benchmark.GaugeBenchmark.prometheusSimpleGaugeChildSetBenchmark,fc2bfaf21eb7740525e0d9c0d1054110e23406c2)",0,0,0,0,0,0,0,0,0,0,0,0,0,0,0,0,0,0,
"(io.prometheus.benchmark.SummaryBenchmark.prometheusSimpleSummaryChildBenchmark,fc2bfaf21eb7740525e0d9c0d1054110e23406c2)",0,0,0,0,0,0,0,0,0,0,0,0,0,0,0,0,0,0,
"(io.prometheus.benchmark.GaugeBenchmark.prometheusGaugeChildDecBenchmark,fc2bfaf21eb7740525e0d9c0d1054110e23406c2)",0,0,0,0,0,0,0,0,0,0,0,0,0,0,0,0,0,0,
"(io.prometheus.benchmark.GaugeBenchmark.codahaleCounterIncBenchmark,fc2bfaf21eb7740525e0d9c0d1054110e23406c2)",0,0,0,0,0,0,0,0,0,0,0,0,0,0,0,0,0,0,
"(io.prometheus.benchmark.CounterBenchmark.codahaleMeterMarkBenchmark,fc2bfaf21eb7740525e0d9c0d1054110e23406c2)",0,0,0,0,0,0,0,0,0,0,0,0,0,0,0,0,0,0,
"(io.prometheus.benchmark.SummaryBenchmark.prometheusSimpleHistogramChildBenchmark,fc2bfaf21eb7740525e0d9c0d1054110e23406c2)",0,0,0,0,0,0,0,0,0,0,0,0,0,0,0,0,0,0,
"(io.prometheus.benchmark.SummaryBenchmark.codahaleHistogramBenchmark,fc2bfaf21eb7740525e0d9c0d1054110e23406c2)",0,0,0,0,0,0,0,0,0,0,0,0,0,0,0,0,0,0,
"(io.prometheus.benchmark.GaugeBenchmark.prometheusSimpleGaugeChildDecBenchmark,fc2bfaf21eb7740525e0d9c0d1054110e23406c2)",0,0,0,0,0,0,0,0,0,0,0,0,0,0,0,0,0,0,
"(io.prometheus.benchmark.SummaryBenchmark.prometheusSummaryChildBenchmark,fc2bfaf21eb7740525e0d9c0d1054110e23406c2)",0,0,0,0,0,0,0,0,0,0,0,0,0,0,0,0,0,0,
"(io.prometheus.benchmark.GaugeBenchmark.prometheusGaugeIncBenchmark,fc2bfaf21eb7740525e0d9c0d1054110e23406c2)",0,0,0,0,0,0,0,0,0,0,0,0,0,0,0,0,0,0,
"(io.prometheus.benchmark.CounterBenchmark.prometheusSimpleCounterIncBenchmark,fc2bfaf21eb7740525e0d9c0d1054110e23406c2)",0,0,0,0,0,0,0,0,0,0,0,0,0,0,0,0,0,0,
"(io.prometheus.benchmark.SummaryBenchmark.prometheusSimpleSummaryNoLabelsBenchmark,fc2bfaf21eb7740525e0d9c0d1054110e23406c2)",0,0,0,0,0,0,0,0,0,0,0,0,0,0,0,0,0,0,
"(io.prometheus.benchmark.GaugeBenchmark.prometheusSimpleGaugeNoLabelsDecBenchmark,fc2bfaf21eb7740525e0d9c0d1054110e23406c2)",0,0,0,0,0,0,0,0,0,0,0,0,0,0,0,0,0,0,
"(io.prometheus.benchmark.GaugeBenchmark.codahaleCounterDecBenchmark,fc2bfaf21eb7740525e0d9c0d1054110e23406c2)",0,0,0,0,0,0,0,0,0,0,0,0,0,0,0,0,0,0,
"(io.prometheus.benchmark.CounterBenchmark.codahaleCounterIncBenchmark,fc2bfaf21eb7740525e0d9c0d1054110e23406c2)",0,0,0,0,0,0,0,0,0,0,0,0,0,0,0,0,0,0,
"(io.prometheus.benchmark.GaugeBenchmark.prometheusGaugeSetBenchmark,fc2bfaf21eb7740525e0d9c0d1054110e23406c2)",0,0,0,0,0,0,0,0,0,0,0,0,0,0,0,0,0,0,
"(io.prometheus.benchmark.GaugeBenchmark.prometheusGaugeDecBenchmark,fc2bfaf21eb7740525e0d9c0d1054110e23406c2)",0,0,0,0,0,0,0,0,0,0,0,0,0,0,0,0,0,0,
"(io.prometheus.benchmark.SummaryBenchmark.prometheusSimpleSummaryBenchmark,fc2bfaf21eb7740525e0d9c0d1054110e23406c2)",0,0,0,0,0,0,0,0,0,0,0,0,0,0,0,0,0,0,
"(io.prometheus.benchmark.CounterBenchmark.prometheusSimpleCounterNoLabelsIncBenchmark,fc2bfaf21eb7740525e0d9c0d1054110e23406c2)",0,0,0,0,0,0,0,0,0,0,0,0,0,0,0,0,0,0,
"(io.prometheus.benchmark.CounterBenchmark.prometheusSimpleCounterChildIncBenchmark,fc2bfaf21eb7740525e0d9c0d1054110e23406c2)",0,0,0,0,0,0,0,0,0,0,0,0,0,0,0,0,0,0,
"(io.prometheus.benchmark.GaugeBenchmark.prometheusGaugeChildIncBenchmark,fc2bfaf21eb7740525e0d9c0d1054110e23406c2)",0,0,0,0,0,0,0,0,0,0,0,0,0,0,0,0,0,0,
"(io.prometheus.benchmark.SummaryBenchmark.prometheusSimpleHistogramNoLabelsBenchmark,fc2bfaf21eb7740525e0d9c0d1054110e23406c2)",0,0,0,0,0,0,0,0,0,0,0,0,0,0,0,0,0,0,
"(io.prometheus.benchmark.GaugeBenchmark.prometheusSimpleGaugeIncBenchmark,fc2bfaf21eb7740525e0d9c0d1054110e23406c2)",0,0,0,0,0,0,0,0,0,0,0,0,0,0,0,0,0,0,
"(io.prometheus.benchmark.CounterBenchmark.prometheusCounterChildIncBenchmark,fc2bfaf21eb7740525e0d9c0d1054110e23406c2)",0,0,0,0,0,0,0,0,0,0,0,0,0,0,0,0,0,0,
"(io.prometheus.benchmark.GaugeBenchmark.prometheusSimpleGaugeDecBenchmark,fc2bfaf21eb7740525e0d9c0d1054110e23406c2)",0,0,0,0,0,0,0,0,0,0,0,0,0,0,0,0,0,0,
"(io.prometheus.benchmark.GaugeBenchmark.prometheusSimpleGaugeNoLabelsSetBenchmark,fc2bfaf21eb7740525e0d9c0d1054110e23406c2)",0,0,0,0,0,0,0,0,0,0,0,0,0,0,0,0,0,0,
"(io.prometheus.benchmark.GaugeBenchmark.prometheusSimpleGaugeChildIncBenchmark,fc2bfaf21eb7740525e0d9c0d1054110e23406c2)",0,0,0,0,0,0,0,0,0,0,0,0,0,0,0,0,0,0,
"(io.prometheus.benchmark.CounterBenchmark.prometheusCounterIncBenchmark,fc2bfaf21eb7740525e0d9c0d1054110e23406c2)",0,0,0,0,0,0,0,0,0,0,0,0,0,0,0,0,0,0,
"(io.prometheus.benchmark.GaugeBenchmark.prometheusSimpleGaugeSetBenchmark,fc2bfaf21eb7740525e0d9c0d1054110e23406c2)",0,0,0,0,0,0,0,0,0,0,0,0,0,0,0,0,0,0,
"(io.prometheus.benchmark.GaugeBenchmark.prometheusGaugeChildSetBenchmark,ba220f75c8d4ced25b4a18cbb92abb61e6fc626e)",0,0,0,0,0,0,0,0,0,0,0,0,0,0,0,0,0,0,
"(io.prometheus.benchmark.GaugeBenchmark.prometheusSimpleGaugeNoLabelsIncBenchmark,ba220f75c8d4ced25b4a18cbb92abb61e6fc626e)",0,0,0,0,0,0,0,0,0,0,0,0,0,0,0,0,0,0,
"(io.prometheus.benchmark.SummaryBenchmark.prometheusSimpleHistogramBenchmark,ba220f75c8d4ced25b4a18cbb92abb61e6fc626e)",0,0,0,0,0,0,0,0,0,0,0,0,0,0,0,0,0,0,
"(io.prometheus.benchmark.SummaryBenchmark.prometheusSummaryBenchmark,ba220f75c8d4ced25b4a18cbb92abb61e6fc626e)",0,0,0,0,0,0,0,0,0,0,0,0,0,0,0,0,0,0,
"(io.prometheus.benchmark.GaugeBenchmark.prometheusSimpleGaugeChildSetBenchmark,ba220f75c8d4ced25b4a18cbb92abb61e6fc626e)",0,0,0,0,0,0,0,0,0,0,0,0,0,0,0,0,0,0,
"(io.prometheus.benchmark.SummaryBenchmark.prometheusSimpleSummaryChildBenchmark,ba220f75c8d4ced25b4a18cbb92abb61e6fc626e)",0,0,0,0,0,0,0,0,0,0,0,0,0,0,0,0,0,0,
"(io.prometheus.benchmark.GaugeBenchmark.prometheusGaugeChildDecBenchmark,ba220f75c8d4ced25b4a18cbb92abb61e6fc626e)",0,0,0,0,0,0,0,0,0,0,0,0,0,0,0,0,0,0,
"(io.prometheus.benchmark.GaugeBenchmark.codahaleCounterIncBenchmark,ba220f75c8d4ced25b4a18cbb92abb61e6fc626e)",0,0,0,0,0,0,0,0,0,0,0,0,0,0,0,0,0,0,
"(io.prometheus.benchmark.CounterBenchmark.codahaleMeterMarkBenchmark,ba220f75c8d4ced25b4a18cbb92abb61e6fc626e)",0,0,0,0,0,0,0,0,0,0,0,0,0,0,0,0,0,0,
"(io.prometheus.benchmark.SummaryBenchmark.prometheusSimpleHistogramChildBenchmark,ba220f75c8d4ced25b4a18cbb92abb61e6fc626e)",0,0,0,0,0,0,0,0,0,0,0,0,0,0,0,0,0,0,
"(io.prometheus.benchmark.SummaryBenchmark.codahaleHistogramBenchmark,ba220f75c8d4ced25b4a18cbb92abb61e6fc626e)",0,0,0,0,0,0,0,0,0,0,0,0,0,0,0,0,0,0,
"(io.prometheus.benchmark.GaugeBenchmark.prometheusSimpleGaugeChildDecBenchmark,ba220f75c8d4ced25b4a18cbb92abb61e6fc626e)",0,0,0,0,0,0,0,0,0,0,0,0,0,0,0,0,0,0,
"(io.prometheus.benchmark.SummaryBenchmark.prometheusSummaryChildBenchmark,ba220f75c8d4ced25b4a18cbb92abb61e6fc626e)",0,0,0,0,0,0,0,0,0,0,0,0,0,0,0,0,0,0,
"(io.prometheus.benchmark.GaugeBenchmark.prometheusGaugeIncBenchmark,ba220f75c8d4ced25b4a18cbb92abb61e6fc626e)",0,0,0,0,0,0,0,0,0,0,0,0,0,0,0,0,0,0,
"(io.prometheus.benchmark.CounterBenchmark.prometheusSimpleCounterIncBenchmark,ba220f75c8d4ced25b4a18cbb92abb61e6fc626e)",0,0,0,0,0,0,0,0,0,0,0,0,0,0,0,0,0,0,
"(io.prometheus.benchmark.SummaryBenchmark.prometheusSimpleSummaryNoLabelsBenchmark,ba220f75c8d4ced25b4a18cbb92abb61e6fc626e)",0,0,0,0,0,0,0,0,0,0,0,0,0,0,0,0,0,0,
"(io.prometheus.benchmark.GaugeBenchmark.prometheusSimpleGaugeNoLabelsDecBenchmark,ba220f75c8d4ced25b4a18cbb92abb61e6fc626e)",0,0,0,0,0,0,0,0,0,0,0,0,0,0,0,0,0,0,
"(io.prometheus.benchmark.GaugeBenchmark.codahaleCounterDecBenchmark,ba220f75c8d4ced25b4a18cbb92abb61e6fc626e)",0,0,0,0,0,0,0,0,0,0,0,0,0,0,0,0,0,0,
"(io.prometheus.benchmark.CounterBenchmark.codahaleCounterIncBenchmark,ba220f75c8d4ced25b4a18cbb92abb61e6fc626e)",0,0,0,0,0,0,0,0,0,0,0,0,0,0,0,0,0,0,
"(io.prometheus.benchmark.GaugeBenchmark.prometheusGaugeSetBenchmark,ba220f75c8d4ced25b4a18cbb92abb61e6fc626e)",0,0,0,0,0,0,0,0,0,0,0,0,0,0,0,0,0,0,
"(io.prometheus.benchmark.GaugeBenchmark.prometheusGaugeDecBenchmark,ba220f75c8d4ced25b4a18cbb92abb61e6fc626e)",0,0,0,0,0,0,0,0,0,0,0,0,0,0,0,0,0,0,
"(io.prometheus.benchmark.SummaryBenchmark.prometheusSimpleSummaryBenchmark,ba220f75c8d4ced25b4a18cbb92abb61e6fc626e)",0,0,0,0,0,0,0,0,0,0,0,0,0,0,0,0,0,0,
"(io.prometheus.benchmark.CounterBenchmark.prometheusSimpleCounterNoLabelsIncBenchmark,ba220f75c8d4ced25b4a18cbb92abb61e6fc626e)",0,0,0,0,0,0,0,0,0,0,0,0,0,0,0,0,0,0,
"(io.prometheus.benchmark.CounterBenchmark.prometheusSimpleCounterChildIncBenchmark,ba220f75c8d4ced25b4a18cbb92abb61e6fc626e)",0,0,0,0,0,0,0,0,0,0,0,0,0,0,0,0,0,0,
"(io.prometheus.benchmark.GaugeBenchmark.prometheusGaugeChildIncBenchmark,ba220f75c8d4ced25b4a18cbb92abb61e6fc626e)",0,0,0,0,0,0,0,0,0,0,0,0,0,0,0,0,0,0,
"(io.prometheus.benchmark.SummaryBenchmark.prometheusSimpleHistogramNoLabelsBenchmark,ba220f75c8d4ced25b4a18cbb92abb61e6fc626e)",0,0,0,0,0,0,0,0,0,0,0,0,0,0,0,0,0,0,
"(io.prometheus.benchmark.GaugeBenchmark.prometheusSimpleGaugeIncBenchmark,ba220f75c8d4ced25b4a18cbb92abb61e6fc626e)",0,0,0,0,0,0,0,0,0,0,0,0,0,0,0,0,0,0,
"(io.prometheus.benchmark.CounterBenchmark.prometheusCounterChildIncBenchmark,ba220f75c8d4ced25b4a18cbb92abb61e6fc626e)",0,0,0,0,0,0,0,0,0,0,0,0,0,0,0,0,0,0,
"(io.prometheus.benchmark.GaugeBenchmark.prometheusSimpleGaugeDecBenchmark,ba220f75c8d4ced25b4a18cbb92abb61e6fc626e)",0,0,0,0,0,0,0,0,0,0,0,0,0,0,0,0,0,0,
"(io.prometheus.benchmark.GaugeBenchmark.prometheusSimpleGaugeNoLabelsSetBenchmark,ba220f75c8d4ced25b4a18cbb92abb61e6fc626e)",0,0,0,0,0,0,0,0,0,0,0,0,0,0,0,0,0,0,
"(io.prometheus.benchmark.GaugeBenchmark.prometheusSimpleGaugeChildIncBenchmark,ba220f75c8d4ced25b4a18cbb92abb61e6fc626e)",0,0,0,0,0,0,0,0,0,0,0,0,0,0,0,0,0,0,
"(io.prometheus.benchmark.CounterBenchmark.prometheusCounterIncBenchmark,ba220f75c8d4ced25b4a18cbb92abb61e6fc626e)",0,0,0,0,0,0,0,0,0,0,0,0,0,0,0,0,0,0,
"(io.prometheus.benchmark.GaugeBenchmark.prometheusSimpleGaugeSetBenchmark,ba220f75c8d4ced25b4a18cbb92abb61e6fc626e)",0,0,0,0,0,0,0,0,0,0,0,0,0,0,0,0,0,0,
"(io.prometheus.benchmark.GaugeBenchmark.prometheusGaugeChildSetBenchmark,b49b8a9fda742ac263357c08478f2b9f7cef2106)",0,0,0,0,0,0,0,0,0,0,0,0,0,0,0,0,0,0,
"(io.prometheus.benchmark.GaugeBenchmark.prometheusSimpleGaugeNoLabelsIncBenchmark,b49b8a9fda742ac263357c08478f2b9f7cef2106)",0,0,0,0,0,0,0,0,0,0,0,0,0,0,0,0,0,0,
"(io.prometheus.benchmark.SummaryBenchmark.prometheusSimpleHistogramBenchmark,b49b8a9fda742ac263357c08478f2b9f7cef2106)",0,0,0,0,0,0,0,0,0,0,0,0,0,0,0,0,0,0,
"(io.prometheus.benchmark.SummaryBenchmark.prometheusSummaryBenchmark,b49b8a9fda742ac263357c08478f2b9f7cef2106)",0,0,0,0,0,0,0,0,0,0,0,0,0,0,0,0,0,0,
"(io.prometheus.benchmark.GaugeBenchmark.prometheusSimpleGaugeChildSetBenchmark,b49b8a9fda742ac263357c08478f2b9f7cef2106)",0,0,0,0,0,0,0,0,0,0,0,0,0,0,0,0,0,0,
"(io.prometheus.benchmark.SummaryBenchmark.prometheusSimpleSummaryChildBenchmark,b49b8a9fda742ac263357c08478f2b9f7cef2106)",0,0,0,0,0,0,0,0,0,0,0,0,0,0,0,0,0,0,
"(io.prometheus.benchmark.GaugeBenchmark.prometheusGaugeChildDecBenchmark,b49b8a9fda742ac263357c08478f2b9f7cef2106)",0,0,0,0,0,0,0,0,0,0,0,0,0,0,0,0,0,0,
"(io.prometheus.benchmark.GaugeBenchmark.codahaleCounterIncBenchmark,b49b8a9fda742ac263357c08478f2b9f7cef2106)",0,0,0,0,0,0,0,0,0,0,0,0,0,0,0,0,0,0,
"(io.prometheus.benchmark.CounterBenchmark.codahaleMeterMarkBenchmark,b49b8a9fda742ac263357c08478f2b9f7cef2106)",0,0,0,0,0,0,0,0,0,0,0,0,0,0,0,0,0,0,
"(io.prometheus.benchmark.SummaryBenchmark.prometheusSimpleHistogramChildBenchmark,b49b8a9fda742ac263357c08478f2b9f7cef2106)",0,0,0,0,0,0,0,0,0,0,0,0,0,0,0,0,0,0,
"(io.prometheus.benchmark.SummaryBenchmark.codahaleHistogramBenchmark,b49b8a9fda742ac263357c08478f2b9f7cef2106)",0,0,0,0,0,0,0,0,0,0,0,0,0,0,0,0,0,0,
"(io.prometheus.benchmark.GaugeBenchmark.prometheusSimpleGaugeChildDecBenchmark,b49b8a9fda742ac263357c08478f2b9f7cef2106)",0,0,0,0,0,0,0,0,0,0,0,0,0,0,0,0,0,0,
"(io.prometheus.benchmark.SummaryBenchmark.prometheusSummaryChildBenchmark,b49b8a9fda742ac263357c08478f2b9f7cef2106)",0,0,0,0,0,0,0,0,0,0,0,0,0,0,0,0,0,0,
"(io.prometheus.benchmark.GaugeBenchmark.prometheusGaugeIncBenchmark,b49b8a9fda742ac263357c08478f2b9f7cef2106)",0,0,0,0,0,0,0,0,0,0,0,0,0,0,0,0,0,0,
"(io.prometheus.benchmark.CounterBenchmark.prometheusSimpleCounterIncBenchmark,b49b8a9fda742ac263357c08478f2b9f7cef2106)",0,0,0,0,0,0,0,0,0,0,0,0,0,0,0,0,0,0,
"(io.prometheus.benchmark.SummaryBenchmark.prometheusSimpleSummaryNoLabelsBenchmark,b49b8a9fda742ac263357c08478f2b9f7cef2106)",0,0,0,0,0,0,0,0,0,0,0,0,0,0,0,0,0,0,
"(io.prometheus.benchmark.GaugeBenchmark.prometheusSimpleGaugeNoLabelsDecBenchmark,b49b8a9fda742ac263357c08478f2b9f7cef2106)",0,0,0,0,0,0,0,0,0,0,0,0,0,0,0,0,0,0,
"(io.prometheus.benchmark.GaugeBenchmark.codahaleCounterDecBenchmark,b49b8a9fda742ac263357c08478f2b9f7cef2106)",0,0,0,0,0,0,0,0,0,0,0,0,0,0,0,0,0,0,
"(io.prometheus.benchmark.CounterBenchmark.codahaleCounterIncBenchmark,b49b8a9fda742ac263357c08478f2b9f7cef2106)",0,0,0,0,0,0,0,0,0,0,0,0,0,0,0,0,0,0,
"(io.prometheus.benchmark.GaugeBenchmark.prometheusGaugeSetBenchmark,b49b8a9fda742ac263357c08478f2b9f7cef2106)",0,0,0,0,0,0,0,0,0,0,0,0,0,0,0,0,0,0,
"(io.prometheus.benchmark.GaugeBenchmark.prometheusGaugeDecBenchmark,b49b8a9fda742ac263357c08478f2b9f7cef2106)",0,0,0,0,0,0,0,0,0,0,0,0,0,0,0,0,0,0,
"(io.prometheus.benchmark.SummaryBenchmark.prometheusSimpleSummaryBenchmark,b49b8a9fda742ac263357c08478f2b9f7cef2106)",0,0,0,0,0,0,0,0,0,0,0,0,0,0,0,0,0,0,
"(io.prometheus.benchmark.CounterBenchmark.prometheusSimpleCounterNoLabelsIncBenchmark,b49b8a9fda742ac263357c08478f2b9f7cef2106)",0,0,0,0,0,0,0,0,0,0,0,0,0,0,0,0,0,0,
"(io.prometheus.benchmark.CounterBenchmark.prometheusSimpleCounterChildIncBenchmark,b49b8a9fda742ac263357c08478f2b9f7cef2106)",0,0,0,0,0,0,0,0,0,0,0,0,0,0,0,0,0,0,
"(io.prometheus.benchmark.GaugeBenchmark.prometheusGaugeChildIncBenchmark,b49b8a9fda742ac263357c08478f2b9f7cef2106)",0,0,0,0,0,0,0,0,0,0,0,0,0,0,0,0,0,0,
"(io.prometheus.benchmark.SummaryBenchmark.prometheusSimpleHistogramNoLabelsBenchmark,b49b8a9fda742ac263357c08478f2b9f7cef2106)",0,0,0,0,0,0,0,0,0,0,0,0,0,0,0,0,0,0,
"(io.prometheus.benchmark.GaugeBenchmark.prometheusSimpleGaugeIncBenchmark,b49b8a9fda742ac263357c08478f2b9f7cef2106)",0,0,0,0,0,0,0,0,0,0,0,0,0,0,0,0,0,0,
"(io.prometheus.benchmark.CounterBenchmark.prometheusCounterChildIncBenchmark,b49b8a9fda742ac263357c08478f2b9f7cef2106)",0,0,0,0,0,0,0,0,0,0,0,0,0,0,0,0,0,0,
"(io.prometheus.benchmark.GaugeBenchmark.prometheusSimpleGaugeDecBenchmark,b49b8a9fda742ac263357c08478f2b9f7cef2106)",0,0,0,0,0,0,0,0,0,0,0,0,0,0,0,0,0,0,
"(io.prometheus.benchmark.GaugeBenchmark.prometheusSimpleGaugeNoLabelsSetBenchmark,b49b8a9fda742ac263357c08478f2b9f7cef2106)",0,0,0,0,0,0,0,0,0,0,0,0,0,0,0,0,0,0,
"(io.prometheus.benchmark.GaugeBenchmark.prometheusSimpleGaugeChildIncBenchmark,b49b8a9fda742ac263357c08478f2b9f7cef2106)",0,0,0,0,0,0,0,0,0,0,0,0,0,0,0,0,0,0,
"(io.prometheus.benchmark.CounterBenchmark.prometheusCounterIncBenchmark,b49b8a9fda742ac263357c08478f2b9f7cef2106)",0,0,0,0,0,0,0,0,0,0,0,0,0,0,0,0,0,0,
"(io.prometheus.benchmark.GaugeBenchmark.prometheusSimpleGaugeSetBenchmark,b49b8a9fda742ac263357c08478f2b9f7cef2106)",0,0,0,0,0,0,0,0,0,0,0,0,0,0,0,0,0,0,
"(io.prometheus.benchmark.GaugeBenchmark.prometheusGaugeChildSetBenchmark,c3dc1f2506108761414309210c3a98e775e331a4)",0,0,0,0,0,0,0,0,0,0,0,0,0,0,0,0,0,0,
"(io.prometheus.benchmark.GaugeBenchmark.prometheusSimpleGaugeNoLabelsIncBenchmark,c3dc1f2506108761414309210c3a98e775e331a4)",0,0,0,0,0,0,0,0,0,0,0,0,0,0,0,0,0,0,
"(io.prometheus.benchmark.SummaryBenchmark.prometheusSimpleHistogramBenchmark,c3dc1f2506108761414309210c3a98e775e331a4)",0,0,0,0,0,0,0,0,0,0,0,0,0,0,0,0,0,0,
"(io.prometheus.benchmark.SummaryBenchmark.prometheusSummaryBenchmark,c3dc1f2506108761414309210c3a98e775e331a4)",0,0,0,0,0,0,0,0,0,0,0,0,0,0,0,0,0,0,
"(io.prometheus.benchmark.GaugeBenchmark.prometheusSimpleGaugeChildSetBenchmark,c3dc1f2506108761414309210c3a98e775e331a4)",0,0,0,0,0,0,0,0,0,0,0,0,0,0,0,0,0,0,
"(io.prometheus.benchmark.SummaryBenchmark.prometheusSimpleSummaryChildBenchmark,c3dc1f2506108761414309210c3a98e775e331a4)",0,0,0,0,0,0,0,0,0,0,0,0,0,0,0,0,0,0,
"(io.prometheus.benchmark.GaugeBenchmark.prometheusGaugeChildDecBenchmark,c3dc1f2506108761414309210c3a98e775e331a4)",0,0,0,0,0,0,0,0,0,0,0,0,0,0,0,0,0,0,
"(io.prometheus.benchmark.GaugeBenchmark.codahaleCounterIncBenchmark,c3dc1f2506108761414309210c3a98e775e331a4)",0,0,0,0,0,0,0,0,0,0,0,0,0,0,0,0,0,0,
"(io.prometheus.benchmark.CounterBenchmark.codahaleMeterMarkBenchmark,c3dc1f2506108761414309210c3a98e775e331a4)",0,0,0,0,0,0,0,0,0,0,0,0,0,0,0,0,0,0,
"(io.prometheus.benchmark.SummaryBenchmark.prometheusSimpleHistogramChildBenchmark,c3dc1f2506108761414309210c3a98e775e331a4)",0,0,0,0,0,0,0,0,0,0,0,0,0,0,0,0,0,0,
"(io.prometheus.benchmark.SummaryBenchmark.codahaleHistogramBenchmark,c3dc1f2506108761414309210c3a98e775e331a4)",0,0,0,0,0,0,0,0,0,0,0,0,0,0,0,0,0,0,
"(io.prometheus.benchmark.GaugeBenchmark.prometheusSimpleGaugeChildDecBenchmark,c3dc1f2506108761414309210c3a98e775e331a4)",0,0,0,0,0,0,0,0,0,0,0,0,0,0,0,0,0,0,
"(io.prometheus.benchmark.SummaryBenchmark.prometheusSummaryChildBenchmark,c3dc1f2506108761414309210c3a98e775e331a4)",0,0,0,0,0,0,0,0,0,0,0,0,0,0,0,0,0,0,
"(io.prometheus.benchmark.GaugeBenchmark.prometheusGaugeIncBenchmark,c3dc1f2506108761414309210c3a98e775e331a4)",0,0,0,0,0,0,0,0,0,0,0,0,0,0,0,0,0,0,
"(io.prometheus.benchmark.CounterBenchmark.prometheusSimpleCounterIncBenchmark,c3dc1f2506108761414309210c3a98e775e331a4)",0,0,0,0,0,0,0,0,0,0,0,0,0,0,0,0,0,0,
"(io.prometheus.benchmark.SummaryBenchmark.prometheusSimpleSummaryNoLabelsBenchmark,c3dc1f2506108761414309210c3a98e775e331a4)",0,0,0,0,0,0,0,0,0,0,0,0,0,0,0,0,0,0,
"(io.prometheus.benchmark.GaugeBenchmark.prometheusSimpleGaugeNoLabelsDecBenchmark,c3dc1f2506108761414309210c3a98e775e331a4)",0,0,0,0,0,0,0,0,0,0,0,0,0,0,0,0,0,0,
"(io.prometheus.benchmark.GaugeBenchmark.codahaleCounterDecBenchmark,c3dc1f2506108761414309210c3a98e775e331a4)",0,0,0,0,0,0,0,0,0,0,0,0,0,0,0,0,0,0,
"(io.prometheus.benchmark.CounterBenchmark.codahaleCounterIncBenchmark,c3dc1f2506108761414309210c3a98e775e331a4)",0,0,0,0,0,0,0,0,0,0,0,0,0,0,0,0,0,0,
"(io.prometheus.benchmark.GaugeBenchmark.prometheusGaugeSetBenchmark,c3dc1f2506108761414309210c3a98e775e331a4)",0,0,0,0,0,0,0,0,0,0,0,0,0,0,0,0,0,0,
"(io.prometheus.benchmark.GaugeBenchmark.prometheusGaugeDecBenchmark,c3dc1f2506108761414309210c3a98e775e331a4)",0,0,0,0,0,0,0,0,0,0,0,0,0,0,0,0,0,0,
"(io.prometheus.benchmark.SummaryBenchmark.prometheusSimpleSummaryBenchmark,c3dc1f2506108761414309210c3a98e775e331a4)",0,0,0,0,0,0,0,0,0,0,0,0,0,0,0,0,0,0,
"(io.prometheus.benchmark.CounterBenchmark.prometheusSimpleCounterNoLabelsIncBenchmark,c3dc1f2506108761414309210c3a98e775e331a4)",0,0,0,0,0,0,0,0,0,0,0,0,0,0,0,0,0,0,
"(io.prometheus.benchmark.CounterBenchmark.prometheusSimpleCounterChildIncBenchmark,c3dc1f2506108761414309210c3a98e775e331a4)",0,0,0,0,0,0,0,0,0,0,0,0,0,0,0,0,0,0,
"(io.prometheus.benchmark.GaugeBenchmark.prometheusGaugeChildIncBenchmark,c3dc1f2506108761414309210c3a98e775e331a4)",0,0,0,0,0,0,0,0,0,0,0,0,0,0,0,0,0,0,
"(io.prometheus.benchmark.SummaryBenchmark.prometheusSimpleHistogramNoLabelsBenchmark,c3dc1f2506108761414309210c3a98e775e331a4)",0,0,0,0,0,0,0,0,0,0,0,0,0,0,0,0,0,0,
"(io.prometheus.benchmark.GaugeBenchmark.prometheusSimpleGaugeIncBenchmark,c3dc1f2506108761414309210c3a98e775e331a4)",0,0,0,0,0,0,0,0,0,0,0,0,0,0,0,0,0,0,
"(io.prometheus.benchmark.CounterBenchmark.prometheusCounterChildIncBenchmark,c3dc1f2506108761414309210c3a98e775e331a4)",0,0,0,0,0,0,0,0,0,0,0,0,0,0,0,0,0,0,
"(io.prometheus.benchmark.GaugeBenchmark.prometheusSimpleGaugeDecBenchmark,c3dc1f2506108761414309210c3a98e775e331a4)",0,0,0,0,0,0,0,0,0,0,0,0,0,0,0,0,0,0,
"(io.prometheus.benchmark.GaugeBenchmark.prometheusSimpleGaugeNoLabelsSetBenchmark,c3dc1f2506108761414309210c3a98e775e331a4)",0,0,0,0,0,0,0,0,0,0,0,0,0,0,0,0,0,0,
"(io.prometheus.benchmark.GaugeBenchmark.prometheusSimpleGaugeChildIncBenchmark,c3dc1f2506108761414309210c3a98e775e331a4)",0,0,0,0,0,0,0,0,0,0,0,0,0,0,0,0,0,0,
"(io.prometheus.benchmark.CounterBenchmark.prometheusCounterIncBenchmark,c3dc1f2506108761414309210c3a98e775e331a4)",0,0,0,0,0,0,0,0,0,0,0,0,0,0,0,0,0,0,
"(io.prometheus.benchmark.GaugeBenchmark.prometheusSimpleGaugeSetBenchmark,c3dc1f2506108761414309210c3a98e775e331a4)",0,0,0,0,0,0,0,0,0,0,0,0,0,0,0,0,0,0,
"(io.prometheus.benchmark.GaugeBenchmark.prometheusGaugeChildSetBenchmark,fcde9554d759c397775298c64f99c0c169c8111b)",0,0,0,0,0,0,0,0,0,0,0,0,0,0,0,0,0,0,
"(io.prometheus.benchmark.GaugeBenchmark.prometheusSimpleGaugeNoLabelsIncBenchmark,fcde9554d759c397775298c64f99c0c169c8111b)",0,0,0,0,0,0,0,0,0,0,0,0,0,0,0,0,0,0,
"(io.prometheus.benchmark.SummaryBenchmark.prometheusSimpleHistogramBenchmark,fcde9554d759c397775298c64f99c0c169c8111b)",0,0,0,0,0,0,0,0,0,0,0,0,0,0,0,0,0,0,
"(io.prometheus.benchmark.SummaryBenchmark.prometheusSummaryBenchmark,fcde9554d759c397775298c64f99c0c169c8111b)",0,0,0,0,0,0,0,0,0,0,0,0,0,0,0,0,0,0,
"(io.prometheus.benchmark.GaugeBenchmark.prometheusSimpleGaugeChildSetBenchmark,fcde9554d759c397775298c64f99c0c169c8111b)",0,0,0,0,0,0,0,0,0,0,0,0,0,0,0,0,0,0,
"(io.prometheus.benchmark.SummaryBenchmark.prometheusSimpleSummaryChildBenchmark,fcde9554d759c397775298c64f99c0c169c8111b)",0,0,0,0,0,0,0,0,0,0,0,0,0,0,0,0,0,0,
"(io.prometheus.benchmark.GaugeBenchmark.prometheusGaugeChildDecBenchmark,fcde9554d759c397775298c64f99c0c169c8111b)",0,0,0,0,0,0,0,0,0,0,0,0,0,0,0,0,0,0,
"(io.prometheus.benchmark.GaugeBenchmark.codahaleCounterIncBenchmark,fcde9554d759c397775298c64f99c0c169c8111b)",0,0,0,0,0,0,0,0,0,0,0,0,0,0,0,0,0,0,
"(io.prometheus.benchmark.CounterBenchmark.codahaleMeterMarkBenchmark,fcde9554d759c397775298c64f99c0c169c8111b)",0,0,0,0,0,0,0,0,0,0,0,0,0,0,0,0,0,0,
"(io.prometheus.benchmark.SummaryBenchmark.prometheusSimpleHistogramChildBenchmark,fcde9554d759c397775298c64f99c0c169c8111b)",0,0,0,0,0,0,0,0,0,0,0,0,0,0,0,0,0,0,
"(io.prometheus.benchmark.SummaryBenchmark.codahaleHistogramBenchmark,fcde9554d759c397775298c64f99c0c169c8111b)",0,0,0,0,0,0,0,0,0,0,0,0,0,0,0,0,0,0,
"(io.prometheus.benchmark.GaugeBenchmark.prometheusSimpleGaugeChildDecBenchmark,fcde9554d759c397775298c64f99c0c169c8111b)",0,0,0,0,0,0,0,0,0,0,0,0,0,0,0,0,0,0,
"(io.prometheus.benchmark.SummaryBenchmark.prometheusSummaryChildBenchmark,fcde9554d759c397775298c64f99c0c169c8111b)",0,0,0,0,0,0,0,0,0,0,0,0,0,0,0,0,0,0,
"(io.prometheus.benchmark.GaugeBenchmark.prometheusGaugeIncBenchmark,fcde9554d759c397775298c64f99c0c169c8111b)",0,0,0,0,0,0,0,0,0,0,0,0,0,0,0,0,0,0,
"(io.prometheus.benchmark.CounterBenchmark.prometheusSimpleCounterIncBenchmark,fcde9554d759c397775298c64f99c0c169c8111b)",0,0,0,0,0,0,0,0,0,0,0,0,0,0,0,0,0,0,
"(io.prometheus.benchmark.SummaryBenchmark.prometheusSimpleSummaryNoLabelsBenchmark,fcde9554d759c397775298c64f99c0c169c8111b)",0,0,0,0,0,0,0,0,0,0,0,0,0,0,0,0,0,0,
"(io.prometheus.benchmark.GaugeBenchmark.prometheusSimpleGaugeNoLabelsDecBenchmark,fcde9554d759c397775298c64f99c0c169c8111b)",0,0,0,0,0,0,0,0,0,0,0,0,0,0,0,0,0,0,
"(io.prometheus.benchmark.GaugeBenchmark.codahaleCounterDecBenchmark,fcde9554d759c397775298c64f99c0c169c8111b)",0,0,0,0,0,0,0,0,0,0,0,0,0,0,0,0,0,0,
"(io.prometheus.benchmark.CounterBenchmark.codahaleCounterIncBenchmark,fcde9554d759c397775298c64f99c0c169c8111b)",0,0,0,0,0,0,0,0,0,0,0,0,0,0,0,0,0,0,
"(io.prometheus.benchmark.GaugeBenchmark.prometheusGaugeSetBenchmark,fcde9554d759c397775298c64f99c0c169c8111b)",0,0,0,0,0,0,0,0,0,0,0,0,0,0,0,0,0,0,
"(io.prometheus.benchmark.GaugeBenchmark.prometheusGaugeDecBenchmark,fcde9554d759c397775298c64f99c0c169c8111b)",0,0,0,0,0,0,0,0,0,0,0,0,0,0,0,0,0,0,
"(io.prometheus.benchmark.SummaryBenchmark.prometheusSimpleSummaryBenchmark,fcde9554d759c397775298c64f99c0c169c8111b)",0,0,0,0,0,0,0,0,0,0,0,0,0,0,0,0,0,0,
"(io.prometheus.benchmark.CounterBenchmark.prometheusSimpleCounterNoLabelsIncBenchmark,fcde9554d759c397775298c64f99c0c169c8111b)",0,0,0,0,0,0,0,0,0,0,0,0,0,0,0,0,0,0,
"(io.prometheus.benchmark.CounterBenchmark.prometheusSimpleCounterChildIncBenchmark,fcde9554d759c397775298c64f99c0c169c8111b)",0,0,0,0,0,0,0,0,0,0,0,0,0,0,0,0,0,0,
"(io.prometheus.benchmark.GaugeBenchmark.prometheusGaugeChildIncBenchmark,fcde9554d759c397775298c64f99c0c169c8111b)",0,0,0,0,0,0,0,0,0,0,0,0,0,0,0,0,0,0,
"(io.prometheus.benchmark.SummaryBenchmark.prometheusSimpleHistogramNoLabelsBenchmark,fcde9554d759c397775298c64f99c0c169c8111b)",0,0,0,0,0,0,0,0,0,0,0,0,0,0,0,0,0,0,
"(io.prometheus.benchmark.GaugeBenchmark.prometheusSimpleGaugeIncBenchmark,fcde9554d759c397775298c64f99c0c169c8111b)",0,0,0,0,0,0,0,0,0,0,0,0,0,0,0,0,0,0,
"(io.prometheus.benchmark.CounterBenchmark.prometheusCounterChildIncBenchmark,fcde9554d759c397775298c64f99c0c169c8111b)",0,0,0,0,0,0,0,0,0,0,0,0,0,0,0,0,0,0,
"(io.prometheus.benchmark.GaugeBenchmark.prometheusSimpleGaugeDecBenchmark,fcde9554d759c397775298c64f99c0c169c8111b)",0,0,0,0,0,0,0,0,0,0,0,0,0,0,0,0,0,0,
"(io.prometheus.benchmark.GaugeBenchmark.prometheusSimpleGaugeNoLabelsSetBenchmark,fcde9554d759c397775298c64f99c0c169c8111b)",0,0,0,0,0,0,0,0,0,0,0,0,0,0,0,0,0,0,
"(io.prometheus.benchmark.GaugeBenchmark.prometheusSimpleGaugeChildIncBenchmark,fcde9554d759c397775298c64f99c0c169c8111b)",0,0,0,0,0,0,0,0,0,0,0,0,0,0,0,0,0,0,
"(io.prometheus.benchmark.CounterBenchmark.prometheusCounterIncBenchmark,fcde9554d759c397775298c64f99c0c169c8111b)",0,0,0,0,0,0,0,0,0,0,0,0,0,0,0,0,0,0,
"(io.prometheus.benchmark.GaugeBenchmark.prometheusSimpleGaugeSetBenchmark,fcde9554d759c397775298c64f99c0c169c8111b)",0,0,0,0,0,0,0,0,0,0,0,0,0,0,0,0,0,0,
