"(Benchmark_method, commit)",Change Return Type,Extract And Move Method,Extract Method,Inline Method,Change Attribute Type,Move Method,Change Package,Move Class,Extract Attribute,Change Parameter Type,Change Variable Type,Extract Class,Inline Variable,Extract Variable,Move Attribute,Merge Attribute,Extract Superclass,Pull Up Method,Pull Up Attribute,Move Source Folder,Replace Variable With Attribute,sum,delta
"(org.apache.commons.csv.CSVBenchmark.parseSuperCSV,ac46f73b259412122680f217020ad473dc6e8781)",0,0,0,0,0,0,0,0,0,0,0,0,0,0,0,0,0,0,0,0,0,0,
"(org.apache.commons.csv.CSVBenchmark.parseCommonsCSV,ac46f73b259412122680f217020ad473dc6e8781)",0,0,0,0,0,0,0,0,0,0,0,0,0,0,0,0,0,0,0,0,0,0,
"(org.apache.commons.csv.CSVBenchmark.parseSkifeCSV,ac46f73b259412122680f217020ad473dc6e8781)",0,0,0,0,0,0,0,0,0,0,0,0,0,0,0,0,0,0,0,0,0,0,
"(org.apache.commons.csv.CSVBenchmark.split,ac46f73b259412122680f217020ad473dc6e8781)",0,0,0,0,0,0,0,0,0,0,0,0,0,0,0,0,0,0,0,0,0,0,
"(org.apache.commons.csv.CSVBenchmark.parseGenJavaCSV,ac46f73b259412122680f217020ad473dc6e8781)",0,0,0,0,0,0,0,0,0,0,0,0,0,0,0,0,0,0,0,0,0,0,
"(org.apache.commons.csv.CSVBenchmark.parseOpenCSV,ac46f73b259412122680f217020ad473dc6e8781)",0,0,0,0,0,0,0,0,0,0,0,0,0,0,0,0,0,0,0,0,0,0,
"(org.apache.commons.csv.CSVBenchmark.parseJavaCSV,ac46f73b259412122680f217020ad473dc6e8781)",0,0,0,0,0,0,0,0,0,0,0,0,0,0,0,0,0,0,0,0,0,0,
"(org.apache.commons.csv.CSVBenchmark.read,ac46f73b259412122680f217020ad473dc6e8781)",0,0,0,0,0,0,0,0,0,0,0,0,0,0,0,0,0,0,0,0,0,0,
"(org.apache.commons.csv.CSVBenchmark.parseSuperCSV,190390bf5dd83d6137ca3045902fcecbeafa3227)",0,0,0,0,0,0,0,0,0,0,0,0,0,0,0,0,0,0,0,0,0,0,
"(org.apache.commons.csv.CSVBenchmark.parseCommonsCSV,190390bf5dd83d6137ca3045902fcecbeafa3227)",0,0,0,0,0,0,0,0,0,0,0,0,0,0,0,0,0,0,0,0,0,0,
"(org.apache.commons.csv.CSVBenchmark.parseSkifeCSV,190390bf5dd83d6137ca3045902fcecbeafa3227)",0,0,0,0,0,0,0,0,0,0,0,0,0,0,0,0,0,0,0,0,0,0,
"(org.apache.commons.csv.CSVBenchmark.split,190390bf5dd83d6137ca3045902fcecbeafa3227)",0,0,0,0,0,0,0,0,0,0,0,0,0,0,0,0,0,0,0,0,0,0,
"(org.apache.commons.csv.CSVBenchmark.parseGenJavaCSV,190390bf5dd83d6137ca3045902fcecbeafa3227)",0,0,0,0,0,0,0,0,0,0,0,0,0,0,0,0,0,0,0,0,0,0,
"(org.apache.commons.csv.CSVBenchmark.parseOpenCSV,190390bf5dd83d6137ca3045902fcecbeafa3227)",0,0,0,0,0,0,0,0,0,0,0,0,0,0,0,0,0,0,0,0,0,0,
"(org.apache.commons.csv.CSVBenchmark.parseJavaCSV,190390bf5dd83d6137ca3045902fcecbeafa3227)",0,0,0,0,0,0,0,0,0,0,0,0,0,0,0,0,0,0,0,0,0,0,
"(org.apache.commons.csv.CSVBenchmark.read,190390bf5dd83d6137ca3045902fcecbeafa3227)",0,0,0,0,0,0,0,0,0,0,0,0,0,0,0,0,0,0,0,0,0,0,
"(org.apache.commons.csv.CSVBenchmark.parseSuperCSV,8b24cd1fb06c8ad86606cf2296892bbb21f90143)",0,0,0,0,0,0,0,0,0,0,0,0,0,0,0,0,0,0,0,0,0,0,
"(org.apache.commons.csv.CSVBenchmark.parseCommonsCSV,8b24cd1fb06c8ad86606cf2296892bbb21f90143)",0,0,0,0,0,0,0,0,0,0,0,0,0,0,0,0,0,0,0,0,0,0,
"(org.apache.commons.csv.CSVBenchmark.parseSkifeCSV,8b24cd1fb06c8ad86606cf2296892bbb21f90143)",0,0,0,0,0,0,0,0,0,0,0,0,0,0,0,0,0,0,0,0,0,0,
"(org.apache.commons.csv.CSVBenchmark.split,8b24cd1fb06c8ad86606cf2296892bbb21f90143)",0,0,0,0,0,0,0,0,0,0,0,0,0,0,0,0,0,0,0,0,0,0,
"(org.apache.commons.csv.CSVBenchmark.parseGenJavaCSV,8b24cd1fb06c8ad86606cf2296892bbb21f90143)",0,0,0,0,0,0,0,0,0,0,0,0,0,0,0,0,0,0,0,0,0,0,
"(org.apache.commons.csv.CSVBenchmark.parseOpenCSV,8b24cd1fb06c8ad86606cf2296892bbb21f90143)",0,0,0,0,0,0,0,0,0,0,0,0,0,0,0,0,0,0,0,0,0,0,
"(org.apache.commons.csv.CSVBenchmark.parseJavaCSV,8b24cd1fb06c8ad86606cf2296892bbb21f90143)",0,0,0,0,0,0,0,0,0,0,0,0,0,0,0,0,0,0,0,0,0,0,
"(org.apache.commons.csv.CSVBenchmark.read,8b24cd1fb06c8ad86606cf2296892bbb21f90143)",0,0,0,0,0,0,0,0,0,0,0,0,0,0,0,0,0,0,0,0,0,0,
"(org.apache.commons.csv.CSVBenchmark.parseSuperCSV,4a6af4590838e8804290464a8d88a837acb2fa08)",0,0,0,0,0,0,0,0,0,0,0,0,0,0,0,0,0,0,0,0,0,0,
"(org.apache.commons.csv.CSVBenchmark.parseCommonsCSV,4a6af4590838e8804290464a8d88a837acb2fa08)",0,0,0,0,0,0,0,0,0,0,0,0,0,0,0,0,0,0,0,0,0,0,
"(org.apache.commons.csv.CSVBenchmark.parseSkifeCSV,4a6af4590838e8804290464a8d88a837acb2fa08)",0,0,0,0,0,0,0,0,0,0,0,0,0,0,0,0,0,0,0,0,0,0,
"(org.apache.commons.csv.CSVBenchmark.split,4a6af4590838e8804290464a8d88a837acb2fa08)",0,0,0,0,0,0,0,0,0,0,0,0,0,0,0,0,0,0,0,0,0,0,
"(org.apache.commons.csv.CSVBenchmark.parseGenJavaCSV,4a6af4590838e8804290464a8d88a837acb2fa08)",0,0,0,0,0,0,0,0,0,0,0,0,0,0,0,0,0,0,0,0,0,0,
"(org.apache.commons.csv.CSVBenchmark.parseOpenCSV,4a6af4590838e8804290464a8d88a837acb2fa08)",0,0,0,0,0,0,0,0,0,0,0,0,0,0,0,0,0,0,0,0,0,0,
"(org.apache.commons.csv.CSVBenchmark.parseJavaCSV,4a6af4590838e8804290464a8d88a837acb2fa08)",0,0,0,0,0,0,0,0,0,0,0,0,0,0,0,0,0,0,0,0,0,0,
"(org.apache.commons.csv.CSVBenchmark.read,4a6af4590838e8804290464a8d88a837acb2fa08)",0,0,0,0,0,0,0,0,0,0,0,0,0,0,0,0,0,0,0,0,0,0,
"(org.apache.commons.csv.CSVBenchmark.parseSuperCSV,9afec3ed39d954ae2ad927ee73445a9ee5163d07)",0,0,0,0,0,0,0,0,0,0,0,0,0,0,0,0,0,0,0,0,0,0,
"(org.apache.commons.csv.CSVBenchmark.parseCommonsCSV,9afec3ed39d954ae2ad927ee73445a9ee5163d07)",0,0,0,0,0,0,0,0,0,0,0,0,0,0,0,0,0,0,0,0,0,0,
"(org.apache.commons.csv.CSVBenchmark.parseSkifeCSV,9afec3ed39d954ae2ad927ee73445a9ee5163d07)",0,0,0,0,0,0,0,0,0,0,0,0,0,0,0,0,0,0,0,0,0,0,
"(org.apache.commons.csv.CSVBenchmark.split,9afec3ed39d954ae2ad927ee73445a9ee5163d07)",0,0,0,0,0,0,0,0,0,0,0,0,0,0,0,0,0,0,0,0,0,0,
"(org.apache.commons.csv.CSVBenchmark.parseGenJavaCSV,9afec3ed39d954ae2ad927ee73445a9ee5163d07)",0,0,0,0,0,0,0,0,0,0,0,0,0,0,0,0,0,0,0,0,0,0,
"(org.apache.commons.csv.CSVBenchmark.parseOpenCSV,9afec3ed39d954ae2ad927ee73445a9ee5163d07)",0,0,0,0,0,0,0,0,0,0,0,0,0,0,0,0,0,0,0,0,0,0,
"(org.apache.commons.csv.CSVBenchmark.parseJavaCSV,9afec3ed39d954ae2ad927ee73445a9ee5163d07)",0,0,0,0,0,0,0,0,0,0,0,0,0,0,0,0,0,0,0,0,0,0,
"(org.apache.commons.csv.CSVBenchmark.read,9afec3ed39d954ae2ad927ee73445a9ee5163d07)",0,0,0,0,0,0,0,0,0,0,0,0,0,0,0,0,0,0,0,0,0,0,
"(org.apache.commons.csv.CSVBenchmark.parseSuperCSV,9daee9042c931382219ba268c2ed79e8c6a740da)",0,0,0,0,0,0,0,0,0,0,0,0,0,0,0,0,0,0,0,0,0,0,
"(org.apache.commons.csv.CSVBenchmark.parseCommonsCSV,9daee9042c931382219ba268c2ed79e8c6a740da)",0,0,0,0,0,0,0,0,0,0,0,0,0,0,0,0,0,0,0,0,0,0,
"(org.apache.commons.csv.CSVBenchmark.parseSkifeCSV,9daee9042c931382219ba268c2ed79e8c6a740da)",0,0,0,0,0,0,0,0,0,0,0,0,0,0,0,0,0,0,0,0,0,0,
"(org.apache.commons.csv.CSVBenchmark.split,9daee9042c931382219ba268c2ed79e8c6a740da)",0,0,0,0,0,0,0,0,0,0,0,0,0,0,0,0,0,0,0,0,0,0,
"(org.apache.commons.csv.CSVBenchmark.parseGenJavaCSV,9daee9042c931382219ba268c2ed79e8c6a740da)",0,0,0,0,0,0,0,0,0,0,0,0,0,0,0,0,0,0,0,0,0,0,
"(org.apache.commons.csv.CSVBenchmark.parseOpenCSV,9daee9042c931382219ba268c2ed79e8c6a740da)",0,0,0,0,0,0,0,0,0,0,0,0,0,0,0,0,0,0,0,0,0,0,
"(org.apache.commons.csv.CSVBenchmark.parseJavaCSV,9daee9042c931382219ba268c2ed79e8c6a740da)",0,0,0,0,0,0,0,0,0,0,0,0,0,0,0,0,0,0,0,0,0,0,
"(org.apache.commons.csv.CSVBenchmark.read,9daee9042c931382219ba268c2ed79e8c6a740da)",0,0,0,0,0,0,0,0,0,0,0,0,0,0,0,0,0,0,0,0,0,0,
"(org.apache.commons.csv.CSVBenchmark.parseSuperCSV,9ab47dc56b43066be740488948d38032df636502)",0,0,0,0,0,0,0,0,0,0,0,0,0,0,0,0,0,0,0,0,0,0,
"(org.apache.commons.csv.CSVBenchmark.parseCommonsCSV,9ab47dc56b43066be740488948d38032df636502)",0,0,0,0,0,0,0,0,0,0,0,0,0,0,0,0,0,0,0,0,0,0,
"(org.apache.commons.csv.CSVBenchmark.parseSkifeCSV,9ab47dc56b43066be740488948d38032df636502)",0,0,0,0,0,0,0,0,0,0,0,0,0,0,0,0,0,0,0,0,0,0,
"(org.apache.commons.csv.CSVBenchmark.split,9ab47dc56b43066be740488948d38032df636502)",0,0,0,0,0,0,0,0,0,0,0,0,0,0,0,0,0,0,0,0,0,0,
"(org.apache.commons.csv.CSVBenchmark.parseGenJavaCSV,9ab47dc56b43066be740488948d38032df636502)",0,0,0,0,0,0,0,0,0,0,0,0,0,0,0,0,0,0,0,0,0,0,
"(org.apache.commons.csv.CSVBenchmark.parseOpenCSV,9ab47dc56b43066be740488948d38032df636502)",0,0,0,0,0,0,0,0,0,0,0,0,0,0,0,0,0,0,0,0,0,0,
"(org.apache.commons.csv.CSVBenchmark.parseJavaCSV,9ab47dc56b43066be740488948d38032df636502)",0,0,0,0,0,0,0,0,0,0,0,0,0,0,0,0,0,0,0,0,0,0,
"(org.apache.commons.csv.CSVBenchmark.read,9ab47dc56b43066be740488948d38032df636502)",0,0,0,0,0,0,0,0,0,0,0,0,0,0,0,0,0,0,0,0,0,0,
"(org.apache.commons.csv.CSVBenchmark.parseSuperCSV,7e471527915cb0c73316c598fd02b71a56f2cf43)",0,0,0,0,0,0,0,0,0,0,0,0,0,0,0,0,0,0,0,0,0,0,
"(org.apache.commons.csv.CSVBenchmark.parseCommonsCSV,7e471527915cb0c73316c598fd02b71a56f2cf43)",0,0,0,0,0,0,0,0,0,0,0,0,0,0,0,0,0,0,0,0,0,0,
"(org.apache.commons.csv.CSVBenchmark.parseSkifeCSV,7e471527915cb0c73316c598fd02b71a56f2cf43)",0,0,0,0,0,0,0,0,0,0,0,0,0,0,0,0,0,0,0,0,0,0,
"(org.apache.commons.csv.CSVBenchmark.split,7e471527915cb0c73316c598fd02b71a56f2cf43)",0,0,0,0,0,0,0,0,0,0,0,0,0,0,0,0,0,0,0,0,0,0,
"(org.apache.commons.csv.CSVBenchmark.parseGenJavaCSV,7e471527915cb0c73316c598fd02b71a56f2cf43)",0,0,0,0,0,0,0,0,0,0,0,0,0,0,0,0,0,0,0,0,0,0,
"(org.apache.commons.csv.CSVBenchmark.parseOpenCSV,7e471527915cb0c73316c598fd02b71a56f2cf43)",0,0,0,0,0,0,0,0,0,0,0,0,0,0,0,0,0,0,0,0,0,0,
"(org.apache.commons.csv.CSVBenchmark.parseJavaCSV,7e471527915cb0c73316c598fd02b71a56f2cf43)",0,0,0,0,0,0,0,0,0,0,0,0,0,0,0,0,0,0,0,0,0,0,
"(org.apache.commons.csv.CSVBenchmark.read,7e471527915cb0c73316c598fd02b71a56f2cf43)",0,0,0,0,0,0,0,0,0,0,0,0,0,0,0,0,0,0,0,0,0,0,
"(org.apache.commons.csv.CSVBenchmark.parseSuperCSV,86ef75f808306d4dbbc63d900ec73dfa5ff74cad)",0,0,0,0,0,0,0,0,0,0,0,0,0,0,0,0,0,0,0,0,0,0,
"(org.apache.commons.csv.CSVBenchmark.parseCommonsCSV,86ef75f808306d4dbbc63d900ec73dfa5ff74cad)",0,0,0,0,0,0,0,0,0,0,0,0,0,0,0,0,0,0,0,0,0,0,
"(org.apache.commons.csv.CSVBenchmark.parseSkifeCSV,86ef75f808306d4dbbc63d900ec73dfa5ff74cad)",0,0,0,0,0,0,0,0,0,0,0,0,0,0,0,0,0,0,0,0,0,0,
"(org.apache.commons.csv.CSVBenchmark.split,86ef75f808306d4dbbc63d900ec73dfa5ff74cad)",0,0,0,0,0,0,0,0,0,0,0,0,0,0,0,0,0,0,0,0,0,0,
"(org.apache.commons.csv.CSVBenchmark.parseGenJavaCSV,86ef75f808306d4dbbc63d900ec73dfa5ff74cad)",0,0,0,0,0,0,0,0,0,0,0,0,0,0,0,0,0,0,0,0,0,0,
"(org.apache.commons.csv.CSVBenchmark.parseOpenCSV,86ef75f808306d4dbbc63d900ec73dfa5ff74cad)",0,0,0,0,0,0,0,0,0,0,0,0,0,0,0,0,0,0,0,0,0,0,
"(org.apache.commons.csv.CSVBenchmark.parseJavaCSV,86ef75f808306d4dbbc63d900ec73dfa5ff74cad)",0,0,0,0,0,0,0,0,0,0,0,0,0,0,0,0,0,0,0,0,0,0,
"(org.apache.commons.csv.CSVBenchmark.read,86ef75f808306d4dbbc63d900ec73dfa5ff74cad)",0,0,0,0,0,0,0,0,0,0,0,0,0,0,0,0,0,0,0,0,0,0,
"(org.apache.commons.csv.CSVBenchmark.parseSuperCSV,865872e0f1517796f4b203ff7682d922119514fa)",0,0,0,0,0,0,0,0,0,0,0,0,0,0,0,0,0,0,0,0,0,0,
"(org.apache.commons.csv.CSVBenchmark.parseCommonsCSV,865872e0f1517796f4b203ff7682d922119514fa)",0,0,0,0,0,0,0,0,0,0,0,0,0,0,0,0,0,0,0,0,0,0,
"(org.apache.commons.csv.CSVBenchmark.parseSkifeCSV,865872e0f1517796f4b203ff7682d922119514fa)",0,0,0,0,0,0,0,0,0,0,0,0,0,0,0,0,0,0,0,0,0,0,
"(org.apache.commons.csv.CSVBenchmark.split,865872e0f1517796f4b203ff7682d922119514fa)",0,0,0,0,0,0,0,0,0,0,0,0,0,0,0,0,0,0,0,0,0,0,
"(org.apache.commons.csv.CSVBenchmark.parseGenJavaCSV,865872e0f1517796f4b203ff7682d922119514fa)",0,0,0,0,0,0,0,0,0,0,0,0,0,0,0,0,0,0,0,0,0,0,
"(org.apache.commons.csv.CSVBenchmark.parseOpenCSV,865872e0f1517796f4b203ff7682d922119514fa)",0,0,0,0,0,0,0,0,0,0,0,0,0,0,0,0,0,0,0,0,0,0,
"(org.apache.commons.csv.CSVBenchmark.parseJavaCSV,865872e0f1517796f4b203ff7682d922119514fa)",0,0,0,0,0,0,0,0,0,0,0,0,0,0,0,0,0,0,0,0,0,0,
"(org.apache.commons.csv.CSVBenchmark.read,865872e0f1517796f4b203ff7682d922119514fa)",0,0,0,0,0,0,0,0,0,0,0,0,0,0,0,0,0,0,0,0,0,0,
"(org.apache.commons.csv.CSVBenchmark.parseSuperCSV,ef51c1ecad91aad5527b8e1568e2a17748039be8)",0,0,0,0,0,0,0,0,0,0,0,0,0,0,0,0,0,0,0,0,0,0,
"(org.apache.commons.csv.CSVBenchmark.parseCommonsCSV,ef51c1ecad91aad5527b8e1568e2a17748039be8)",0,0,0,0,0,0,0,0,0,0,0,0,0,0,0,0,0,0,0,0,0,0,
"(org.apache.commons.csv.CSVBenchmark.parseSkifeCSV,ef51c1ecad91aad5527b8e1568e2a17748039be8)",0,0,0,0,0,0,0,0,0,0,0,0,0,0,0,0,0,0,0,0,0,0,
"(org.apache.commons.csv.CSVBenchmark.split,ef51c1ecad91aad5527b8e1568e2a17748039be8)",0,0,0,0,0,0,0,0,0,0,0,0,0,0,0,0,0,0,0,0,0,0,
"(org.apache.commons.csv.CSVBenchmark.parseGenJavaCSV,ef51c1ecad91aad5527b8e1568e2a17748039be8)",0,0,0,0,0,0,0,0,0,0,0,0,0,0,0,0,0,0,0,0,0,0,
"(org.apache.commons.csv.CSVBenchmark.parseOpenCSV,ef51c1ecad91aad5527b8e1568e2a17748039be8)",0,0,0,0,0,0,0,0,0,0,0,0,0,0,0,0,0,0,0,0,0,0,
"(org.apache.commons.csv.CSVBenchmark.parseJavaCSV,ef51c1ecad91aad5527b8e1568e2a17748039be8)",0,0,0,0,0,0,0,0,0,0,0,0,0,0,0,0,0,0,0,0,0,0,
"(org.apache.commons.csv.CSVBenchmark.read,ef51c1ecad91aad5527b8e1568e2a17748039be8)",0,0,0,0,0,0,0,0,0,0,0,0,0,0,0,0,0,0,0,0,0,0,
"(org.apache.commons.csv.CSVBenchmark.parseSuperCSV,e2f0a4d8a83a41eaa984086636a3712c682307ea)",0,0,0,0,0,0,0,0,0,0,0,0,0,0,0,0,0,0,0,0,0,0,
"(org.apache.commons.csv.CSVBenchmark.parseCommonsCSV,e2f0a4d8a83a41eaa984086636a3712c682307ea)",0,0,0,0,0,0,0,0,0,0,0,0,0,0,0,0,0,0,0,0,0,0,
"(org.apache.commons.csv.CSVBenchmark.parseSkifeCSV,e2f0a4d8a83a41eaa984086636a3712c682307ea)",0,0,0,0,0,0,0,0,0,0,0,0,0,0,0,0,0,0,0,0,0,0,
"(org.apache.commons.csv.CSVBenchmark.split,e2f0a4d8a83a41eaa984086636a3712c682307ea)",0,0,0,0,0,0,0,0,0,0,0,0,0,0,0,0,0,0,0,0,0,0,
"(org.apache.commons.csv.CSVBenchmark.parseGenJavaCSV,e2f0a4d8a83a41eaa984086636a3712c682307ea)",0,0,0,0,0,0,0,0,0,0,0,0,0,0,0,0,0,0,0,0,0,0,
"(org.apache.commons.csv.CSVBenchmark.parseOpenCSV,e2f0a4d8a83a41eaa984086636a3712c682307ea)",0,0,0,0,0,0,0,0,0,0,0,0,0,0,0,0,0,0,0,0,0,0,
"(org.apache.commons.csv.CSVBenchmark.parseJavaCSV,e2f0a4d8a83a41eaa984086636a3712c682307ea)",0,0,0,0,0,0,0,0,0,0,0,0,0,0,0,0,0,0,0,0,0,0,
"(org.apache.commons.csv.CSVBenchmark.read,e2f0a4d8a83a41eaa984086636a3712c682307ea)",0,0,0,0,0,0,0,0,0,0,0,0,0,0,0,0,0,0,0,0,0,0,
"(org.apache.commons.csv.CSVBenchmark.parseSuperCSV,030fb8e37c4024b24fac2b5404300449a6741699)",0,0,0,0,0,0,0,0,0,0,0,0,0,0,0,0,0,0,0,0,0,0,
"(org.apache.commons.csv.CSVBenchmark.parseCommonsCSV,030fb8e37c4024b24fac2b5404300449a6741699)",0,0,0,0,0,0,0,0,0,0,0,0,0,0,0,0,0,0,0,0,0,0,
"(org.apache.commons.csv.CSVBenchmark.parseSkifeCSV,030fb8e37c4024b24fac2b5404300449a6741699)",0,0,0,0,0,0,0,0,0,0,0,0,0,0,0,0,0,0,0,0,0,0,
"(org.apache.commons.csv.CSVBenchmark.split,030fb8e37c4024b24fac2b5404300449a6741699)",0,0,0,0,0,0,0,0,0,0,0,0,0,0,0,0,0,0,0,0,0,0,
"(org.apache.commons.csv.CSVBenchmark.parseGenJavaCSV,030fb8e37c4024b24fac2b5404300449a6741699)",0,0,0,0,0,0,0,0,0,0,0,0,0,0,0,0,0,0,0,0,0,0,
"(org.apache.commons.csv.CSVBenchmark.parseOpenCSV,030fb8e37c4024b24fac2b5404300449a6741699)",0,0,0,0,0,0,0,0,0,0,0,0,0,0,0,0,0,0,0,0,0,0,
"(org.apache.commons.csv.CSVBenchmark.parseJavaCSV,030fb8e37c4024b24fac2b5404300449a6741699)",0,0,0,0,0,0,0,0,0,0,0,0,0,0,0,0,0,0,0,0,0,0,
"(org.apache.commons.csv.CSVBenchmark.read,030fb8e37c4024b24fac2b5404300449a6741699)",0,0,0,0,0,0,0,0,0,0,0,0,0,0,0,0,0,0,0,0,0,0,
"(org.apache.commons.csv.CSVBenchmark.parseSuperCSV,788f2aaa7aff361416e11fba5df7cfc31060cbb1)",0,0,0,0,0,0,0,0,0,0,0,0,0,0,0,0,0,0,0,0,0,0,
"(org.apache.commons.csv.CSVBenchmark.parseCommonsCSV,788f2aaa7aff361416e11fba5df7cfc31060cbb1)",0,0,0,0,0,0,0,0,0,0,0,0,0,0,0,0,0,0,0,0,0,0,
"(org.apache.commons.csv.CSVBenchmark.parseSkifeCSV,788f2aaa7aff361416e11fba5df7cfc31060cbb1)",0,0,0,0,0,0,0,0,0,0,0,0,0,0,0,0,0,0,0,0,0,0,
"(org.apache.commons.csv.CSVBenchmark.split,788f2aaa7aff361416e11fba5df7cfc31060cbb1)",0,0,0,0,0,0,0,0,0,0,0,0,0,0,0,0,0,0,0,0,0,0,
"(org.apache.commons.csv.CSVBenchmark.parseGenJavaCSV,788f2aaa7aff361416e11fba5df7cfc31060cbb1)",0,0,0,0,0,0,0,0,0,0,0,0,0,0,0,0,0,0,0,0,0,0,
"(org.apache.commons.csv.CSVBenchmark.parseOpenCSV,788f2aaa7aff361416e11fba5df7cfc31060cbb1)",0,0,0,0,0,0,0,0,0,0,0,0,0,0,0,0,0,0,0,0,0,0,
"(org.apache.commons.csv.CSVBenchmark.parseJavaCSV,788f2aaa7aff361416e11fba5df7cfc31060cbb1)",0,0,0,0,0,0,0,0,0,0,0,0,0,0,0,0,0,0,0,0,0,0,
"(org.apache.commons.csv.CSVBenchmark.read,788f2aaa7aff361416e11fba5df7cfc31060cbb1)",0,0,0,0,0,0,0,0,0,0,0,0,0,0,0,0,0,0,0,0,0,0,
