"(Benchmark_method, commit)",Move Class,Change Attribute Type,Change Parameter Type,Inline Variable,Change Return Type,Change Variable Type,Extract Superclass,Move Source Folder,Extract Method,Pull Up Attribute,Pull Up Method,Extract Attribute,Extract And Move Method,Move Method,Parameterize Variable,Extract Variable,Change Package,Replace Variable With Attribute,Inline Method,Move Attribute,Merge Variable,Merge Parameter,Extract Class,Split Attribute,Extract Interface,Extract Subclass,Push Down Method,Push Down Attribute,Merge Attribute,sum,delta
"(io.debezium.performance.connector.mysql.parser.MySqlDdlParserPerf.antlr,2fe633436f8abb41fda606de1e7cabc6f9b8cf81)",0,0,0,0,0,0,0,0,0,0,0,0,0,0,0,0,0,0,0,0,0,0,0,0,0,0,0,0,0,0,
"(io.debezium.performance.connector.mysql.parser.MySqlDdlParserPerf.legacy,2fe633436f8abb41fda606de1e7cabc6f9b8cf81)",0,0,0,0,0,0,0,0,0,0,0,0,0,0,0,0,0,0,0,0,0,0,0,0,0,0,0,0,0,0,
"(io.debezium.performance.connector.mysql.parser.MySqlDdlParserPerf.antlr,f4246df6e436343b3c08080452be92542ad39859)",0,0,0,0,0,0,0,0,0,0,0,0,0,0,0,0,0,0,0,0,0,0,0,0,0,0,0,0,0,0,
"(io.debezium.performance.connector.mysql.parser.MySqlDdlParserPerf.antlr,6cadff8c369fe4f86d7067c2444506369c5948c6)",0,0,0,0,0,0,0,0,0,0,0,0,0,0,0,0,0,0,0,0,0,0,0,0,0,0,0,0,0,0,
"(io.debezium.performance.connector.mysql.parser.MySqlDdlParserPerf.antlr,51c12d930deca26c5a217f98e41b36d16b3f48ca)",0,0,0,0,0,0,0,0,0,0,0,0,0,0,0,0,0,0,0,0,0,0,0,0,0,0,0,0,0,0,
"(io.debezium.performance.connector.mysql.parser.MySqlDdlParserPerf.antlr,889b307b9df5445a441bac892d8385c724424624)",0,0,0,0,0,0,0,0,0,0,0,0,0,0,0,0,0,0,0,0,0,0,0,0,0,0,0,0,0,0,
"(io.debezium.performance.connector.mysql.parser.MySqlDdlParserPerf.legacy,889b307b9df5445a441bac892d8385c724424624)",0,0,0,0,0,0,0,0,0,0,0,0,0,0,0,0,0,0,0,0,0,0,0,0,0,0,0,0,0,0,
"(io.debezium.performance.connector.mysql.parser.MySqlDdlParserPerf.antlr,c4c8cbc3ab4558783ec70320e42d73ec47af5c17)",0,0,0,0,0,0,0,0,0,0,0,0,0,0,0,0,0,0,0,0,0,0,0,0,0,0,0,0,0,0,
"(io.debezium.performance.connector.mysql.parser.MySqlDdlParserPerf.legacy,c4c8cbc3ab4558783ec70320e42d73ec47af5c17)",0,0,0,0,0,0,0,0,0,0,0,0,0,0,0,0,0,0,0,0,0,0,0,0,0,0,0,0,0,0,
"(io.debezium.performance.connector.mysql.parser.MySqlDdlParserPerf.antlr,ff51e99b6ff8b439d5cf5143526a9a3050e286d1)",0,0,0,0,0,0,0,0,0,0,0,0,0,0,0,0,0,0,0,0,0,0,0,0,0,0,0,0,0,0,
"(io.debezium.performance.connector.mysql.parser.MySqlDdlParserPerf.antlr,839d7c80eb945af5172f821bd60d8aa2201c0969)",0,0,0,0,0,0,0,0,0,0,0,0,0,0,0,0,0,0,0,0,0,0,0,0,0,0,0,0,0,0,
"(io.debezium.performance.connector.mysql.parser.MySqlDdlParserPerf.legacy,839d7c80eb945af5172f821bd60d8aa2201c0969)",0,0,0,0,0,0,0,0,0,0,0,0,0,0,0,0,0,0,0,0,0,0,0,0,0,0,0,0,0,0,
"(io.debezium.performance.connector.mysql.parser.MySqlDdlParserPerf.antlr,bf539c352af69df008ee06b66cfc2b5ac6f124d3)",0,0,0,0,0,0,0,0,0,0,0,0,0,0,0,0,0,0,0,0,0,0,0,0,0,0,0,0,0,0,
"(io.debezium.performance.connector.mysql.parser.MySqlDdlParserPerf.antlr,3ce0aea4577a4ae881399826f4abac803f63863e)",0,0,0,0,0,0,0,0,0,0,0,0,0,0,0,0,0,0,0,0,0,0,0,0,0,0,0,0,0,0,
"(io.debezium.performance.connector.mysql.parser.MySqlDdlParserPerf.antlr,13d638fd43e497c6fe7ff3bf47d0abaf7eceab39)",0,0,0,0,0,0,0,0,0,0,0,0,0,0,0,0,0,0,0,0,0,0,0,0,0,0,0,0,0,0,
"(io.debezium.performance.connector.mysql.parser.MySqlDdlParserPerf.antlr,bb4ecc79e0ac942e4ca1bdcfdbd27f6fa4c64c48)",0,0,0,0,0,0,0,0,0,0,0,0,0,0,0,0,0,0,0,0,0,0,0,0,0,0,0,0,0,0,
"(io.debezium.performance.connector.mysql.parser.MySqlDdlParserPerf.legacy,bb4ecc79e0ac942e4ca1bdcfdbd27f6fa4c64c48)",0,0,0,0,0,0,0,0,0,0,0,0,0,0,0,0,0,0,0,0,0,0,0,0,0,0,0,0,0,0,
"(io.debezium.performance.connector.mysql.parser.MySqlDdlParserPerf.antlr,b44c9fd04f553ee0081af08b2653099fe3d2fe74)",0,0,0,0,0,0,0,0,0,0,0,0,0,0,0,0,0,0,0,0,0,0,0,0,0,0,0,0,0,0,
"(io.debezium.performance.connector.mysql.parser.MySqlDdlParserPerf.legacy,b44c9fd04f553ee0081af08b2653099fe3d2fe74)",0,0,0,0,0,0,0,0,0,0,0,0,0,0,0,0,0,0,0,0,0,0,0,0,0,0,0,0,0,0,
"(io.debezium.performance.connector.mysql.parser.MySqlDdlParserPerf.antlr,6787d17d547c19285254c3a96ea0ef8c78b1d25f)",0,0,0,0,0,0,0,0,0,0,0,0,0,0,0,0,0,0,0,0,0,0,0,0,0,0,0,0,0,0,
"(io.debezium.performance.connector.mysql.parser.MySqlDdlParserPerf.legacy,6787d17d547c19285254c3a96ea0ef8c78b1d25f)",0,0,0,0,0,0,0,0,0,0,0,0,0,0,0,0,0,0,0,0,0,0,0,0,0,0,0,0,0,0,
"(io.debezium.performance.connector.mysql.parser.MySqlDdlParserPerf.antlr,ba10a229b6bb9492160d934054d1d8a8ad549642)",0,0,0,0,0,0,0,0,0,0,0,0,0,0,0,0,0,0,0,0,0,0,0,0,0,0,0,0,0,0,
"(io.debezium.performance.connector.mysql.parser.MySqlDdlParserPerf.antlr,3e0648a42cdbc430420ce89b9cf23c7c7c643e86)",0,0,0,0,0,0,0,0,0,0,0,0,0,0,0,0,0,0,0,0,0,0,0,0,0,0,0,0,0,0,
"(io.debezium.performance.connector.mysql.parser.MySqlDdlParserPerf.legacy,3e0648a42cdbc430420ce89b9cf23c7c7c643e86)",0,0,0,0,0,0,0,0,0,0,0,0,0,0,0,0,0,0,0,0,0,0,0,0,0,0,0,0,0,0,
"(io.debezium.performance.connector.mysql.parser.MySqlDdlParserPerf.antlr,8b689d7f0376b61ee519d5e0cadb7e19a66eceee)",0,0,0,0,0,0,0,0,0,0,0,0,0,0,0,0,0,0,0,0,0,0,0,0,0,0,0,0,0,0,
"(io.debezium.performance.connector.mysql.parser.MySqlDdlParserPerf.legacy,8b689d7f0376b61ee519d5e0cadb7e19a66eceee)",0,0,0,0,0,0,0,0,0,0,0,0,0,0,0,0,0,0,0,0,0,0,0,0,0,0,0,0,0,0,
"(io.debezium.performance.connector.mysql.parser.MySqlDdlParserPerf.antlr,e4b7b906370298f2ebf9a116306d847909d211e0)",0,0,0,0,0,0,0,0,0,0,0,0,0,0,0,0,0,0,0,0,0,0,0,0,0,0,0,0,0,0,
"(io.debezium.performance.connector.mysql.parser.MySqlDdlParserPerf.legacy,e4b7b906370298f2ebf9a116306d847909d211e0)",0,0,0,0,0,0,0,0,0,0,0,0,0,0,0,0,0,0,0,0,0,0,0,0,0,0,0,0,0,0,
"(io.debezium.performance.connector.mysql.parser.MySqlDdlParserPerf.antlr,992c31fa1fe8594f06f4b65542ffb1ad63bd96cf)",0,0,0,0,0,0,0,0,0,0,0,0,0,0,0,0,0,0,0,0,0,0,0,0,0,0,0,0,0,0,
"(io.debezium.performance.connector.mysql.parser.MySqlDdlParserPerf.legacy,992c31fa1fe8594f06f4b65542ffb1ad63bd96cf)",0,0,0,0,0,0,0,0,0,0,0,0,0,0,0,0,0,0,0,0,0,0,0,0,0,0,0,0,0,0,
"(io.debezium.performance.connector.mysql.parser.MySqlDdlParserPerf.antlr,99941728607003c8fb52947136e461205d396fcc)",0,0,0,0,0,0,0,0,0,0,0,0,0,0,0,0,0,0,0,0,0,0,0,0,0,0,0,0,0,0,
"(io.debezium.performance.connector.mysql.parser.MySqlDdlParserPerf.legacy,99941728607003c8fb52947136e461205d396fcc)",0,0,0,0,0,0,0,0,0,0,0,0,0,0,0,0,0,0,0,0,0,0,0,0,0,0,0,0,0,0,
"(io.debezium.performance.connector.mysql.parser.MySqlDdlParserPerf.antlr,9586be7d4e341502910572329d758ba2673d5afc)",0,0,0,0,0,0,0,0,0,0,0,0,0,0,0,0,0,0,0,0,0,0,0,0,0,0,0,0,0,0,
"(io.debezium.performance.connector.mysql.parser.MySqlDdlParserPerf.antlr,365eb0d76e7b73e70e09fcc798100dcc106304ff)",0,0,0,0,0,0,0,0,0,0,0,0,0,0,0,0,0,0,0,0,0,0,0,0,0,0,0,0,0,0,
"(io.debezium.performance.connector.mysql.parser.MySqlDdlParserPerf.antlr,6f6c8ddf06c0f2cc231c46726582f05f0d6eba7f)",0,0,0,0,0,0,0,0,0,0,0,0,0,0,0,0,0,0,0,0,0,0,0,0,0,0,0,0,0,0,
"(io.debezium.performance.connector.mysql.parser.MySqlDdlParserPerf.antlr,a86c1488340566b534339369eb2d90b163acab65)",0,0,0,0,0,0,0,0,0,0,0,0,0,0,0,0,0,0,0,0,0,0,0,0,0,0,0,0,0,0,
"(io.debezium.performance.connector.mysql.parser.MySqlDdlParserPerf.antlr,ae4b5d6764aa3e2fdaee19a45b65e5910ac9f554)",0,0,0,0,0,0,0,0,0,0,0,0,0,0,0,0,0,0,0,0,0,0,0,0,0,0,0,0,0,0,
"(io.debezium.performance.connector.mysql.parser.MySqlDdlParserPerf.antlr,e06d25dd9262d3feb70daa33e3ce8083f98686ac)",0,0,0,0,0,0,0,0,0,0,0,0,0,0,0,0,0,0,0,0,0,0,0,0,0,0,0,0,0,0,
"(io.debezium.performance.connector.mysql.parser.MySqlDdlParserPerf.antlr,16620f0bf949fb393ee1282c7cbb2c86f0edf6a0)",0,0,0,0,0,0,0,0,0,0,0,0,0,0,0,0,0,0,0,0,0,0,0,0,0,0,0,0,0,0,
"(io.debezium.performance.connector.mysql.parser.MySqlDdlParserPerf.legacy,16620f0bf949fb393ee1282c7cbb2c86f0edf6a0)",0,0,0,0,0,0,0,0,0,0,0,0,0,0,0,0,0,0,0,0,0,0,0,0,0,0,0,0,0,0,
"(io.debezium.performance.connector.mysql.parser.MySqlDdlParserPerf.antlr,cb9e916616585e4bbcf2dbb39e3ec0902b72cfca)",0,0,0,0,0,0,0,0,0,0,0,0,0,0,0,0,0,0,0,0,0,0,0,0,0,0,0,0,0,0,
"(io.debezium.performance.connector.mysql.parser.MySqlDdlParserPerf.antlr,87a3278dfe89067f17a957cb8151679557fa55e3)",0,0,0,0,0,0,0,0,0,0,0,0,0,0,0,0,0,0,0,0,0,0,0,0,0,0,0,0,0,0,
"(io.debezium.performance.connector.mysql.parser.MySqlDdlParserPerf.legacy,87a3278dfe89067f17a957cb8151679557fa55e3)",0,0,0,0,0,0,0,0,0,0,0,0,0,0,0,0,0,0,0,0,0,0,0,0,0,0,0,0,0,0,
"(io.debezium.performance.connector.mysql.parser.MySqlDdlParserPerf.antlr,62328bf137837a7129898c040e4c4d233ed4cb80)",0,0,0,0,0,0,0,0,0,0,0,0,0,0,0,0,0,0,0,0,0,0,0,0,0,0,0,0,0,0,
"(io.debezium.performance.connector.mysql.parser.MySqlDdlParserPerf.antlr,9c25a192b74dd578ff09578569b331b0f985ec42)",0,0,0,0,0,0,0,0,0,0,0,0,0,0,0,0,0,0,0,0,0,0,0,0,0,0,0,0,0,0,
"(io.debezium.performance.connector.mysql.parser.MySqlDdlParserPerf.antlr,0a659c015959f381b442e9621c11370eec8bfbd3)",0,0,0,0,0,0,0,0,0,0,0,0,0,0,0,0,0,0,0,0,0,0,0,0,0,0,0,0,0,0,
"(io.debezium.performance.connector.mysql.parser.MySqlDdlParserPerf.legacy,0a659c015959f381b442e9621c11370eec8bfbd3)",0,0,0,0,0,0,0,0,0,0,0,0,0,0,0,0,0,0,0,0,0,0,0,0,0,0,0,0,0,0,
"(io.debezium.performance.connector.mysql.parser.MySqlDdlParserPerf.antlr,050c192dd73aa0703ef4395c208e3026d189b4d1)",0,0,0,0,0,0,0,0,0,0,0,0,0,0,0,0,0,0,0,0,0,0,0,0,0,0,0,0,0,0,
"(io.debezium.performance.connector.mysql.parser.MySqlDdlParserPerf.legacy,050c192dd73aa0703ef4395c208e3026d189b4d1)",0,0,0,0,0,0,0,0,0,0,0,0,0,0,0,0,0,0,0,0,0,0,0,0,0,0,0,0,0,0,
"(io.debezium.performance.connector.mysql.parser.MySqlDdlParserPerf.antlr,b66f314b3c2eb38b26c1d28f30890e0db8da9522)",0,0,0,0,0,0,0,0,0,0,0,0,0,0,0,0,0,0,0,0,0,0,0,0,0,0,0,0,0,0,
"(io.debezium.performance.connector.mysql.parser.MySqlDdlParserPerf.antlr,4ba3213338851aa75eb0cbba76779ab450205d29)",0,0,0,0,0,0,0,0,0,0,0,0,0,0,0,0,0,0,0,0,0,0,0,0,0,0,0,0,0,0,
"(io.debezium.performance.connector.mysql.parser.MySqlDdlParserPerf.legacy,4ba3213338851aa75eb0cbba76779ab450205d29)",0,0,0,0,0,0,0,0,0,0,0,0,0,0,0,0,0,0,0,0,0,0,0,0,0,0,0,0,0,0,
"(io.debezium.performance.connector.mysql.parser.MySqlDdlParserPerf.antlr,0d60e602438696b90d22ab76230d9aa1460fb96d)",0,0,0,0,0,0,0,0,0,0,0,0,0,0,0,0,0,0,0,0,0,0,0,0,0,0,0,0,0,0,
"(io.debezium.performance.connector.mysql.parser.MySqlDdlParserPerf.legacy,0d60e602438696b90d22ab76230d9aa1460fb96d)",0,0,0,0,0,0,0,0,0,0,0,0,0,0,0,0,0,0,0,0,0,0,0,0,0,0,0,0,0,0,
"(io.debezium.performance.connector.mysql.parser.MySqlDdlParserPerf.antlr,f5757dbd9fabd66e54138601dd979399b1ffa6d3)",0,0,0,0,0,0,0,0,0,0,0,0,0,0,0,0,0,0,0,0,0,0,0,0,0,0,0,0,0,0,
"(io.debezium.performance.connector.mysql.parser.MySqlDdlParserPerf.antlr,2c4cb832590037f9ae5781639aebd827fed5c6dd)",0,0,0,0,0,0,0,0,0,0,0,0,0,0,0,0,0,0,0,0,0,0,0,0,0,0,0,0,0,0,
"(io.debezium.performance.connector.mysql.parser.MySqlDdlParserPerf.antlr,6e9e803e736a331993e6b4391f71f6cd5bbd55a0)",0,0,0,0,0,0,0,0,0,0,0,0,0,0,0,0,0,0,0,0,0,0,0,0,0,0,0,0,0,0,
"(io.debezium.performance.connector.mysql.parser.MySqlDdlParserPerf.legacy,6e9e803e736a331993e6b4391f71f6cd5bbd55a0)",0,0,0,0,0,0,0,0,0,0,0,0,0,0,0,0,0,0,0,0,0,0,0,0,0,0,0,0,0,0,
"(io.debezium.performance.connector.mysql.parser.MySqlDdlParserPerf.antlr,80afd4975a60b8cff0e4c6d7c8255c015d4564ef)",0,0,0,0,0,0,0,0,0,0,0,0,0,0,0,0,0,0,0,0,0,0,0,0,0,0,0,0,0,0,
"(io.debezium.performance.connector.mysql.parser.MySqlDdlParserPerf.antlr,910d00f6a2bc45e9ed5e10d939b98b4b6281fe4b)",0,0,0,0,0,0,0,0,0,0,0,0,0,0,0,0,0,0,0,0,0,0,0,0,0,0,0,0,0,0,
"(io.debezium.performance.connector.mysql.parser.MySqlDdlParserPerf.antlr,c8c6360095a22ccdf92a68db166fd259c47c2e72)",0,0,0,0,0,0,0,0,0,0,0,0,0,0,0,0,0,0,0,0,0,0,0,0,0,0,0,0,0,0,
"(io.debezium.performance.connector.mysql.parser.MySqlDdlParserPerf.antlr,532c17f8aa62fb79bdeb6d79e72060a33ec531c0)",0,0,0,0,0,0,0,0,0,0,0,0,0,0,0,0,0,0,0,0,0,0,0,0,0,0,0,0,0,0,
"(io.debezium.performance.connector.mysql.parser.MySqlDdlParserPerf.legacy,532c17f8aa62fb79bdeb6d79e72060a33ec531c0)",0,0,0,0,0,0,0,0,0,0,0,0,0,0,0,0,0,0,0,0,0,0,0,0,0,0,0,0,0,0,
"(io.debezium.performance.connector.mysql.parser.MySqlDdlParserPerf.antlr,eb27cc5c549540493803717155915197c374ade9)",0,0,0,0,0,0,0,0,0,0,0,0,0,0,0,0,0,0,0,0,0,0,0,0,0,0,0,0,0,0,
"(io.debezium.performance.connector.mysql.parser.MySqlDdlParserPerf.antlr,5810014fda7d25078528e789e98e43643572e85e)",0,0,0,0,0,0,0,0,0,0,0,0,0,0,0,0,0,0,0,0,0,0,0,0,0,0,0,0,0,0,
"(io.debezium.performance.connector.mysql.parser.MySqlDdlParserPerf.legacy,5810014fda7d25078528e789e98e43643572e85e)",0,0,0,0,0,0,0,0,0,0,0,0,0,0,0,0,0,0,0,0,0,0,0,0,0,0,0,0,0,0,
"(io.debezium.performance.connector.mysql.parser.MySqlDdlParserPerf.antlr,7150e387c78244887a329fde7a132c48af1e1538)",0,0,0,0,0,0,0,0,0,0,0,0,0,0,0,0,0,0,0,0,0,0,0,0,0,0,0,0,0,0,
"(io.debezium.performance.connector.mysql.parser.MySqlDdlParserPerf.legacy,7150e387c78244887a329fde7a132c48af1e1538)",0,0,0,0,0,0,0,0,0,0,0,0,0,0,0,0,0,0,0,0,0,0,0,0,0,0,0,0,0,0,
"(io.debezium.performance.connector.mysql.parser.MySqlDdlParserPerf.antlr,2f92553d8f67d8dbf947fa0277a14c5dd5df05d7)",0,0,0,0,0,0,0,0,0,0,0,0,0,0,0,0,0,0,0,0,0,0,0,0,0,0,0,0,0,0,
"(io.debezium.performance.connector.mysql.parser.MySqlDdlParserPerf.antlr,41ba7128e33bd55dbcf453f8a8ae06ed4794e2a4)",0,0,0,0,0,0,0,0,0,0,0,0,0,0,0,0,0,0,0,0,0,0,0,0,0,0,0,0,0,0,
"(io.debezium.performance.connector.mysql.parser.MySqlDdlParserPerf.legacy,41ba7128e33bd55dbcf453f8a8ae06ed4794e2a4)",0,0,0,0,0,0,0,0,0,0,0,0,0,0,0,0,0,0,0,0,0,0,0,0,0,0,0,0,0,0,
"(io.debezium.performance.connector.mysql.parser.MySqlDdlParserPerf.antlr,aa1272cc219e7789681ba963469be52f9efa1f24)",0,0,0,0,0,0,0,0,0,0,0,0,0,0,0,0,0,0,0,0,0,0,0,0,0,0,0,0,0,0,
"(io.debezium.performance.connector.mysql.parser.MySqlDdlParserPerf.legacy,aa1272cc219e7789681ba963469be52f9efa1f24)",0,0,0,0,0,0,0,0,0,0,0,0,0,0,0,0,0,0,0,0,0,0,0,0,0,0,0,0,0,0,
"(io.debezium.performance.connector.mysql.parser.MySqlDdlParserPerf.antlr,bd4f3d60faad3af245d7ce307fd581611093a4e3)",0,0,0,0,0,0,0,0,0,0,0,0,0,0,0,0,0,0,0,0,0,0,0,0,0,0,0,0,0,0,
"(io.debezium.performance.connector.mysql.parser.MySqlDdlParserPerf.legacy,bd4f3d60faad3af245d7ce307fd581611093a4e3)",0,0,0,0,0,0,0,0,0,0,0,0,0,0,0,0,0,0,0,0,0,0,0,0,0,0,0,0,0,0,
"(io.debezium.performance.connector.mysql.parser.MySqlDdlParserPerf.antlr,5d01f409f073c5b76f47119c507e6bc26cf1c5c7)",0,0,0,0,0,0,0,0,0,0,0,0,0,0,0,0,0,0,0,0,0,0,0,0,0,0,0,0,0,0,
"(io.debezium.performance.connector.mysql.parser.MySqlDdlParserPerf.antlr,4ed8b4636c6e47edf1fa2427392ac3d993f1009b)",0,0,0,0,0,0,0,0,0,0,0,0,0,0,0,0,0,0,0,0,0,0,0,0,0,0,0,0,0,0,
"(io.debezium.performance.connector.mysql.parser.MySqlDdlParserPerf.antlr,de356896c0ba35e36a5b1ea9e5cc4d82307be3dd)",0,0,0,0,0,0,0,0,0,0,0,0,0,0,0,0,0,0,0,0,0,0,0,0,0,0,0,0,0,0,
"(io.debezium.performance.connector.mysql.parser.MySqlDdlParserPerf.legacy,de356896c0ba35e36a5b1ea9e5cc4d82307be3dd)",0,0,0,0,0,0,0,0,0,0,0,0,0,0,0,0,0,0,0,0,0,0,0,0,0,0,0,0,0,0,
"(io.debezium.performance.connector.mysql.parser.MySqlDdlParserPerf.antlr,70c564b4c286d1eea7913324c8a10f022809de05)",0,0,0,0,0,0,0,0,0,0,0,0,0,0,0,0,0,0,0,0,0,0,0,0,0,0,0,0,0,0,
"(io.debezium.performance.connector.mysql.parser.MySqlDdlParserPerf.legacy,70c564b4c286d1eea7913324c8a10f022809de05)",0,0,0,0,0,0,0,0,0,0,0,0,0,0,0,0,0,0,0,0,0,0,0,0,0,0,0,0,0,0,
"(io.debezium.performance.connector.mysql.parser.MySqlDdlParserPerf.antlr,bff7eea7347e40a59f484cdd68e2b055f6c5954a)",0,0,0,0,0,0,0,0,0,0,0,0,0,0,0,0,0,0,0,0,0,0,0,0,0,0,0,0,0,0,
"(io.debezium.performance.connector.mysql.parser.MySqlDdlParserPerf.legacy,bff7eea7347e40a59f484cdd68e2b055f6c5954a)",0,0,0,0,0,0,0,0,0,0,0,0,0,0,0,0,0,0,0,0,0,0,0,0,0,0,0,0,0,0,
"(io.debezium.performance.connector.mysql.parser.MySqlDdlParserPerf.antlr,94f71ea96e61a636d4d958c05825efbfe2d2db8e)",0,0,0,0,0,0,0,0,0,0,0,0,0,0,0,0,0,0,0,0,0,0,0,0,0,0,0,0,0,0,
"(io.debezium.performance.connector.mysql.parser.MySqlDdlParserPerf.legacy,94f71ea96e61a636d4d958c05825efbfe2d2db8e)",0,0,0,0,0,0,0,0,0,0,0,0,0,0,0,0,0,0,0,0,0,0,0,0,0,0,0,0,0,0,
"(io.debezium.performance.connector.mysql.parser.MySqlDdlParserPerf.antlr,c5ecff4be623abc7393cc67b706c94dce5db002f)",0,0,0,0,0,0,0,0,0,0,0,0,0,0,0,0,0,0,0,0,0,0,0,0,0,0,0,0,0,0,
"(io.debezium.performance.connector.mysql.parser.MySqlDdlParserPerf.legacy,c5ecff4be623abc7393cc67b706c94dce5db002f)",0,0,0,0,0,0,0,0,0,0,0,0,0,0,0,0,0,0,0,0,0,0,0,0,0,0,0,0,0,0,
"(io.debezium.performance.connector.mysql.parser.MySqlDdlParserPerf.antlr,c7dd0c53dd572465de0403873711256da8ff35ee)",0,0,0,0,0,0,0,0,0,0,0,0,0,0,0,0,0,0,0,0,0,0,0,0,0,0,0,0,0,0,
"(io.debezium.performance.connector.mysql.parser.MySqlDdlParserPerf.legacy,c7dd0c53dd572465de0403873711256da8ff35ee)",0,0,0,0,0,0,0,0,0,0,0,0,0,0,0,0,0,0,0,0,0,0,0,0,0,0,0,0,0,0,
"(io.debezium.performance.connector.mysql.parser.MySqlDdlParserPerf.antlr,4cdc3e669ba1e247d1344382ecfb96eaae03da5c)",0,0,0,0,0,0,0,0,0,0,0,0,0,0,0,0,0,0,0,0,0,0,0,0,0,0,0,0,0,0,
"(io.debezium.performance.connector.mysql.parser.MySqlDdlParserPerf.legacy,4cdc3e669ba1e247d1344382ecfb96eaae03da5c)",0,0,0,0,0,0,0,0,0,0,0,0,0,0,0,0,0,0,0,0,0,0,0,0,0,0,0,0,0,0,
"(io.debezium.performance.connector.mysql.parser.MySqlDdlParserPerf.antlr,7c4203cf60614929b5c3bc6ad48aeee3c9d7b75d)",0,0,0,0,0,0,0,0,0,0,0,0,0,0,0,0,0,0,0,0,0,0,0,0,0,0,0,0,0,0,
"(io.debezium.performance.connector.mysql.parser.MySqlDdlParserPerf.antlr,08ef1418d94f58cf932e8460cd8125ed0333fc6d)",0,0,0,0,0,0,0,0,0,0,0,0,0,0,0,0,0,0,0,0,0,0,0,0,0,0,0,0,0,0,
"(io.debezium.performance.connector.mysql.parser.MySqlDdlParserPerf.antlr,8e21139ca3ee140a07b99cbfb87b6a92b1253308)",0,0,0,0,0,0,0,0,0,0,0,0,0,0,0,0,0,0,0,0,0,0,0,0,0,0,0,0,0,0,
"(io.debezium.performance.connector.mysql.parser.MySqlDdlParserPerf.legacy,8e21139ca3ee140a07b99cbfb87b6a92b1253308)",0,0,0,0,0,0,0,0,0,0,0,0,0,0,0,0,0,0,0,0,0,0,0,0,0,0,0,0,0,0,
"(io.debezium.performance.connector.mysql.parser.MySqlDdlParserPerf.antlr,dcd6b01134c18daa14dea0719bb9ed452cecd53c)",0,0,0,0,0,0,0,0,0,0,0,0,0,0,0,0,0,0,0,0,0,0,0,0,0,0,0,0,0,0,
"(io.debezium.performance.connector.mysql.parser.MySqlDdlParserPerf.legacy,dcd6b01134c18daa14dea0719bb9ed452cecd53c)",0,0,0,0,0,0,0,0,0,0,0,0,0,0,0,0,0,0,0,0,0,0,0,0,0,0,0,0,0,0,
"(io.debezium.performance.connector.mysql.parser.MySqlDdlParserPerf.antlr,8a22b6666fbb9c98ec2d0bf4f95a3eb78720105f)",0,0,0,0,0,0,0,0,0,0,0,0,0,0,0,0,0,0,0,0,0,0,0,0,0,0,0,0,0,0,
"(io.debezium.performance.connector.mysql.parser.MySqlDdlParserPerf.legacy,8a22b6666fbb9c98ec2d0bf4f95a3eb78720105f)",0,0,0,0,0,0,0,0,0,0,0,0,0,0,0,0,0,0,0,0,0,0,0,0,0,0,0,0,0,0,
"(io.debezium.performance.connector.mysql.parser.MySqlDdlParserPerf.antlr,efa22016a85fbab8b713976d064c059c1ca408a5)",0,0,0,0,0,0,0,0,0,0,0,0,0,0,0,0,0,0,0,0,0,0,0,0,0,0,0,0,0,0,
"(io.debezium.performance.connector.mysql.parser.MySqlDdlParserPerf.antlr,b93551f977852084f1e2e2a24ffce1622ad72ce7)",0,0,0,0,0,0,0,0,0,0,0,0,0,0,0,0,0,0,0,0,0,0,0,0,0,0,0,0,0,0,
"(io.debezium.performance.connector.mysql.parser.MySqlDdlParserPerf.legacy,b93551f977852084f1e2e2a24ffce1622ad72ce7)",0,0,0,0,0,0,0,0,0,0,0,0,0,0,0,0,0,0,0,0,0,0,0,0,0,0,0,0,0,0,
"(io.debezium.performance.connector.mysql.parser.MySqlDdlParserPerf.antlr,547ba8e0dba53996a0e931ea9ce2933eef27e640)",0,0,0,0,0,0,0,0,0,0,0,0,0,0,0,0,0,0,0,0,0,0,0,0,0,0,0,0,0,0,
"(io.debezium.performance.connector.mysql.parser.MySqlDdlParserPerf.antlr,d858e05bf6eed1b24299ebd54dddd43a115e2203)",0,0,0,0,0,0,0,0,0,0,0,0,0,0,0,0,0,0,0,0,0,0,0,0,0,0,0,0,0,0,
"(io.debezium.performance.connector.mysql.parser.MySqlDdlParserPerf.antlr,2f187fd1cb058d3f7f7cf42e45525f9aa7d37c74)",0,0,0,0,0,0,0,0,0,0,0,0,0,0,0,0,0,0,0,0,0,0,0,0,0,0,0,0,0,0,
"(io.debezium.performance.connector.mysql.parser.MySqlDdlParserPerf.legacy,2f187fd1cb058d3f7f7cf42e45525f9aa7d37c74)",0,0,0,0,0,0,0,0,0,0,0,0,0,0,0,0,0,0,0,0,0,0,0,0,0,0,0,0,0,0,
"(io.debezium.performance.connector.mysql.parser.MySqlDdlParserPerf.antlr,bbfbdf6fab1f77357b0ee2d10c9416aa21cd546a)",0,0,0,0,0,0,0,0,0,0,0,0,0,0,0,0,0,0,0,0,0,0,0,0,0,0,0,0,0,0,
"(io.debezium.performance.connector.mysql.parser.MySqlDdlParserPerf.legacy,bbfbdf6fab1f77357b0ee2d10c9416aa21cd546a)",0,0,0,0,0,0,0,0,0,0,0,0,0,0,0,0,0,0,0,0,0,0,0,0,0,0,0,0,0,0,
"(io.debezium.performance.connector.mysql.parser.MySqlDdlParserPerf.antlr,cc0df6166599165929395951b59743866931d8bd)",0,0,0,0,0,0,0,0,0,0,0,0,0,0,0,0,0,0,0,0,0,0,0,0,0,0,0,0,0,0,
"(io.debezium.performance.connector.mysql.parser.MySqlDdlParserPerf.legacy,cc0df6166599165929395951b59743866931d8bd)",0,0,0,0,0,0,0,0,0,0,0,0,0,0,0,0,0,0,0,0,0,0,0,0,0,0,0,0,0,0,
"(io.debezium.performance.connector.mysql.parser.MySqlDdlParserPerf.antlr,985e03e7b5336e718c0a83a56b95e8099ea52a82)",0,0,0,0,0,0,0,0,0,0,0,0,0,0,0,0,0,0,0,0,0,0,0,0,0,0,0,0,0,0,
"(io.debezium.performance.connector.mysql.parser.MySqlDdlParserPerf.legacy,985e03e7b5336e718c0a83a56b95e8099ea52a82)",0,0,0,0,0,0,0,0,0,0,0,0,0,0,0,0,0,0,0,0,0,0,0,0,0,0,0,0,0,0,
"(io.debezium.performance.connector.mysql.parser.MySqlDdlParserPerf.antlr,29f6d9dd0929b01089aba26348c55c8af202872b)",0,0,0,0,0,0,0,0,0,0,0,0,0,0,0,0,0,0,0,0,0,0,0,0,0,0,0,0,0,0,
"(io.debezium.performance.connector.mysql.parser.MySqlDdlParserPerf.antlr,61ff10a771c562de2471e0f1a2b5866842ac24ab)",0,0,0,0,0,0,0,0,0,0,0,0,0,0,0,0,0,0,0,0,0,0,0,0,0,0,0,0,0,0,
"(io.debezium.performance.connector.mysql.parser.MySqlDdlParserPerf.legacy,61ff10a771c562de2471e0f1a2b5866842ac24ab)",0,0,0,0,0,0,0,0,0,0,0,0,0,0,0,0,0,0,0,0,0,0,0,0,0,0,0,0,0,0,
"(io.debezium.performance.connector.mysql.parser.MySqlDdlParserPerf.antlr,38e1cc56bb76b3922d2c2f294b7aa8810bbfd7b4)",0,0,0,0,0,0,0,0,0,0,0,0,0,0,0,1,0,0,0,0,0,0,0,0,0,0,0,0,0,1,
"(io.debezium.performance.connector.mysql.parser.MySqlDdlParserPerf.legacy,38e1cc56bb76b3922d2c2f294b7aa8810bbfd7b4)",0,0,0,0,0,0,0,0,0,0,0,0,0,0,0,0,0,0,0,0,0,0,0,0,0,0,0,0,0,0,
"(io.debezium.performance.connector.mysql.parser.MySqlDdlParserPerf.antlr,8c28f3b859f76b5c855755953c160cfce1499cbb)",0,0,0,0,0,0,0,0,0,0,0,0,0,0,0,0,0,0,0,0,0,0,0,0,0,0,0,0,0,0,
"(io.debezium.performance.connector.mysql.parser.MySqlDdlParserPerf.legacy,8c28f3b859f76b5c855755953c160cfce1499cbb)",0,0,0,0,0,0,0,0,0,0,0,0,0,0,0,0,0,0,0,0,0,0,0,0,0,0,0,0,0,0,
"(io.debezium.performance.connector.mysql.parser.MySqlDdlParserPerf.antlr,9b90f10331f92c61196f58d302f37ab02754bb08)",0,0,0,0,0,0,0,0,0,0,0,0,0,0,0,0,0,0,0,0,0,0,0,0,0,0,0,0,0,0,
"(io.debezium.performance.connector.mysql.parser.MySqlDdlParserPerf.legacy,9b90f10331f92c61196f58d302f37ab02754bb08)",0,0,0,0,0,0,0,0,0,0,0,0,0,0,0,0,0,0,0,0,0,0,0,0,0,0,0,0,0,0,
"(io.debezium.performance.connector.mysql.parser.MySqlDdlParserPerf.antlr,965ff009a8a0bdf1ca8ab20ede39b5e3da9e5f29)",0,0,0,0,0,0,0,0,0,0,0,0,0,0,0,0,0,0,0,0,0,0,0,0,0,0,0,0,0,0,
"(io.debezium.performance.connector.mysql.parser.MySqlDdlParserPerf.antlr,edec1c30908fcc6c92b3fb43431e9da143adf397)",0,0,0,0,0,0,0,0,0,0,0,0,0,0,0,0,0,0,0,0,0,0,0,0,0,0,0,0,0,0,
"(io.debezium.performance.connector.mysql.parser.MySqlDdlParserPerf.legacy,edec1c30908fcc6c92b3fb43431e9da143adf397)",0,0,0,0,0,0,0,0,0,0,0,0,0,0,0,0,0,0,0,0,0,0,0,0,0,0,0,0,0,0,
"(io.debezium.performance.connector.mysql.parser.MySqlDdlParserPerf.antlr,26bdeee88502bad32fd11289e04af635e393171d)",0,0,0,0,0,0,0,0,0,0,0,0,0,0,0,0,0,0,0,0,0,0,0,0,0,0,0,0,0,0,
"(io.debezium.performance.connector.mysql.parser.MySqlDdlParserPerf.antlr,cf4db8c1a169ce1fb1b88e17f294f05916465b27)",0,0,0,0,0,0,0,0,0,0,0,0,0,0,0,0,0,0,0,0,0,0,0,0,0,0,0,0,0,0,
"(io.debezium.performance.connector.mysql.parser.MySqlDdlParserPerf.antlr,89ae4b21514e1c03ac06082c25b9afd5f809c2ea)",0,0,0,0,0,0,0,0,0,0,0,0,0,0,0,0,0,0,0,0,0,0,0,0,0,0,0,0,0,0,
"(io.debezium.performance.connector.mysql.parser.MySqlDdlParserPerf.antlr,0e354390195278a910f2603ed5101a8d45ea3e40)",0,0,0,0,0,0,0,0,0,0,0,0,0,0,0,0,0,0,0,0,0,0,0,0,0,0,0,0,0,0,
"(io.debezium.performance.connector.mysql.parser.MySqlDdlParserPerf.legacy,0e354390195278a910f2603ed5101a8d45ea3e40)",0,0,0,0,0,0,0,0,0,0,0,0,0,0,0,0,0,0,0,0,0,0,0,0,0,0,0,0,0,0,
"(io.debezium.performance.connector.mysql.parser.MySqlDdlParserPerf.antlr,135e66dd0d48b84f5cf248fb073a5c0235c22c3a)",0,0,0,0,0,0,0,0,0,0,0,0,0,0,0,0,0,0,0,0,0,0,0,0,0,0,0,0,0,0,
"(io.debezium.performance.connector.mysql.parser.MySqlDdlParserPerf.antlr,dd01d26d16dbeaf5e65cf545a0fdb31b475fc7b8)",0,0,0,0,0,0,0,0,0,0,0,0,0,0,0,0,0,0,0,0,0,0,0,0,0,0,0,0,0,0,
"(io.debezium.performance.connector.mysql.parser.MySqlDdlParserPerf.legacy,dd01d26d16dbeaf5e65cf545a0fdb31b475fc7b8)",0,0,0,0,0,0,0,0,0,0,0,0,0,0,0,0,0,0,0,0,0,0,0,0,0,0,0,0,0,0,
"(io.debezium.performance.connector.mysql.parser.MySqlDdlParserPerf.antlr,c74040058754709ce0dab36abad75260a9da122b)",0,0,0,0,0,0,0,0,0,0,0,0,0,0,0,0,0,0,0,0,0,0,0,0,0,0,0,0,0,0,
"(io.debezium.performance.connector.mysql.parser.MySqlDdlParserPerf.legacy,c74040058754709ce0dab36abad75260a9da122b)",0,0,0,0,0,0,0,0,0,0,0,0,0,0,0,0,0,0,0,0,0,0,0,0,0,0,0,0,0,0,
"(io.debezium.performance.connector.mysql.parser.MySqlDdlParserPerf.antlr,b3de0250a9469b35a561edc26d548284ea73651d)",0,0,0,0,0,0,0,0,0,0,0,0,0,0,0,0,0,0,0,0,0,0,0,0,0,0,0,0,0,0,
"(io.debezium.performance.connector.mysql.parser.MySqlDdlParserPerf.antlr,8c10e0ae66c238cb14560e514a6634d89b536c05)",0,0,0,0,0,0,0,0,0,0,0,0,0,0,0,0,0,0,0,0,0,0,0,0,0,0,0,0,0,0,
"(io.debezium.performance.connector.mysql.parser.MySqlDdlParserPerf.antlr,15b15d6b347f2c5f96eec896c5a342ee8415fa36)",0,0,0,0,0,0,0,0,0,0,0,0,0,0,0,0,0,0,0,0,0,0,0,0,0,0,0,0,0,0,
"(io.debezium.performance.connector.mysql.parser.MySqlDdlParserPerf.antlr,cd6a1f942d4197a2c748df1073b6b297c7ebd00b)",0,0,0,0,0,0,0,0,0,0,0,0,0,0,0,0,0,0,0,0,0,0,0,0,0,0,0,0,0,0,
"(io.debezium.performance.connector.mysql.parser.MySqlDdlParserPerf.antlr,dd5c2b8be99c96e0feeda15e0cf0b666bdf8f479)",0,0,0,0,0,0,0,0,0,0,0,0,0,0,0,0,0,0,0,0,0,0,0,0,0,0,0,0,0,0,
"(io.debezium.performance.connector.mysql.parser.MySqlDdlParserPerf.antlr,dc3f07d9d22e8331f2a6357e733bd1a8091b162e)",0,0,0,0,0,0,0,0,0,0,0,0,0,0,0,0,0,0,0,0,0,0,0,0,0,0,0,0,0,0,
"(io.debezium.performance.connector.mysql.parser.MySqlDdlParserPerf.antlr,0f6d2c54fc072c58b450368268da293272dc1deb)",0,0,0,0,0,0,0,0,0,0,0,0,0,0,0,0,0,0,0,0,0,0,0,0,0,0,0,0,0,0,
"(io.debezium.performance.connector.mysql.parser.MySqlDdlParserPerf.antlr,f868cb87c07a34785f7493de09b43d02202c12ce)",0,0,0,0,0,0,0,0,0,0,0,0,0,0,0,0,0,0,0,0,0,0,0,0,0,0,0,0,0,0,
"(io.debezium.performance.connector.mysql.parser.MySqlDdlParserPerf.antlr,d513e2c757a28dfd6ac726ca7da5fc8c65b64613)",0,0,0,0,0,0,0,0,0,0,0,0,0,0,0,0,0,0,0,0,0,0,0,0,0,0,0,0,0,0,
"(io.debezium.performance.connector.mysql.parser.MySqlDdlParserPerf.antlr,76e7cd66643c222873c178a0e1471a2754cac0a1)",0,0,0,0,0,0,0,0,1,0,0,0,0,0,0,0,0,0,0,0,0,0,0,0,0,0,0,0,0,1,
"(io.debezium.performance.connector.mysql.parser.MySqlDdlParserPerf.legacy,76e7cd66643c222873c178a0e1471a2754cac0a1)",0,0,0,0,0,0,0,0,0,0,0,0,0,0,0,0,0,0,0,0,0,0,0,0,0,0,0,0,0,0,
"(io.debezium.performance.connector.mysql.parser.MySqlDdlParserPerf.antlr,7e4ea91a10364516f2b8589342ed30f082d43cf7)",0,0,0,0,0,0,0,0,0,0,0,0,0,0,0,0,0,0,0,0,0,0,0,0,0,0,0,0,0,0,
"(io.debezium.performance.connector.mysql.parser.MySqlDdlParserPerf.antlr,1d9ac71a9eddd11a981946e514eea8f8618bd012)",0,0,0,0,0,0,0,0,0,0,0,0,0,0,0,0,0,0,0,0,0,0,0,0,0,0,0,0,0,0,
"(io.debezium.performance.connector.mysql.parser.MySqlDdlParserPerf.antlr,dace9da957398bfc39f73e2f941933b92a5be00c)",0,0,0,0,0,0,0,0,0,0,0,0,0,0,0,0,0,0,0,0,0,0,0,0,0,0,0,0,0,0,
"(io.debezium.performance.connector.mysql.parser.MySqlDdlParserPerf.antlr,38df24a76bf5184228c2f79ec0c86ef1b280426b)",0,0,0,0,0,0,0,0,0,0,0,0,0,0,0,0,0,0,0,0,0,0,0,0,0,0,0,0,0,0,
"(io.debezium.performance.connector.mysql.parser.MySqlDdlParserPerf.antlr,2a1934eeb1671361815b39cfbc59daaf39c603cc)",0,0,0,0,0,0,0,0,0,0,0,0,0,0,0,0,0,0,0,0,0,0,0,0,0,0,0,0,0,0,
"(io.debezium.performance.connector.mysql.parser.MySqlDdlParserPerf.legacy,2a1934eeb1671361815b39cfbc59daaf39c603cc)",0,0,0,0,0,0,0,0,0,0,0,0,0,0,0,0,0,0,0,0,0,0,0,0,0,0,0,0,0,0,
"(io.debezium.performance.connector.mysql.parser.MySqlDdlParserPerf.antlr,91c72738c04d942a2a894aecd452cb2fb7f3b476)",0,0,0,0,0,0,0,0,0,0,0,0,0,0,0,0,0,0,0,0,0,0,0,0,0,0,0,0,0,0,
"(io.debezium.performance.connector.mysql.parser.MySqlDdlParserPerf.legacy,91c72738c04d942a2a894aecd452cb2fb7f3b476)",0,0,0,0,0,0,0,0,0,0,0,0,0,0,0,0,0,0,0,0,0,0,0,0,0,0,0,0,0,0,
