"(Benchmark_method, commit)",Move Source Folder,Extract Method,Change Variable Type,Parameterize Variable,Extract Variable,Inline Method,Change Attribute Type,Extract Class,Move Attribute,Change Return Type,Extract And Move Method,Change Parameter Type,Move Class,Extract Superclass,Pull Up Method,Inline Variable,Change Package,Pull Up Attribute,Merge Parameter,Merge Variable,Move Method,Replace Variable With Attribute,Split Variable,Extract Subclass,Push Down Method,Push Down Attribute,Extract Interface,sum,delta
"(feign.benchmark.RealRequestBenchmarks.query_feignUsingOkHttp,be8f30d6ae2eb3fadcfbcd1f08002511ec9e64cf)",0,0,0,0,0,0,0,0,0,0,0,0,0,0,0,0,0,0,0,0,0,0,0,0,0,0,0,0,
"(feign.benchmark.RealRequestBenchmarks.query_baseCaseUsingOkHttp,be8f30d6ae2eb3fadcfbcd1f08002511ec9e64cf)",0,0,0,0,0,0,0,0,0,0,0,0,0,0,0,0,0,0,0,0,0,0,0,0,0,0,0,0,
"(feign.benchmark.WhatShouldWeCacheBenchmarks.buildAndQuery_fake_cachedContract,be8f30d6ae2eb3fadcfbcd1f08002511ec9e64cf)",0,0,0,0,0,0,0,0,0,0,0,0,0,0,0,0,0,0,0,0,0,0,0,0,0,0,0,0,
"(feign.benchmark.WhatShouldWeCacheBenchmarks.parseFeignContract,be8f30d6ae2eb3fadcfbcd1f08002511ec9e64cf)",0,0,0,0,0,0,0,0,0,0,0,0,0,0,0,0,0,0,0,0,0,0,0,0,0,0,0,0,
"(feign.benchmark.WhatShouldWeCacheBenchmarks.buildAndQuery_fake_cachedFeign,be8f30d6ae2eb3fadcfbcd1f08002511ec9e64cf)",0,0,0,0,0,0,0,0,0,0,0,0,0,0,0,0,0,0,0,0,0,0,0,0,0,0,0,0,
"(feign.benchmark.WhatShouldWeCacheBenchmarks.buildAndQuery_fake,be8f30d6ae2eb3fadcfbcd1f08002511ec9e64cf)",0,0,0,0,0,0,0,0,0,0,0,0,0,0,0,0,0,0,0,0,0,0,0,0,0,0,0,0,
"(feign.benchmark.DecoderIteratorsBenchmark.decode,be8f30d6ae2eb3fadcfbcd1f08002511ec9e64cf)",0,0,0,0,0,0,0,0,0,0,0,0,0,0,0,0,0,0,0,0,0,0,0,0,0,0,0,0,
"(feign.benchmark.WhatShouldWeCacheBenchmarks.buildAndQuery_fake_cachedApi,be8f30d6ae2eb3fadcfbcd1f08002511ec9e64cf)",0,0,0,0,0,0,0,0,0,0,0,0,0,0,0,0,0,0,0,0,0,0,0,0,0,0,0,0,
"(feign.benchmark.RealRequestBenchmarks.query_feignUsingOkHttp,99bbcba6f1c124f0277b24b4a2304fbcf9917962)",0,0,0,0,0,0,0,0,0,0,0,0,0,0,0,0,0,0,0,0,0,0,0,0,0,0,0,0,
"(feign.benchmark.RealRequestBenchmarks.query_baseCaseUsingOkHttp,99bbcba6f1c124f0277b24b4a2304fbcf9917962)",0,0,0,0,0,0,0,0,0,0,0,0,0,0,0,0,0,0,0,0,0,0,0,0,0,0,0,0,
"(feign.benchmark.WhatShouldWeCacheBenchmarks.buildAndQuery_fake_cachedContract,99bbcba6f1c124f0277b24b4a2304fbcf9917962)",0,0,0,0,0,0,0,0,0,0,0,0,0,0,0,0,0,0,0,0,0,0,0,0,0,0,0,0,
"(feign.benchmark.WhatShouldWeCacheBenchmarks.parseFeignContract,99bbcba6f1c124f0277b24b4a2304fbcf9917962)",0,0,0,0,0,0,0,0,0,0,0,0,0,0,0,0,0,0,0,0,0,0,0,0,0,0,0,0,
"(feign.benchmark.WhatShouldWeCacheBenchmarks.buildAndQuery_fake_cachedFeign,99bbcba6f1c124f0277b24b4a2304fbcf9917962)",0,0,0,0,0,0,0,0,0,0,0,0,0,0,0,0,0,0,0,0,0,0,0,0,0,0,0,0,
"(feign.benchmark.WhatShouldWeCacheBenchmarks.buildAndQuery_fake,99bbcba6f1c124f0277b24b4a2304fbcf9917962)",0,0,0,0,0,0,0,0,0,0,0,0,0,0,0,0,0,0,0,0,0,0,0,0,0,0,0,0,
"(feign.benchmark.DecoderIteratorsBenchmark.decode,99bbcba6f1c124f0277b24b4a2304fbcf9917962)",0,0,0,0,0,0,0,0,0,0,0,0,0,0,0,0,0,0,0,0,0,0,0,0,0,0,0,0,
"(feign.benchmark.WhatShouldWeCacheBenchmarks.buildAndQuery_fake_cachedApi,99bbcba6f1c124f0277b24b4a2304fbcf9917962)",0,0,0,0,0,0,0,0,0,0,0,0,0,0,0,0,0,0,0,0,0,0,0,0,0,0,0,0,
"(feign.benchmark.RealRequestBenchmarks.query_feignUsingOkHttp,248bb9ab3b54be0ec5285f205f57a7c4e74db49d)",0,0,0,0,0,0,0,0,0,0,0,0,0,0,0,0,0,0,0,0,0,0,0,0,0,0,0,0,
"(feign.benchmark.RealRequestBenchmarks.query_baseCaseUsingOkHttp,248bb9ab3b54be0ec5285f205f57a7c4e74db49d)",0,0,0,0,0,0,0,0,0,0,0,0,0,0,0,0,0,0,0,0,0,0,0,0,0,0,0,0,
"(feign.benchmark.WhatShouldWeCacheBenchmarks.buildAndQuery_fake_cachedContract,248bb9ab3b54be0ec5285f205f57a7c4e74db49d)",0,0,0,0,0,0,0,0,0,0,0,0,0,0,0,0,0,0,0,0,0,0,0,0,0,0,0,0,
"(feign.benchmark.WhatShouldWeCacheBenchmarks.parseFeignContract,248bb9ab3b54be0ec5285f205f57a7c4e74db49d)",0,0,0,0,0,0,0,0,0,0,0,0,0,0,0,0,0,0,0,0,0,0,0,0,0,0,0,0,
"(feign.benchmark.WhatShouldWeCacheBenchmarks.buildAndQuery_fake_cachedFeign,248bb9ab3b54be0ec5285f205f57a7c4e74db49d)",0,0,0,0,0,0,0,0,0,0,0,0,0,0,0,0,0,0,0,0,0,0,0,0,0,0,0,0,
"(feign.benchmark.WhatShouldWeCacheBenchmarks.buildAndQuery_fake,248bb9ab3b54be0ec5285f205f57a7c4e74db49d)",0,0,0,0,0,0,0,0,0,0,0,0,0,0,0,0,0,0,0,0,0,0,0,0,0,0,0,0,
"(feign.benchmark.DecoderIteratorsBenchmark.decode,248bb9ab3b54be0ec5285f205f57a7c4e74db49d)",1,0,0,0,0,0,0,0,0,0,0,0,0,0,0,0,0,0,0,0,0,0,0,0,0,0,0,1,
"(feign.benchmark.WhatShouldWeCacheBenchmarks.buildAndQuery_fake_cachedApi,248bb9ab3b54be0ec5285f205f57a7c4e74db49d)",0,0,0,0,0,0,0,0,0,0,0,0,0,0,0,0,0,0,0,0,0,0,0,0,0,0,0,0,
"(feign.benchmark.RealRequestBenchmarks.query_feignUsingOkHttp,192ef115f43fe8ee10b32309c814f19ae7d3f929)",0,0,0,0,0,0,0,0,0,0,0,0,0,0,0,0,0,0,0,0,0,0,0,0,0,0,0,0,
"(feign.benchmark.RealRequestBenchmarks.query_baseCaseUsingOkHttp,192ef115f43fe8ee10b32309c814f19ae7d3f929)",0,0,0,0,0,0,0,0,0,0,0,0,0,0,0,0,0,0,0,0,0,0,0,0,0,0,0,0,
"(feign.benchmark.WhatShouldWeCacheBenchmarks.buildAndQuery_fake_cachedContract,192ef115f43fe8ee10b32309c814f19ae7d3f929)",0,0,0,0,0,0,0,0,0,0,0,0,0,0,0,0,0,0,0,0,0,0,0,0,0,0,0,0,
"(feign.benchmark.WhatShouldWeCacheBenchmarks.parseFeignContract,192ef115f43fe8ee10b32309c814f19ae7d3f929)",0,0,0,0,0,0,0,0,0,0,0,0,0,0,0,0,0,0,0,0,0,0,0,0,0,0,0,0,
"(feign.benchmark.WhatShouldWeCacheBenchmarks.buildAndQuery_fake_cachedFeign,192ef115f43fe8ee10b32309c814f19ae7d3f929)",0,0,0,0,0,0,0,0,0,0,0,0,0,0,0,0,0,0,0,0,0,0,0,0,0,0,0,0,
"(feign.benchmark.WhatShouldWeCacheBenchmarks.buildAndQuery_fake,192ef115f43fe8ee10b32309c814f19ae7d3f929)",0,0,0,0,0,0,0,0,0,0,0,0,0,0,0,0,0,0,0,0,0,0,0,0,0,0,0,0,
"(feign.benchmark.DecoderIteratorsBenchmark.decode,192ef115f43fe8ee10b32309c814f19ae7d3f929)",0,0,0,0,0,0,0,0,0,0,0,0,0,0,0,0,0,0,0,0,0,0,0,0,0,0,0,0,
"(feign.benchmark.WhatShouldWeCacheBenchmarks.buildAndQuery_fake_cachedApi,192ef115f43fe8ee10b32309c814f19ae7d3f929)",0,0,0,0,0,0,0,0,0,0,0,0,0,0,0,0,0,0,0,0,0,0,0,0,0,0,0,0,
"(feign.benchmark.RealRequestBenchmarks.query_feignUsingOkHttp,d436ca153b4f88ea630d14bfe3fd646ada1ba407)",0,0,0,0,0,0,0,0,0,0,0,0,0,0,0,0,0,0,0,0,0,0,0,0,0,0,0,0,
"(feign.benchmark.RealRequestBenchmarks.query_baseCaseUsingOkHttp,d436ca153b4f88ea630d14bfe3fd646ada1ba407)",0,0,0,0,0,0,0,0,0,0,0,0,0,0,0,0,0,0,0,0,0,0,0,0,0,0,0,0,
"(feign.benchmark.WhatShouldWeCacheBenchmarks.buildAndQuery_fake_cachedContract,d436ca153b4f88ea630d14bfe3fd646ada1ba407)",0,0,0,0,0,0,0,0,0,0,0,0,0,0,0,0,0,0,0,0,0,0,0,0,0,0,0,0,
"(feign.benchmark.WhatShouldWeCacheBenchmarks.parseFeignContract,d436ca153b4f88ea630d14bfe3fd646ada1ba407)",0,0,0,0,0,0,0,0,0,0,0,0,0,0,0,0,0,0,0,0,0,0,0,0,0,0,0,0,
"(feign.benchmark.WhatShouldWeCacheBenchmarks.buildAndQuery_fake_cachedFeign,d436ca153b4f88ea630d14bfe3fd646ada1ba407)",0,0,0,0,0,0,0,0,0,0,0,0,0,0,0,0,0,0,0,0,0,0,0,0,0,0,0,0,
"(feign.benchmark.WhatShouldWeCacheBenchmarks.buildAndQuery_fake,d436ca153b4f88ea630d14bfe3fd646ada1ba407)",0,0,0,0,0,0,0,0,0,0,0,0,0,0,0,0,0,0,0,0,0,0,0,0,0,0,0,0,
"(feign.benchmark.DecoderIteratorsBenchmark.decode,d436ca153b4f88ea630d14bfe3fd646ada1ba407)",0,0,0,0,0,0,0,0,0,0,0,0,0,0,0,0,0,0,0,0,0,0,0,0,0,0,0,0,
"(feign.benchmark.WhatShouldWeCacheBenchmarks.buildAndQuery_fake_cachedApi,d436ca153b4f88ea630d14bfe3fd646ada1ba407)",0,0,0,0,0,0,0,0,0,0,0,0,0,0,0,0,0,0,0,0,0,0,0,0,0,0,0,0,
"(feign.benchmark.RealRequestBenchmarks.query_feignUsingOkHttp,cca0cad160d5e871cf8b64c3f41ee5525b7a2a1f)",0,0,0,0,0,0,0,0,0,0,0,0,0,0,0,0,0,0,0,0,0,0,0,0,0,0,0,0,
"(feign.benchmark.RealRequestBenchmarks.query_baseCaseUsingOkHttp,cca0cad160d5e871cf8b64c3f41ee5525b7a2a1f)",0,0,0,0,0,0,0,0,0,0,0,0,0,0,0,0,0,0,0,0,0,0,0,0,0,0,0,0,
"(feign.benchmark.WhatShouldWeCacheBenchmarks.buildAndQuery_fake_cachedContract,cca0cad160d5e871cf8b64c3f41ee5525b7a2a1f)",0,0,0,0,0,0,0,0,0,0,0,0,0,0,0,0,0,0,0,0,0,0,0,0,0,0,0,0,
"(feign.benchmark.WhatShouldWeCacheBenchmarks.parseFeignContract,cca0cad160d5e871cf8b64c3f41ee5525b7a2a1f)",0,0,0,0,0,0,0,0,0,0,0,0,0,0,0,0,0,0,0,0,0,0,0,0,0,0,0,0,
"(feign.benchmark.WhatShouldWeCacheBenchmarks.buildAndQuery_fake_cachedFeign,cca0cad160d5e871cf8b64c3f41ee5525b7a2a1f)",0,0,0,0,0,0,0,0,0,0,0,0,0,0,0,0,0,0,0,0,0,0,0,0,0,0,0,0,
"(feign.benchmark.WhatShouldWeCacheBenchmarks.buildAndQuery_fake,cca0cad160d5e871cf8b64c3f41ee5525b7a2a1f)",0,0,0,0,0,0,0,0,0,0,0,0,0,0,0,0,0,0,0,0,0,0,0,0,0,0,0,0,
"(feign.benchmark.DecoderIteratorsBenchmark.decode,cca0cad160d5e871cf8b64c3f41ee5525b7a2a1f)",0,0,0,0,0,0,0,0,0,0,0,0,0,0,0,0,0,0,0,0,0,0,0,0,0,0,0,0,
"(feign.benchmark.WhatShouldWeCacheBenchmarks.buildAndQuery_fake_cachedApi,cca0cad160d5e871cf8b64c3f41ee5525b7a2a1f)",0,0,0,0,0,0,0,0,0,0,0,0,0,0,0,0,0,0,0,0,0,0,0,0,0,0,0,0,
"(feign.benchmark.RealRequestBenchmarks.query_feignUsingOkHttp,5e2fdeed0dc72cf7022993ad9877f7bb8e011e14)",0,0,0,0,0,0,0,0,0,0,0,0,0,0,0,0,0,0,0,0,0,0,0,0,0,0,0,0,
"(feign.benchmark.RealRequestBenchmarks.query_baseCaseUsingOkHttp,5e2fdeed0dc72cf7022993ad9877f7bb8e011e14)",0,0,0,0,0,0,0,0,0,0,0,0,0,0,0,0,0,0,0,0,0,0,0,0,0,0,0,0,
"(feign.benchmark.WhatShouldWeCacheBenchmarks.buildAndQuery_fake_cachedContract,5e2fdeed0dc72cf7022993ad9877f7bb8e011e14)",0,0,0,0,0,0,0,0,0,0,0,0,0,0,0,0,0,0,0,0,0,0,0,0,0,0,0,0,
"(feign.benchmark.WhatShouldWeCacheBenchmarks.parseFeignContract,5e2fdeed0dc72cf7022993ad9877f7bb8e011e14)",0,0,0,0,0,0,0,0,0,0,0,0,0,0,0,0,0,0,0,0,0,0,0,0,0,0,0,0,
"(feign.benchmark.WhatShouldWeCacheBenchmarks.buildAndQuery_fake_cachedFeign,5e2fdeed0dc72cf7022993ad9877f7bb8e011e14)",0,0,0,0,0,0,0,0,0,0,0,0,0,0,0,0,0,0,0,0,0,0,0,0,0,0,0,0,
"(feign.benchmark.WhatShouldWeCacheBenchmarks.buildAndQuery_fake,5e2fdeed0dc72cf7022993ad9877f7bb8e011e14)",0,0,0,0,0,0,0,0,0,0,0,0,0,0,0,0,0,0,0,0,0,0,0,0,0,0,0,0,
"(feign.benchmark.DecoderIteratorsBenchmark.decode,5e2fdeed0dc72cf7022993ad9877f7bb8e011e14)",0,0,0,0,0,0,0,0,0,0,0,0,0,0,0,0,0,0,0,0,0,0,0,0,0,0,0,0,
"(feign.benchmark.WhatShouldWeCacheBenchmarks.buildAndQuery_fake_cachedApi,5e2fdeed0dc72cf7022993ad9877f7bb8e011e14)",0,0,0,0,0,0,0,0,0,0,0,0,0,0,0,0,0,0,0,0,0,0,0,0,0,0,0,0,
"(feign.benchmark.RealRequestBenchmarks.query_feignUsingOkHttp,089a59f98076d64b3086b98366ebbf0d2114769b)",0,1,1,0,0,0,0,0,0,0,0,0,0,0,0,0,0,0,0,0,0,0,0,0,0,0,0,2,
"(feign.benchmark.RealRequestBenchmarks.query_baseCaseUsingOkHttp,089a59f98076d64b3086b98366ebbf0d2114769b)",0,0,0,0,0,0,0,0,0,0,0,0,0,0,0,0,0,0,0,0,0,0,0,0,0,0,0,0,
"(feign.benchmark.WhatShouldWeCacheBenchmarks.buildAndQuery_fake_cachedContract,089a59f98076d64b3086b98366ebbf0d2114769b)",0,1,1,0,0,0,0,0,0,0,0,0,0,0,0,0,0,0,0,0,0,0,0,0,0,0,0,2,
"(feign.benchmark.WhatShouldWeCacheBenchmarks.parseFeignContract,089a59f98076d64b3086b98366ebbf0d2114769b)",0,0,0,0,0,0,0,0,0,0,0,0,0,0,0,0,0,0,0,0,0,0,0,0,0,0,0,0,
"(feign.benchmark.WhatShouldWeCacheBenchmarks.buildAndQuery_fake_cachedFeign,089a59f98076d64b3086b98366ebbf0d2114769b)",0,0,0,0,0,0,0,0,0,0,0,0,0,0,0,0,0,0,0,0,0,0,0,0,0,0,0,0,
"(feign.benchmark.WhatShouldWeCacheBenchmarks.buildAndQuery_fake,089a59f98076d64b3086b98366ebbf0d2114769b)",0,1,1,0,0,0,0,0,0,0,0,0,0,0,0,0,0,0,0,0,0,0,0,0,0,0,0,2,
"(feign.benchmark.DecoderIteratorsBenchmark.decode,089a59f98076d64b3086b98366ebbf0d2114769b)",0,0,0,0,0,0,0,0,0,0,0,0,0,0,0,0,0,0,0,0,0,0,0,0,0,0,0,0,
"(feign.benchmark.WhatShouldWeCacheBenchmarks.buildAndQuery_fake_cachedApi,089a59f98076d64b3086b98366ebbf0d2114769b)",0,1,1,0,0,0,0,0,0,0,0,0,0,0,0,0,0,0,0,0,0,0,0,0,0,0,0,2,
"(feign.benchmark.RealRequestBenchmarks.query_feignUsingOkHttp,bf9d292871c9c56d14353a6f321f7b221b15ba7f)",0,0,0,0,0,0,0,0,0,0,0,0,0,0,0,0,0,0,0,0,0,0,0,0,0,0,0,0,
"(feign.benchmark.RealRequestBenchmarks.query_baseCaseUsingOkHttp,bf9d292871c9c56d14353a6f321f7b221b15ba7f)",0,0,0,0,0,0,0,0,0,0,0,0,0,0,0,0,0,0,0,0,0,0,0,0,0,0,0,0,
"(feign.benchmark.WhatShouldWeCacheBenchmarks.buildAndQuery_fake_cachedContract,bf9d292871c9c56d14353a6f321f7b221b15ba7f)",0,0,0,0,0,0,0,0,0,0,0,0,0,0,0,0,0,0,0,0,0,0,0,0,0,0,0,0,
"(feign.benchmark.WhatShouldWeCacheBenchmarks.parseFeignContract,bf9d292871c9c56d14353a6f321f7b221b15ba7f)",0,0,0,0,0,0,0,0,0,0,0,0,0,0,0,0,0,0,0,0,0,0,0,0,0,0,0,0,
"(feign.benchmark.WhatShouldWeCacheBenchmarks.buildAndQuery_fake_cachedFeign,bf9d292871c9c56d14353a6f321f7b221b15ba7f)",0,0,0,0,0,0,0,0,0,0,0,0,0,0,0,0,0,0,0,0,0,0,0,0,0,0,0,0,
"(feign.benchmark.WhatShouldWeCacheBenchmarks.buildAndQuery_fake,bf9d292871c9c56d14353a6f321f7b221b15ba7f)",0,0,0,0,0,0,0,0,0,0,0,0,0,0,0,0,0,0,0,0,0,0,0,0,0,0,0,0,
"(feign.benchmark.DecoderIteratorsBenchmark.decode,bf9d292871c9c56d14353a6f321f7b221b15ba7f)",0,0,0,0,0,0,0,0,0,0,0,0,0,0,0,0,0,0,0,0,0,0,0,0,0,0,0,0,
"(feign.benchmark.WhatShouldWeCacheBenchmarks.buildAndQuery_fake_cachedApi,bf9d292871c9c56d14353a6f321f7b221b15ba7f)",0,0,0,0,0,0,0,0,0,0,0,0,0,0,0,0,0,0,0,0,0,0,0,0,0,0,0,0,
"(feign.benchmark.RealRequestBenchmarks.query_feignUsingOkHttp,7b3acf239a0fc90e89e3763aad9bd744f93ccd2d)",0,0,0,0,0,0,0,0,0,0,0,0,0,0,0,0,0,0,0,0,0,0,0,0,0,0,0,0,
"(feign.benchmark.RealRequestBenchmarks.query_baseCaseUsingOkHttp,7b3acf239a0fc90e89e3763aad9bd744f93ccd2d)",0,0,0,0,0,0,0,0,0,0,0,0,0,0,0,0,0,0,0,0,0,0,0,0,0,0,0,0,
"(feign.benchmark.WhatShouldWeCacheBenchmarks.buildAndQuery_fake_cachedContract,7b3acf239a0fc90e89e3763aad9bd744f93ccd2d)",0,0,0,0,0,0,0,0,0,0,0,0,0,0,0,0,0,0,0,0,0,0,0,0,0,0,0,0,
"(feign.benchmark.WhatShouldWeCacheBenchmarks.parseFeignContract,7b3acf239a0fc90e89e3763aad9bd744f93ccd2d)",0,0,0,0,0,0,0,0,0,0,0,0,0,0,0,0,0,0,0,0,0,0,0,0,0,0,0,0,
"(feign.benchmark.WhatShouldWeCacheBenchmarks.buildAndQuery_fake_cachedFeign,7b3acf239a0fc90e89e3763aad9bd744f93ccd2d)",0,0,0,0,0,0,0,0,0,0,0,0,0,0,0,0,0,0,0,0,0,0,0,0,0,0,0,0,
"(feign.benchmark.WhatShouldWeCacheBenchmarks.buildAndQuery_fake,7b3acf239a0fc90e89e3763aad9bd744f93ccd2d)",0,0,0,0,0,0,0,0,0,0,0,0,0,0,0,0,0,0,0,0,0,0,0,0,0,0,0,0,
"(feign.benchmark.DecoderIteratorsBenchmark.decode,7b3acf239a0fc90e89e3763aad9bd744f93ccd2d)",0,0,0,0,0,0,0,0,0,0,0,0,0,0,0,0,0,0,0,0,0,0,0,0,0,0,0,0,
"(feign.benchmark.WhatShouldWeCacheBenchmarks.buildAndQuery_fake_cachedApi,7b3acf239a0fc90e89e3763aad9bd744f93ccd2d)",0,0,0,0,0,0,0,0,0,0,0,0,0,0,0,0,0,0,0,0,0,0,0,0,0,0,0,0,
"(feign.benchmark.RealRequestBenchmarks.query_feignUsingOkHttp,381142e6cf76925d874d7b1921eb44086b752e83)",0,0,0,0,0,0,0,0,0,0,0,0,0,0,0,0,0,0,0,0,0,0,0,0,0,0,0,0,
"(feign.benchmark.RealRequestBenchmarks.query_baseCaseUsingOkHttp,381142e6cf76925d874d7b1921eb44086b752e83)",0,0,0,0,0,0,0,0,0,0,0,0,0,0,0,0,0,0,0,0,0,0,0,0,0,0,0,0,
"(feign.benchmark.WhatShouldWeCacheBenchmarks.buildAndQuery_fake_cachedContract,381142e6cf76925d874d7b1921eb44086b752e83)",0,0,0,0,0,0,0,0,0,0,0,1,1,0,0,0,0,0,0,0,0,0,0,0,0,0,0,2,
"(feign.benchmark.WhatShouldWeCacheBenchmarks.parseFeignContract,381142e6cf76925d874d7b1921eb44086b752e83)",0,0,0,0,0,0,0,0,0,0,0,0,1,0,0,0,0,0,0,0,0,0,0,0,0,0,0,1,
"(feign.benchmark.WhatShouldWeCacheBenchmarks.buildAndQuery_fake_cachedFeign,381142e6cf76925d874d7b1921eb44086b752e83)",0,0,0,0,0,0,0,0,0,0,0,0,1,0,0,0,0,0,0,0,0,0,0,0,0,0,0,1,
"(feign.benchmark.WhatShouldWeCacheBenchmarks.buildAndQuery_fake,381142e6cf76925d874d7b1921eb44086b752e83)",0,0,0,0,0,0,0,0,0,0,0,1,1,0,0,0,0,0,0,0,0,0,0,0,0,0,0,2,
"(feign.benchmark.DecoderIteratorsBenchmark.decode,381142e6cf76925d874d7b1921eb44086b752e83)",0,0,0,0,0,0,0,0,0,0,0,0,0,0,0,0,0,0,0,0,0,0,0,0,0,0,0,0,
"(feign.benchmark.WhatShouldWeCacheBenchmarks.buildAndQuery_fake_cachedApi,381142e6cf76925d874d7b1921eb44086b752e83)",0,0,0,0,0,0,0,0,0,0,0,0,0,0,0,0,0,0,0,0,0,0,0,0,0,0,0,0,
"(feign.benchmark.RealRequestBenchmarks.query_feignUsingOkHttp,fb825f2ce1a0d40ea8b1a5612ccdbe76d15bc3ef)",0,0,0,0,0,0,0,0,0,0,0,0,0,0,0,0,0,0,0,0,0,0,0,0,0,0,0,0,
"(feign.benchmark.RealRequestBenchmarks.query_baseCaseUsingOkHttp,fb825f2ce1a0d40ea8b1a5612ccdbe76d15bc3ef)",0,0,0,0,0,0,0,0,0,0,0,0,0,0,0,0,0,0,0,0,0,0,0,0,0,0,0,0,
"(feign.benchmark.WhatShouldWeCacheBenchmarks.buildAndQuery_fake_cachedContract,fb825f2ce1a0d40ea8b1a5612ccdbe76d15bc3ef)",0,0,0,0,0,0,0,0,0,0,0,0,0,0,0,0,0,0,0,0,0,0,0,0,0,0,0,0,
"(feign.benchmark.WhatShouldWeCacheBenchmarks.parseFeignContract,fb825f2ce1a0d40ea8b1a5612ccdbe76d15bc3ef)",0,0,0,0,0,0,0,0,0,0,0,0,0,0,0,0,0,0,0,0,0,0,0,0,0,0,0,0,
"(feign.benchmark.WhatShouldWeCacheBenchmarks.buildAndQuery_fake_cachedFeign,fb825f2ce1a0d40ea8b1a5612ccdbe76d15bc3ef)",0,0,0,0,0,0,0,0,0,0,0,0,0,0,0,0,0,0,0,0,0,0,0,0,0,0,0,0,
"(feign.benchmark.WhatShouldWeCacheBenchmarks.buildAndQuery_fake,fb825f2ce1a0d40ea8b1a5612ccdbe76d15bc3ef)",0,0,0,0,0,0,0,0,0,0,0,0,0,0,0,0,0,0,0,0,0,0,0,0,0,0,0,0,
"(feign.benchmark.DecoderIteratorsBenchmark.decode,fb825f2ce1a0d40ea8b1a5612ccdbe76d15bc3ef)",0,0,0,0,0,0,0,0,0,0,0,0,0,0,0,0,0,0,0,0,0,0,0,0,0,0,0,0,
"(feign.benchmark.WhatShouldWeCacheBenchmarks.buildAndQuery_fake_cachedApi,fb825f2ce1a0d40ea8b1a5612ccdbe76d15bc3ef)",0,0,0,0,0,0,0,0,0,0,0,0,0,0,0,0,0,0,0,0,0,0,0,0,0,0,0,0,
"(feign.benchmark.RealRequestBenchmarks.query_feignUsingOkHttp,b6db37ee3ad7990809425da225c413defa4ce786)",0,0,0,0,0,1,0,1,0,0,0,0,0,0,0,0,0,0,0,0,0,0,0,0,0,0,0,2,
"(feign.benchmark.RealRequestBenchmarks.query_baseCaseUsingOkHttp,b6db37ee3ad7990809425da225c413defa4ce786)",0,0,0,0,0,0,0,0,0,0,0,0,0,0,0,0,0,0,0,0,0,0,0,0,0,0,0,0,
"(feign.benchmark.WhatShouldWeCacheBenchmarks.buildAndQuery_fake_cachedContract,b6db37ee3ad7990809425da225c413defa4ce786)",0,0,0,0,0,1,0,1,0,0,0,0,0,0,0,0,0,0,0,0,0,0,0,0,0,0,0,2,
"(feign.benchmark.WhatShouldWeCacheBenchmarks.parseFeignContract,b6db37ee3ad7990809425da225c413defa4ce786)",0,0,0,0,0,0,0,0,0,0,0,0,0,0,0,0,0,0,0,0,0,0,0,0,0,0,0,0,
"(feign.benchmark.WhatShouldWeCacheBenchmarks.buildAndQuery_fake_cachedFeign,b6db37ee3ad7990809425da225c413defa4ce786)",0,0,0,0,0,1,0,1,0,0,0,0,0,0,0,0,0,0,0,0,0,0,0,0,0,0,0,2,
"(feign.benchmark.WhatShouldWeCacheBenchmarks.buildAndQuery_fake,b6db37ee3ad7990809425da225c413defa4ce786)",0,0,0,0,0,1,0,1,0,0,0,0,0,0,0,0,0,0,0,0,0,0,0,0,0,0,0,2,
"(feign.benchmark.DecoderIteratorsBenchmark.decode,b6db37ee3ad7990809425da225c413defa4ce786)",0,0,0,0,0,0,0,0,0,0,0,0,0,0,0,0,0,0,0,0,0,0,0,0,0,0,0,0,
"(feign.benchmark.WhatShouldWeCacheBenchmarks.buildAndQuery_fake_cachedApi,b6db37ee3ad7990809425da225c413defa4ce786)",0,0,0,0,0,1,0,1,0,0,0,0,0,0,0,0,0,0,0,0,0,0,0,0,0,0,0,2,
"(feign.benchmark.RealRequestBenchmarks.query_feignUsingOkHttp,2ee3f99624bad5ea6ba8390e5b3295c06734f4a4)",0,0,0,0,0,0,0,0,0,0,0,0,0,0,0,0,0,0,0,0,0,0,0,0,0,0,0,0,
"(feign.benchmark.RealRequestBenchmarks.query_baseCaseUsingOkHttp,2ee3f99624bad5ea6ba8390e5b3295c06734f4a4)",0,0,0,0,0,0,0,0,0,0,0,0,0,0,0,0,0,0,0,0,0,0,0,0,0,0,0,0,
"(feign.benchmark.WhatShouldWeCacheBenchmarks.buildAndQuery_fake_cachedContract,2ee3f99624bad5ea6ba8390e5b3295c06734f4a4)",0,0,0,0,0,0,0,0,0,0,0,0,0,0,0,0,0,0,0,0,0,0,0,0,0,0,0,0,
"(feign.benchmark.WhatShouldWeCacheBenchmarks.parseFeignContract,2ee3f99624bad5ea6ba8390e5b3295c06734f4a4)",0,0,0,0,0,0,0,0,0,0,0,0,0,0,0,0,0,0,0,0,0,0,0,0,0,0,0,0,
"(feign.benchmark.WhatShouldWeCacheBenchmarks.buildAndQuery_fake_cachedFeign,2ee3f99624bad5ea6ba8390e5b3295c06734f4a4)",0,0,0,0,0,0,0,0,0,0,0,0,0,0,0,0,0,0,0,0,0,0,0,0,0,0,0,0,
"(feign.benchmark.WhatShouldWeCacheBenchmarks.buildAndQuery_fake,2ee3f99624bad5ea6ba8390e5b3295c06734f4a4)",0,0,0,0,0,0,0,0,0,0,0,0,0,0,0,0,0,0,0,0,0,0,0,0,0,0,0,0,
"(feign.benchmark.DecoderIteratorsBenchmark.decode,2ee3f99624bad5ea6ba8390e5b3295c06734f4a4)",0,0,0,0,0,0,0,0,0,0,0,0,0,0,0,0,0,0,0,0,0,0,0,0,0,0,0,0,
"(feign.benchmark.WhatShouldWeCacheBenchmarks.buildAndQuery_fake_cachedApi,2ee3f99624bad5ea6ba8390e5b3295c06734f4a4)",0,0,0,0,0,0,0,0,0,0,0,0,0,0,0,0,0,0,0,0,0,0,0,0,0,0,0,0,
"(feign.benchmark.RealRequestBenchmarks.query_feignUsingOkHttp,ad8c9190ae1a56baf0a7c991813f424db849fb21)",0,0,0,0,0,0,0,0,0,0,0,0,0,0,0,0,0,0,0,0,0,0,0,0,0,0,0,0,
"(feign.benchmark.RealRequestBenchmarks.query_baseCaseUsingOkHttp,ad8c9190ae1a56baf0a7c991813f424db849fb21)",0,0,0,0,0,0,0,0,0,0,0,0,0,0,0,0,0,0,0,0,0,0,0,0,0,0,0,0,
"(feign.benchmark.WhatShouldWeCacheBenchmarks.buildAndQuery_fake_cachedContract,ad8c9190ae1a56baf0a7c991813f424db849fb21)",0,0,0,0,0,0,0,0,0,0,0,0,0,0,0,0,0,0,0,0,0,0,0,0,0,0,0,0,
"(feign.benchmark.WhatShouldWeCacheBenchmarks.parseFeignContract,ad8c9190ae1a56baf0a7c991813f424db849fb21)",0,0,0,0,0,0,0,0,0,0,0,0,0,0,0,0,0,0,0,0,0,0,0,0,0,0,0,0,
"(feign.benchmark.WhatShouldWeCacheBenchmarks.buildAndQuery_fake_cachedFeign,ad8c9190ae1a56baf0a7c991813f424db849fb21)",0,0,0,0,0,0,0,0,0,0,0,0,0,0,0,0,0,0,0,0,0,0,0,0,0,0,0,0,
"(feign.benchmark.WhatShouldWeCacheBenchmarks.buildAndQuery_fake,ad8c9190ae1a56baf0a7c991813f424db849fb21)",0,0,0,0,0,0,0,0,0,0,0,0,0,0,0,0,0,0,0,0,0,0,0,0,0,0,0,0,
"(feign.benchmark.DecoderIteratorsBenchmark.decode,ad8c9190ae1a56baf0a7c991813f424db849fb21)",0,0,0,0,0,0,0,0,0,0,0,0,0,0,0,0,0,0,0,0,0,0,0,0,0,0,0,0,
"(feign.benchmark.WhatShouldWeCacheBenchmarks.buildAndQuery_fake_cachedApi,ad8c9190ae1a56baf0a7c991813f424db849fb21)",0,0,0,0,0,0,0,0,0,0,0,0,0,0,0,0,0,0,0,0,0,0,0,0,0,0,0,0,
"(feign.benchmark.RealRequestBenchmarks.query_feignUsingOkHttp,4da6d5cad674e4eeae5b56035ac1f94992499449)",0,1,0,0,0,0,0,0,0,0,0,0,0,0,0,0,0,0,0,0,0,0,0,0,0,0,0,1,
"(feign.benchmark.RealRequestBenchmarks.query_baseCaseUsingOkHttp,4da6d5cad674e4eeae5b56035ac1f94992499449)",0,0,0,0,0,0,0,0,0,0,0,0,0,0,0,0,0,0,0,0,0,0,0,0,0,0,0,0,
"(feign.benchmark.WhatShouldWeCacheBenchmarks.buildAndQuery_fake_cachedContract,4da6d5cad674e4eeae5b56035ac1f94992499449)",0,0,0,0,0,0,0,0,0,0,0,0,0,0,0,0,0,0,0,0,0,0,0,0,0,0,0,0,
"(feign.benchmark.WhatShouldWeCacheBenchmarks.parseFeignContract,4da6d5cad674e4eeae5b56035ac1f94992499449)",0,0,0,0,0,0,0,0,0,0,0,0,0,0,0,0,0,0,0,0,0,0,0,0,0,0,0,0,
"(feign.benchmark.WhatShouldWeCacheBenchmarks.buildAndQuery_fake_cachedFeign,4da6d5cad674e4eeae5b56035ac1f94992499449)",0,0,0,0,0,0,0,0,0,0,0,0,0,0,0,0,0,0,0,0,0,0,0,0,0,0,0,0,
"(feign.benchmark.WhatShouldWeCacheBenchmarks.buildAndQuery_fake,4da6d5cad674e4eeae5b56035ac1f94992499449)",0,0,0,0,0,0,0,0,0,0,0,0,0,0,0,0,0,0,0,0,0,0,0,0,0,0,0,0,
"(feign.benchmark.DecoderIteratorsBenchmark.decode,4da6d5cad674e4eeae5b56035ac1f94992499449)",0,0,0,0,0,0,0,0,0,0,0,0,0,0,0,0,0,0,0,0,0,0,0,0,0,0,0,0,
"(feign.benchmark.WhatShouldWeCacheBenchmarks.buildAndQuery_fake_cachedApi,4da6d5cad674e4eeae5b56035ac1f94992499449)",0,0,0,0,0,0,0,0,0,0,0,0,0,0,0,0,0,0,0,0,0,0,0,0,0,0,0,0,
"(feign.benchmark.RealRequestBenchmarks.query_feignUsingOkHttp,f52158bc24bab0c6c3f858c6b07dd09d4f59dc65)",0,0,0,0,0,0,0,0,0,0,0,0,0,0,0,0,0,0,0,0,0,0,0,0,0,0,0,0,
"(feign.benchmark.RealRequestBenchmarks.query_baseCaseUsingOkHttp,f52158bc24bab0c6c3f858c6b07dd09d4f59dc65)",0,0,0,0,0,0,0,0,0,0,0,0,0,0,0,0,0,0,0,0,0,0,0,0,0,0,0,0,
"(feign.benchmark.WhatShouldWeCacheBenchmarks.buildAndQuery_fake_cachedContract,f52158bc24bab0c6c3f858c6b07dd09d4f59dc65)",0,0,0,0,0,0,0,0,0,0,0,0,0,0,0,0,0,0,0,0,0,0,0,0,0,0,0,0,
"(feign.benchmark.WhatShouldWeCacheBenchmarks.parseFeignContract,f52158bc24bab0c6c3f858c6b07dd09d4f59dc65)",0,0,0,0,0,0,0,0,0,0,0,0,0,0,0,0,0,0,0,0,0,0,0,0,0,0,0,0,
"(feign.benchmark.WhatShouldWeCacheBenchmarks.buildAndQuery_fake_cachedFeign,f52158bc24bab0c6c3f858c6b07dd09d4f59dc65)",0,0,0,0,0,0,0,0,0,0,0,0,0,0,0,0,0,0,0,0,0,0,0,0,0,0,0,0,
"(feign.benchmark.WhatShouldWeCacheBenchmarks.buildAndQuery_fake,f52158bc24bab0c6c3f858c6b07dd09d4f59dc65)",0,0,0,0,0,0,0,0,0,0,0,0,0,0,0,0,0,0,0,0,0,0,0,0,0,0,0,0,
"(feign.benchmark.DecoderIteratorsBenchmark.decode,f52158bc24bab0c6c3f858c6b07dd09d4f59dc65)",0,0,0,0,0,0,0,0,0,0,0,0,0,0,0,0,0,0,0,0,0,0,0,0,0,0,0,0,
"(feign.benchmark.WhatShouldWeCacheBenchmarks.buildAndQuery_fake_cachedApi,f52158bc24bab0c6c3f858c6b07dd09d4f59dc65)",0,0,0,0,0,0,0,0,0,0,0,0,0,0,0,0,0,0,0,0,0,0,0,0,0,0,0,0,
