"(Benchmark_method, commit)",Inline Method,Extract Method,Extract Attribute,Extract And Move Method,Extract Variable,Change Return Type,Change Attribute Type,Change Parameter Type,Change Variable Type,Move Class,Extract Class,Move Method,Extract Superclass,Pull Up Method,Pull Up Attribute,Parameterize Variable,Inline Variable,Move Attribute,Replace Variable With Attribute,Push Down Method,Extract Interface,Change Package,Extract Subclass,Push Down Attribute,Move Source Folder,Merge Parameter,Merge Attribute,Split Parameter,Split Attribute,sum,delta
"(io.jooby.internal.ChiBenchmark.paramMatch,34e4360c3ebe625c8ba1bf89a1f4eac3ba94009a)",0,0,0,0,0,0,0,0,0,0,0,0,0,0,0,0,0,0,0,0,0,0,0,0,0,0,0,0,0,0,
"(io.jooby.internal.ChiBenchmark.staticMatch,34e4360c3ebe625c8ba1bf89a1f4eac3ba94009a)",0,0,0,0,0,0,0,0,0,0,0,0,0,0,0,0,0,0,0,0,0,0,0,0,0,0,0,0,0,0,
"(io.jooby.internal.ChiBenchmark.paramMatch,ebe813e6ac653248a2fdf99df3e9a2fcebf9b4bb)",0,0,0,0,0,0,0,0,0,0,0,0,0,0,0,0,0,0,0,0,0,0,0,0,0,0,0,0,0,0,
"(io.jooby.internal.ChiBenchmark.staticMatch,ebe813e6ac653248a2fdf99df3e9a2fcebf9b4bb)",0,0,0,0,0,0,0,0,0,0,0,0,0,0,0,0,0,0,0,0,0,0,0,0,0,0,0,0,0,0,
"(io.jooby.internal.ChiBenchmark.paramMatch,f3943d8799405472eae860e0846b4789b659eae1)",0,0,0,0,0,0,0,0,0,0,0,0,0,0,0,0,0,0,0,0,0,0,0,0,0,0,0,0,0,0,
"(io.jooby.internal.ChiBenchmark.staticMatch,f3943d8799405472eae860e0846b4789b659eae1)",0,0,0,0,0,0,0,0,0,0,0,0,0,0,0,0,0,0,0,0,0,0,0,0,0,0,0,0,0,0,
"(io.jooby.internal.ChiBenchmark.articlesEdit,1716ba251db9a66645784eaca49c5d103d67f4f7)",0,0,0,0,0,0,0,0,0,0,0,0,0,0,0,0,0,0,0,0,0,0,0,0,0,0,0,0,0,0,
"(io.jooby.internal.ChiBenchmark._plaintext,1716ba251db9a66645784eaca49c5d103d67f4f7)",0,0,0,0,0,0,0,0,0,0,0,0,0,0,0,0,0,0,0,0,0,0,0,0,0,0,0,0,0,0,
"(io.jooby.internal.ChiBenchmark.articles,1716ba251db9a66645784eaca49c5d103d67f4f7)",0,0,0,0,0,0,0,0,0,0,0,0,0,0,0,0,0,0,0,0,0,0,0,0,0,0,0,0,0,0,
"(io.jooby.internal.ChiBenchmark.paramMatch,6616b2ed947d1aedfb43ebecae08683e4106b786)",0,0,0,0,0,0,0,0,0,0,0,0,0,0,0,0,0,0,0,0,0,0,0,0,0,0,0,0,0,0,
"(io.jooby.internal.ChiBenchmark.staticMatch,6616b2ed947d1aedfb43ebecae08683e4106b786)",0,0,0,0,0,0,0,0,0,0,0,0,0,0,0,0,0,0,0,0,0,0,0,0,0,0,0,0,0,0,
"(io.jooby.internal.ChiBenchmark.articlesEdit,b1a553edb4e6e64f97c225cb863ad00ab87506d9)",0,0,0,0,0,0,0,0,0,0,0,0,0,0,0,0,0,0,0,0,0,0,0,0,0,0,0,0,0,0,
"(io.jooby.internal.ChiBenchmark._plaintext,b1a553edb4e6e64f97c225cb863ad00ab87506d9)",0,0,0,0,0,0,0,0,0,0,0,0,0,0,0,0,0,0,0,0,0,0,0,0,0,0,0,0,0,0,
"(io.jooby.internal.ChiBenchmark.articles,b1a553edb4e6e64f97c225cb863ad00ab87506d9)",0,0,0,0,0,0,0,0,0,0,0,0,0,0,0,0,0,0,0,0,0,0,0,0,0,0,0,0,0,0,
"(io.jooby.internal.ChiBenchmark.paramMatch,34ecee6e928ddec2ba512eba20130df1ccaa1219)",0,0,0,0,0,0,0,0,0,0,0,0,0,0,0,0,0,0,0,0,0,0,0,0,0,0,0,0,0,0,
"(io.jooby.internal.ChiBenchmark.staticMatch,34ecee6e928ddec2ba512eba20130df1ccaa1219)",0,0,0,0,0,0,0,0,0,0,0,0,0,0,0,0,0,0,0,0,0,0,0,0,0,0,0,0,0,0,
"(io.jooby.internal.ChiBenchmark.articlesEdit,292b9be1a059ceb298f4b6567dbdb2e65faf9862)",0,0,0,0,0,0,0,0,0,0,0,0,0,0,0,0,0,0,0,0,0,0,0,0,0,0,0,0,0,0,
"(io.jooby.internal.ChiBenchmark._plaintext,292b9be1a059ceb298f4b6567dbdb2e65faf9862)",0,0,0,0,0,0,0,0,0,0,0,0,0,0,0,0,0,0,0,0,0,0,0,0,0,0,0,0,0,0,
"(io.jooby.internal.ChiBenchmark.articles,292b9be1a059ceb298f4b6567dbdb2e65faf9862)",0,0,0,0,0,0,0,0,0,0,0,0,0,0,0,0,0,0,0,0,0,0,0,0,0,0,0,0,0,0,
"(io.jooby.internal.ChiBenchmark.paramMatch,6c2f81766cd7c1cb9b4d35df87cdc08d5247a4b7)",0,0,0,0,0,0,0,0,0,0,0,0,0,0,0,0,0,0,0,0,0,0,0,0,0,0,0,0,0,0,
"(io.jooby.internal.ChiBenchmark.staticMatch,6c2f81766cd7c1cb9b4d35df87cdc08d5247a4b7)",0,0,0,0,0,0,0,0,0,0,0,0,0,0,0,0,0,0,0,0,0,0,0,0,0,0,0,0,0,0,
"(io.jooby.internal.ChiBenchmark.articlesEdit,e853e6a2eaea5f6a3af7771d0f0bb5ac46cd33fb)",0,0,0,0,0,0,0,0,0,0,0,0,0,0,0,0,0,0,0,0,0,0,0,0,0,0,0,0,0,0,
"(io.jooby.internal.ChiBenchmark._plaintext,e853e6a2eaea5f6a3af7771d0f0bb5ac46cd33fb)",0,0,0,0,0,0,0,0,0,0,0,0,0,0,0,0,0,0,0,0,0,0,0,0,0,0,0,0,0,0,
"(io.jooby.internal.ChiBenchmark.articles,e853e6a2eaea5f6a3af7771d0f0bb5ac46cd33fb)",0,0,0,0,0,0,0,0,0,0,0,0,0,0,0,0,0,0,0,0,0,0,0,0,0,0,0,0,0,0,
"(io.jooby.internal.ChiBenchmark.articlesEdit,19fa17c0656d0728617bc4096a08dacd375f4f0e)",0,0,0,0,0,0,0,0,0,0,0,0,0,0,0,0,0,0,0,0,0,0,0,0,0,0,0,0,0,0,
"(io.jooby.internal.ChiBenchmark._plaintext,19fa17c0656d0728617bc4096a08dacd375f4f0e)",0,0,0,0,0,0,0,0,0,0,0,0,0,0,0,0,0,0,0,0,0,0,0,0,0,0,0,0,0,0,
"(io.jooby.internal.ChiBenchmark.articles,19fa17c0656d0728617bc4096a08dacd375f4f0e)",0,0,0,0,0,0,0,0,0,0,0,0,0,0,0,0,0,0,0,0,0,0,0,0,0,0,0,0,0,0,
"(io.jooby.internal.ChiBenchmark.paramMatch,ae799df2f7ce42cfd050f15957b11f6705768bc5)",0,0,0,0,0,0,0,0,0,0,0,0,0,0,0,0,0,0,0,0,0,0,0,0,0,0,0,0,0,0,
"(io.jooby.internal.ChiBenchmark.staticMatch,ae799df2f7ce42cfd050f15957b11f6705768bc5)",0,0,0,0,0,0,0,0,0,0,0,0,0,0,0,0,0,0,0,0,0,0,0,0,0,0,0,0,0,0,
"(io.jooby.internal.ChiBenchmark.paramMatch,fec780f6a196d0c983a2576521241db6ad14a2ce)",0,0,0,0,0,0,0,0,0,0,0,0,0,0,0,0,0,0,0,0,0,0,0,0,0,0,0,0,0,0,
"(io.jooby.internal.ChiBenchmark.staticMatch,fec780f6a196d0c983a2576521241db6ad14a2ce)",0,0,0,0,0,0,0,0,0,0,0,0,0,0,0,0,0,0,0,0,0,0,0,0,0,0,0,0,0,0,
"(io.jooby.internal.ChiBenchmark.paramMatch,bd514d01313bb73661445c2e93b516e3a14a03f7)",0,0,0,0,0,0,0,0,0,0,0,0,0,0,0,0,0,0,0,0,0,0,0,0,0,0,0,0,0,0,
"(io.jooby.internal.ChiBenchmark.staticMatch,bd514d01313bb73661445c2e93b516e3a14a03f7)",0,0,0,0,0,0,0,0,0,0,0,0,0,0,0,0,0,0,0,0,0,0,0,0,0,0,0,0,0,0,
"(io.jooby.internal.ChiBenchmark.paramMatch,ca033c5644ec8d64a53fd741624d102f4e6e54cb)",0,0,0,0,0,0,0,0,0,0,0,0,0,0,0,0,0,0,0,0,0,0,0,0,0,0,0,0,0,0,
"(io.jooby.internal.ChiBenchmark.staticMatch,ca033c5644ec8d64a53fd741624d102f4e6e54cb)",0,0,0,0,0,0,0,0,0,0,0,0,0,0,0,0,0,0,0,0,0,0,0,0,0,0,0,0,0,0,
"(io.jooby.internal.ChiBenchmark.paramMatch,da0aa6d1401d5058b4e2cb6802f51d134b433c2f)",0,0,0,0,0,0,0,0,0,0,0,0,0,0,0,0,0,0,0,0,0,0,0,0,0,0,0,0,0,0,
"(io.jooby.internal.ChiBenchmark.staticMatch,da0aa6d1401d5058b4e2cb6802f51d134b433c2f)",0,0,0,0,0,0,0,0,0,0,0,0,0,0,0,0,0,0,0,0,0,0,0,0,0,0,0,0,0,0,
"(io.jooby.internal.ChiBenchmark.paramMatch,4a1995bfd8dc7e5e0c20c9efac1796a0d99fe3d4)",0,0,0,0,0,0,0,0,0,0,0,0,0,0,0,0,0,0,0,0,0,0,0,0,0,0,0,0,0,0,
"(io.jooby.internal.ChiBenchmark.staticMatch,4a1995bfd8dc7e5e0c20c9efac1796a0d99fe3d4)",0,0,0,0,0,0,0,0,0,0,0,0,0,0,0,0,0,0,0,0,0,0,0,0,0,0,0,0,0,0,
"(io.jooby.internal.ChiBenchmark.paramMatch,8aedf11626257d66e01af58c4d55a04a3cd9e2ce)",0,0,0,0,0,0,0,0,0,0,0,1,0,0,0,0,0,0,0,0,0,0,0,0,0,0,0,0,0,1,
"(io.jooby.internal.ChiBenchmark.staticMatch,8aedf11626257d66e01af58c4d55a04a3cd9e2ce)",0,0,0,0,0,0,0,0,0,0,0,1,0,0,0,0,0,0,0,0,0,0,0,0,0,0,0,0,0,1,
"(io.jooby.internal.ChiBenchmark.paramMatch,0802a80dee9b747d030d91717bf7c70f0f7f2159)",0,0,0,0,0,0,0,0,0,0,0,0,0,0,0,0,0,0,0,0,0,0,0,0,0,0,0,0,0,0,
"(io.jooby.internal.ChiBenchmark.staticMatch,0802a80dee9b747d030d91717bf7c70f0f7f2159)",0,0,0,0,0,0,0,0,0,0,0,0,0,0,0,0,0,0,0,0,0,0,0,0,0,0,0,0,0,0,
"(io.jooby.internal.ChiBenchmark.paramMatch,77b52e6fbc293a791ea0a8d00308100cdeb15e93)",0,0,0,0,0,0,0,0,0,0,0,0,0,0,0,0,0,0,0,0,0,0,0,0,0,0,0,0,0,0,
"(io.jooby.internal.ChiBenchmark.staticMatch,77b52e6fbc293a791ea0a8d00308100cdeb15e93)",0,0,0,0,0,0,0,0,0,0,0,0,0,0,0,0,0,0,0,0,0,0,0,0,0,0,0,0,0,0,
"(io.jooby.internal.ChiBenchmark.paramMatch,3d396b132ade804f496e86c9bf362b8b99b89385)",0,0,0,0,0,0,0,0,0,0,0,0,0,0,0,0,0,0,0,0,0,0,0,0,0,0,0,0,0,0,
"(io.jooby.internal.ChiBenchmark.staticMatch,3d396b132ade804f496e86c9bf362b8b99b89385)",0,0,0,0,0,0,0,0,0,0,0,0,0,0,0,0,0,0,0,0,0,0,0,0,0,0,0,0,0,0,
"(io.jooby.internal.ChiBenchmark.paramMatch,86051f07ba4eeac67ba7e5deb7fbbf2a5d72f1b4)",0,0,0,0,0,0,0,0,0,0,0,0,0,0,0,0,0,0,0,0,0,0,0,0,0,0,0,0,0,0,
"(io.jooby.internal.ChiBenchmark.staticMatch,86051f07ba4eeac67ba7e5deb7fbbf2a5d72f1b4)",0,0,0,0,0,0,0,0,0,0,0,0,0,0,0,0,0,0,0,0,0,0,0,0,0,0,0,0,0,0,
"(io.jooby.internal.ChiBenchmark.paramMatch,77d8e578837780f5a719ba6f7be8096d13128bc7)",0,0,0,0,0,0,0,0,0,0,0,0,0,0,0,0,0,0,0,0,0,0,0,0,0,0,0,0,0,0,
"(io.jooby.internal.ChiBenchmark.staticMatch,77d8e578837780f5a719ba6f7be8096d13128bc7)",0,0,0,0,0,0,0,0,0,0,0,0,0,0,0,0,0,0,0,0,0,0,0,0,0,0,0,0,0,0,
"(io.jooby.internal.ChiBenchmark.paramMatch,cfc3588a3d3d289718e6d54a44a04096ce45ea11)",0,0,0,0,0,0,0,0,0,0,0,0,0,0,0,0,0,0,0,0,0,0,0,0,0,0,0,0,0,0,
"(io.jooby.internal.ChiBenchmark.staticMatch,cfc3588a3d3d289718e6d54a44a04096ce45ea11)",0,0,0,0,0,0,0,0,0,0,0,0,0,0,0,0,0,0,0,0,0,0,0,0,0,0,0,0,0,0,
"(io.jooby.internal.ChiBenchmark.paramMatch,1f5710dcbc690ebc3bac8489a187967b5c07caae)",0,0,0,0,0,0,0,0,0,0,0,0,0,0,0,0,0,0,0,0,0,0,0,0,0,0,0,0,0,0,
"(io.jooby.internal.ChiBenchmark.staticMatch,1f5710dcbc690ebc3bac8489a187967b5c07caae)",0,0,0,0,0,0,0,0,0,0,0,0,0,0,0,0,0,0,0,0,0,0,0,0,0,0,0,0,0,0,
"(io.jooby.internal.ChiBenchmark.articlesEdit,047942723a5ec040c8c0709269be5c4e077101c2)",0,0,0,0,0,0,0,0,0,0,0,0,0,0,0,0,0,0,0,0,0,0,0,0,0,0,0,0,0,0,
"(io.jooby.internal.ChiBenchmark._plaintext,047942723a5ec040c8c0709269be5c4e077101c2)",0,0,0,0,0,0,0,0,0,0,0,0,0,0,0,0,0,0,0,0,0,0,0,0,0,0,0,0,0,0,
"(io.jooby.internal.ChiBenchmark.articles,047942723a5ec040c8c0709269be5c4e077101c2)",0,0,0,0,0,0,0,0,0,0,0,0,0,0,0,0,0,0,0,0,0,0,0,0,0,0,0,0,0,0,
"(io.jooby.internal.ChiBenchmark.articlesEdit,9a0d0f54501437b663efed7ca16d59433bb7b359)",0,0,0,0,0,0,0,0,0,0,0,0,0,0,0,0,0,0,0,0,0,0,0,0,0,0,0,0,0,0,
"(io.jooby.internal.ChiBenchmark._plaintext,9a0d0f54501437b663efed7ca16d59433bb7b359)",0,0,0,0,0,0,0,0,0,0,0,0,0,0,0,0,0,0,0,0,0,0,0,0,0,0,0,0,0,0,
"(io.jooby.internal.ChiBenchmark.articles,9a0d0f54501437b663efed7ca16d59433bb7b359)",0,0,0,0,0,0,0,0,0,0,0,0,0,0,0,0,0,0,0,0,0,0,0,0,0,0,0,0,0,0,
"(io.jooby.internal.ChiBenchmark.articlesEdit,1e37ff5df2b7fdeefc0f0e676d519c5890160fee)",0,0,0,0,0,0,0,0,0,0,0,0,0,0,0,0,0,0,0,0,0,0,0,0,0,0,0,0,0,0,
"(io.jooby.internal.ChiBenchmark._plaintext,1e37ff5df2b7fdeefc0f0e676d519c5890160fee)",0,0,0,0,0,0,0,0,0,0,0,0,0,0,0,0,0,0,0,0,0,0,0,0,0,0,0,0,0,0,
"(io.jooby.internal.ChiBenchmark.articles,1e37ff5df2b7fdeefc0f0e676d519c5890160fee)",0,0,0,0,0,0,0,0,0,0,0,0,0,0,0,0,0,0,0,0,0,0,0,0,0,0,0,0,0,0,
"(io.jooby.internal.ChiBenchmark.paramMatch,8add6c74d7ba2e9cefdd0df8c6f9a36c57967604)",0,0,0,0,0,0,0,0,0,0,0,0,0,0,0,0,0,0,0,0,0,0,0,0,0,0,0,0,0,0,
"(io.jooby.internal.ChiBenchmark.staticMatch,8add6c74d7ba2e9cefdd0df8c6f9a36c57967604)",0,0,0,0,0,0,0,0,0,0,0,0,0,0,0,0,0,0,0,0,0,0,0,0,0,0,0,0,0,0,
"(io.jooby.internal.ChiBenchmark.paramMatch,e0251df7521a80df77b722c78328d9a8291b90fb)",0,0,0,0,0,0,0,0,0,0,0,0,0,0,0,0,0,0,0,0,0,0,0,0,0,0,0,0,0,0,
"(io.jooby.internal.ChiBenchmark.staticMatch,e0251df7521a80df77b722c78328d9a8291b90fb)",0,0,0,0,0,0,0,0,0,0,0,0,0,0,0,0,0,0,0,0,0,0,0,0,0,0,0,0,0,0,
"(io.jooby.internal.ChiBenchmark.paramMatch,99bbebc3bbaf767287857bb896159b7a393905fd)",0,0,0,0,0,0,0,0,0,0,0,0,0,0,0,0,0,0,0,0,0,0,0,0,0,0,0,0,0,0,
"(io.jooby.internal.ChiBenchmark.staticMatch,99bbebc3bbaf767287857bb896159b7a393905fd)",0,0,0,0,0,0,0,0,0,0,0,0,0,0,0,0,0,0,0,0,0,0,0,0,0,0,0,0,0,0,
"(io.jooby.internal.ChiBenchmark.paramMatch,a1826d3e31bde0def097367e158b050d62970028)",0,0,0,0,0,0,0,0,0,0,0,0,0,0,0,0,0,0,0,0,0,0,0,0,0,0,0,0,0,0,
"(io.jooby.internal.ChiBenchmark.staticMatch,a1826d3e31bde0def097367e158b050d62970028)",0,0,0,0,0,0,0,0,0,0,0,0,0,0,0,0,0,0,0,0,0,0,0,0,0,0,0,0,0,0,
"(io.jooby.internal.ChiBenchmark.paramMatch,4997a955e03b54267e4d5996a30054729d5726e7)",0,0,0,0,0,0,0,0,0,0,0,0,0,0,0,0,0,0,0,0,0,0,0,0,0,0,0,0,0,0,
"(io.jooby.internal.ChiBenchmark.staticMatch,4997a955e03b54267e4d5996a30054729d5726e7)",0,0,0,0,0,0,0,0,0,0,0,0,0,0,0,0,0,0,0,0,0,0,0,0,0,0,0,0,0,0,
"(io.jooby.internal.ChiBenchmark.paramMatch,ddab3e3f1bca9f1a30aac0877f67659eb12b927e)",0,0,0,0,0,0,0,0,0,0,0,0,0,0,0,0,0,0,0,0,0,0,0,0,0,0,0,0,0,0,
"(io.jooby.internal.ChiBenchmark.staticMatch,ddab3e3f1bca9f1a30aac0877f67659eb12b927e)",0,0,0,0,0,0,0,0,0,0,0,0,0,0,0,0,0,0,0,0,0,0,0,0,0,0,0,0,0,0,
"(io.jooby.internal.ChiBenchmark.articlesEdit,384f26b586b7882274e40040be65817d651f459d)",0,0,0,0,0,0,0,0,0,0,0,0,0,0,0,0,0,0,0,0,0,0,0,0,0,0,0,0,0,0,
"(io.jooby.internal.ChiBenchmark._plaintext,384f26b586b7882274e40040be65817d651f459d)",0,0,0,0,0,0,0,0,0,0,0,0,0,0,0,0,0,0,0,0,0,0,0,0,0,0,0,0,0,0,
"(io.jooby.internal.ChiBenchmark.articles,384f26b586b7882274e40040be65817d651f459d)",0,0,0,0,0,0,0,0,0,0,0,0,0,0,0,0,0,0,0,0,0,0,0,0,0,0,0,0,0,0,
"(io.jooby.internal.ChiBenchmark.paramMatch,95528e0e2e6da6caccdd23fcd1b34baa29b69027)",0,0,0,0,0,0,0,0,0,0,0,0,0,0,0,0,0,0,0,0,0,0,0,0,0,0,0,0,0,0,
"(io.jooby.internal.ChiBenchmark.staticMatch,95528e0e2e6da6caccdd23fcd1b34baa29b69027)",0,0,0,0,0,0,0,0,0,0,0,0,0,0,0,0,0,0,0,0,0,0,0,0,0,0,0,0,0,0,
"(io.jooby.internal.ChiBenchmark.paramMatch,a168add2c61f7ac6ae40d4a3fb5b6b21a2580875)",0,0,0,0,0,0,0,0,0,0,0,0,0,0,0,0,0,0,0,0,0,0,0,0,0,0,0,0,0,0,
"(io.jooby.internal.ChiBenchmark.staticMatch,a168add2c61f7ac6ae40d4a3fb5b6b21a2580875)",0,0,0,0,0,0,0,0,0,0,0,0,0,0,0,0,0,0,0,0,0,0,0,0,0,0,0,0,0,0,
"(io.jooby.internal.ChiBenchmark.paramMatch,bb4fc59329c80bdd9b5c4ce639f86a69e0fded08)",0,0,0,0,0,0,0,0,0,0,0,0,0,0,0,0,0,0,0,0,0,0,0,0,0,0,0,0,0,0,
"(io.jooby.internal.ChiBenchmark.staticMatch,bb4fc59329c80bdd9b5c4ce639f86a69e0fded08)",0,0,0,0,0,0,0,0,0,0,0,0,0,0,0,0,0,0,0,0,0,0,0,0,0,0,0,0,0,0,
"(io.jooby.internal.ChiBenchmark.paramMatch,6f683f29d7ac9d5cacd0e9d10997e1940fb4e670)",0,0,0,0,0,0,0,0,0,0,0,0,0,0,0,0,0,0,0,0,0,0,0,0,0,0,0,0,0,0,
"(io.jooby.internal.ChiBenchmark.staticMatch,6f683f29d7ac9d5cacd0e9d10997e1940fb4e670)",0,0,0,0,0,0,0,0,0,0,0,0,0,0,0,0,0,0,0,0,0,0,0,0,0,0,0,0,0,0,
"(io.jooby.internal.ChiBenchmark.paramMatch,369e333b20720cac28816193b3ebbbb3f3e1ac5d)",0,0,0,0,0,0,0,0,0,0,0,0,0,0,0,0,0,0,0,0,0,0,0,0,0,0,0,0,0,0,
"(io.jooby.internal.ChiBenchmark.staticMatch,369e333b20720cac28816193b3ebbbb3f3e1ac5d)",0,0,0,0,0,0,0,0,0,0,0,0,0,0,0,0,0,0,0,0,0,0,0,0,0,0,0,0,0,0,
"(io.jooby.internal.ChiBenchmark.paramMatch,5e2ffaa3e7fa55c87b8895455c99e9891d75b5af)",0,0,0,0,0,0,0,0,0,0,0,0,0,0,0,0,0,0,0,0,0,0,0,0,0,0,0,0,0,0,
"(io.jooby.internal.ChiBenchmark.staticMatch,5e2ffaa3e7fa55c87b8895455c99e9891d75b5af)",0,0,0,0,0,0,0,0,0,0,0,0,0,0,0,0,0,0,0,0,0,0,0,0,0,0,0,0,0,0,
"(io.jooby.internal.ChiBenchmark.paramMatch,3c99a5e12d195c6a72395b66aafea37c7aafbf42)",0,0,0,0,0,0,0,0,0,0,0,0,0,0,0,0,0,0,0,0,0,0,0,0,0,0,0,0,0,0,
"(io.jooby.internal.ChiBenchmark.staticMatch,3c99a5e12d195c6a72395b66aafea37c7aafbf42)",0,0,0,0,0,0,0,0,0,0,0,0,0,0,0,0,0,0,0,0,0,0,0,0,0,0,0,0,0,0,
"(io.jooby.internal.ChiBenchmark.paramMatch,dde3d5067c9756beee25c442ab6069d922d15eaa)",0,0,0,0,0,0,0,0,0,0,0,0,0,0,0,0,0,0,0,0,0,0,0,0,0,0,0,0,0,0,
"(io.jooby.internal.ChiBenchmark.staticMatch,dde3d5067c9756beee25c442ab6069d922d15eaa)",0,0,0,0,0,0,0,0,0,0,0,0,0,0,0,0,0,0,0,0,0,0,0,0,0,0,0,0,0,0,
"(io.jooby.internal.ChiBenchmark.articlesEdit,414f4381ae681045853863f7558717a08b923b32)",0,0,0,0,0,0,0,0,0,0,0,0,0,0,0,0,0,0,0,0,0,0,0,0,0,0,0,0,0,0,
"(io.jooby.internal.ChiBenchmark._plaintext,414f4381ae681045853863f7558717a08b923b32)",0,0,0,0,0,0,0,0,0,0,0,0,0,0,0,0,0,0,0,0,0,0,0,0,0,0,0,0,0,0,
"(io.jooby.internal.ChiBenchmark.articles,414f4381ae681045853863f7558717a08b923b32)",0,0,0,0,0,0,0,0,0,0,0,0,0,0,0,0,0,0,0,0,0,0,0,0,0,0,0,0,0,0,
"(io.jooby.internal.ChiBenchmark.paramMatch,b319128ef4300aa97342cf8bc0e9b90476641ab4)",0,0,0,0,0,0,0,0,0,0,0,0,0,0,0,0,0,0,0,0,0,0,0,0,0,0,0,0,0,0,
"(io.jooby.internal.ChiBenchmark.staticMatch,b319128ef4300aa97342cf8bc0e9b90476641ab4)",0,0,0,0,0,0,0,0,0,0,0,0,0,0,0,0,0,0,0,0,0,0,0,0,0,0,0,0,0,0,
"(io.jooby.internal.ChiBenchmark.paramMatch,15e5c80275f5a6202d6e2b668c76f2d45546a22a)",0,0,0,0,0,0,0,0,0,0,0,0,0,0,0,0,0,0,0,0,0,0,0,0,0,0,0,0,0,0,
"(io.jooby.internal.ChiBenchmark.staticMatch,15e5c80275f5a6202d6e2b668c76f2d45546a22a)",0,0,0,0,0,0,0,0,0,0,0,0,0,0,0,0,0,0,0,0,0,0,0,0,0,0,0,0,0,0,
"(io.jooby.internal.ChiBenchmark.paramMatch,d240098c9ef068a3b9af20faf75fa7a1c7f095e6)",0,0,0,0,0,0,0,0,0,0,0,0,0,0,0,0,0,0,0,0,0,0,0,0,0,0,0,0,0,0,
"(io.jooby.internal.ChiBenchmark.staticMatch,d240098c9ef068a3b9af20faf75fa7a1c7f095e6)",0,0,0,0,0,0,0,0,0,0,0,0,0,0,0,0,0,0,0,0,0,0,0,0,0,0,0,0,0,0,
"(io.jooby.internal.ChiBenchmark.paramMatch,6a4822fe7f853b07d4d35cb5be7317f3bbfa550c)",0,0,0,0,0,0,0,0,0,0,0,0,0,0,0,0,0,0,0,0,0,0,0,0,0,0,0,0,0,0,
"(io.jooby.internal.ChiBenchmark.staticMatch,6a4822fe7f853b07d4d35cb5be7317f3bbfa550c)",0,0,0,0,0,0,0,0,0,0,0,0,0,0,0,0,0,0,0,0,0,0,0,0,0,0,0,0,0,0,
"(io.jooby.internal.ChiBenchmark.articlesEdit,e5188d324e08ed0cfba2757ff46e5b315e184aa4)",0,0,0,0,0,0,0,0,0,0,0,0,0,0,0,0,0,0,0,0,0,0,0,0,0,0,0,0,0,0,
"(io.jooby.internal.ChiBenchmark._plaintext,e5188d324e08ed0cfba2757ff46e5b315e184aa4)",0,0,0,0,0,0,0,0,0,0,0,0,0,0,0,0,0,0,0,0,0,0,0,0,0,0,0,0,0,0,
"(io.jooby.internal.ChiBenchmark.articles,e5188d324e08ed0cfba2757ff46e5b315e184aa4)",0,0,0,0,0,0,0,0,0,0,0,0,0,0,0,0,0,0,0,0,0,0,0,0,0,0,0,0,0,0,
"(io.jooby.internal.ChiBenchmark.paramMatch,84f7eb12f3244aa32e9a2243cc52398af62ebb4f)",0,0,0,0,0,0,0,0,0,0,0,0,0,0,0,0,0,0,0,0,0,0,0,0,0,0,0,0,0,0,
"(io.jooby.internal.ChiBenchmark.staticMatch,84f7eb12f3244aa32e9a2243cc52398af62ebb4f)",0,0,0,0,0,0,0,0,0,0,0,0,0,0,0,0,0,0,0,0,0,0,0,0,0,0,0,0,0,0,
"(io.jooby.internal.ChiBenchmark.articlesEdit,8c61fc6c82b6d02de85b257935d2319ade0a66fc)",0,0,0,0,0,0,0,0,0,0,0,0,0,0,0,0,0,0,0,0,0,0,0,0,0,0,0,0,0,0,
"(io.jooby.internal.ChiBenchmark._plaintext,8c61fc6c82b6d02de85b257935d2319ade0a66fc)",0,0,0,0,0,0,0,0,0,0,0,0,0,0,0,0,0,0,0,0,0,0,0,0,0,0,0,0,0,0,
"(io.jooby.internal.ChiBenchmark.articles,8c61fc6c82b6d02de85b257935d2319ade0a66fc)",0,0,0,0,0,0,0,0,0,0,0,0,0,0,0,0,0,0,0,0,0,0,0,0,0,0,0,0,0,0,
"(io.jooby.internal.ChiBenchmark.paramMatch,9bd4c9700f0b6bfa915da1ba36d404ef891a6a04)",0,0,0,0,0,0,0,0,0,0,0,0,0,0,0,0,0,0,0,0,0,0,0,0,0,0,0,0,0,0,
"(io.jooby.internal.ChiBenchmark.staticMatch,9bd4c9700f0b6bfa915da1ba36d404ef891a6a04)",0,0,0,0,0,0,0,0,0,0,0,0,0,0,0,0,0,0,0,0,0,0,0,0,0,0,0,0,0,0,
"(io.jooby.internal.ChiBenchmark.paramMatch,a3486c1f1028779fc9fd5b0b4336a46742bcaffd)",0,0,0,0,0,0,0,0,0,0,0,0,0,0,0,0,0,0,0,0,0,0,0,0,0,0,0,0,0,0,
"(io.jooby.internal.ChiBenchmark.staticMatch,a3486c1f1028779fc9fd5b0b4336a46742bcaffd)",0,0,0,0,0,0,0,0,0,0,0,0,0,0,0,0,0,0,0,0,0,0,0,0,0,0,0,0,0,0,
"(io.jooby.internal.ChiBenchmark.paramMatch,fa76099e76b37911b0583bb05ac154616e6d55f6)",0,0,0,0,0,0,0,0,0,0,0,0,0,0,0,0,0,0,0,0,0,0,0,0,0,0,0,0,0,0,
"(io.jooby.internal.ChiBenchmark.staticMatch,fa76099e76b37911b0583bb05ac154616e6d55f6)",0,0,0,0,0,0,0,0,0,0,0,0,0,0,0,0,0,0,0,0,0,0,0,0,0,0,0,0,0,0,
"(io.jooby.internal.ChiBenchmark.paramMatch,c282be6681bbe935182b999ae4f3051f46caa3cf)",0,0,0,0,0,0,0,0,0,0,0,0,0,0,0,0,0,0,0,0,0,0,0,0,0,0,0,0,0,0,
"(io.jooby.internal.ChiBenchmark.staticMatch,c282be6681bbe935182b999ae4f3051f46caa3cf)",0,0,0,0,0,0,0,0,0,0,0,0,0,0,0,0,0,0,0,0,0,0,0,0,0,0,0,0,0,0,
"(io.jooby.internal.ChiBenchmark.paramMatch,0f66743b88518ceeb7a26e51d3654f087cc772c0)",0,0,0,0,0,0,0,0,0,0,0,0,0,0,0,0,0,0,0,0,0,0,0,0,0,0,0,0,0,0,
"(io.jooby.internal.ChiBenchmark.staticMatch,0f66743b88518ceeb7a26e51d3654f087cc772c0)",0,0,0,0,0,0,0,0,0,0,0,0,0,0,0,0,0,0,0,0,0,0,0,0,0,0,0,0,0,0,
"(io.jooby.internal.ChiBenchmark.articlesEdit,113402bf725df34f49f78dd338148c18b8c0712c)",0,0,0,0,0,0,0,0,0,0,0,0,0,0,0,0,0,0,0,0,0,0,0,0,0,0,0,0,0,0,
"(io.jooby.internal.ChiBenchmark._plaintext,113402bf725df34f49f78dd338148c18b8c0712c)",0,0,0,0,0,0,0,0,0,0,0,0,0,0,0,0,0,0,0,0,0,0,0,0,0,0,0,0,0,0,
"(io.jooby.internal.ChiBenchmark.articles,113402bf725df34f49f78dd338148c18b8c0712c)",0,0,0,0,0,0,0,0,0,0,0,0,0,0,0,0,0,0,0,0,0,0,0,0,0,0,0,0,0,0,
"(io.jooby.internal.ChiBenchmark.paramMatch,0c49f63750feaf5f127488a2c657df11457e22b5)",0,0,0,0,0,0,0,0,0,0,0,0,0,0,0,0,0,0,0,0,0,0,0,0,0,0,0,0,0,0,
"(io.jooby.internal.ChiBenchmark.staticMatch,0c49f63750feaf5f127488a2c657df11457e22b5)",0,0,0,0,0,0,0,0,0,0,0,0,0,0,0,0,0,0,0,0,0,0,0,0,0,0,0,0,0,0,
"(io.jooby.internal.ChiBenchmark.articlesEdit,6001645733ad7bf30ed68542acea13deba9cf826)",0,0,0,0,0,0,0,0,0,0,0,0,0,0,0,0,0,0,0,0,0,0,0,0,0,0,0,0,0,0,
"(io.jooby.internal.ChiBenchmark._plaintext,6001645733ad7bf30ed68542acea13deba9cf826)",0,0,0,0,0,0,0,0,0,0,0,0,0,0,0,0,0,0,0,0,0,0,0,0,0,0,0,0,0,0,
"(io.jooby.internal.ChiBenchmark.articles,6001645733ad7bf30ed68542acea13deba9cf826)",0,0,0,0,0,0,0,0,0,0,0,0,0,0,0,0,0,0,0,0,0,0,0,0,0,0,0,0,0,0,
"(io.jooby.internal.ChiBenchmark.paramMatch,d18b2cb70057d88ee86c3445e774ca741266ee71)",0,0,0,0,0,0,0,0,0,0,0,0,0,0,0,0,0,0,0,0,0,0,0,0,0,0,0,0,0,0,
"(io.jooby.internal.ChiBenchmark.staticMatch,d18b2cb70057d88ee86c3445e774ca741266ee71)",0,0,0,0,0,0,0,0,0,0,0,0,0,0,0,0,0,0,0,0,0,0,0,0,0,0,0,0,0,0,
"(io.jooby.internal.ChiBenchmark.articlesEdit,cd249b81b3fb58489aa230bed48a04b46761194e)",0,0,0,0,0,0,0,0,0,0,0,0,0,0,0,0,0,0,0,0,0,0,0,0,0,0,0,0,0,0,
"(io.jooby.internal.ChiBenchmark._plaintext,cd249b81b3fb58489aa230bed48a04b46761194e)",0,0,0,0,0,0,0,0,0,0,0,0,0,0,0,0,0,0,0,0,0,0,0,0,0,0,0,0,0,0,
"(io.jooby.internal.ChiBenchmark.articles,cd249b81b3fb58489aa230bed48a04b46761194e)",0,0,0,0,0,0,0,0,0,0,0,0,0,0,0,0,0,0,0,0,0,0,0,0,0,0,0,0,0,0,
"(io.jooby.internal.ChiBenchmark.paramMatch,fbe0ff38777ea069455652c7282c6c71e5f64f8c)",0,0,0,0,0,0,0,0,0,0,0,0,0,0,0,0,0,0,0,0,0,0,0,0,0,0,0,0,0,0,
"(io.jooby.internal.ChiBenchmark.staticMatch,fbe0ff38777ea069455652c7282c6c71e5f64f8c)",0,0,0,0,0,0,0,0,0,0,0,0,0,0,0,0,0,0,0,0,0,0,0,0,0,0,0,0,0,0,
"(io.jooby.internal.ChiBenchmark.paramMatch,2588a9091153fdd4179c513b5aca62b6e286511b)",0,0,0,0,0,0,0,0,0,0,0,0,0,0,0,0,0,0,0,0,0,0,0,0,0,0,0,0,0,0,
"(io.jooby.internal.ChiBenchmark.staticMatch,2588a9091153fdd4179c513b5aca62b6e286511b)",0,0,0,0,0,0,0,0,0,0,0,0,0,0,0,0,0,0,0,0,0,0,0,0,0,0,0,0,0,0,
"(io.jooby.internal.ChiBenchmark.paramMatch,339e216b7b8168a30b348124721ca63e6168eb04)",0,0,0,0,0,0,0,0,0,0,0,0,0,0,0,0,0,0,0,0,0,0,0,0,0,0,0,0,0,0,
"(io.jooby.internal.ChiBenchmark.staticMatch,339e216b7b8168a30b348124721ca63e6168eb04)",0,0,0,0,0,0,0,0,0,0,0,0,0,0,0,0,0,0,0,0,0,0,0,0,0,0,0,0,0,0,
"(io.jooby.internal.ChiBenchmark.paramMatch,77aa6e6a11900d9ee2f8c308d73224ac6e9b8b41)",0,0,0,0,0,0,0,0,0,0,0,0,0,0,0,0,0,0,0,0,0,0,0,0,0,0,0,0,0,0,
"(io.jooby.internal.ChiBenchmark.staticMatch,77aa6e6a11900d9ee2f8c308d73224ac6e9b8b41)",0,0,0,0,0,0,0,0,0,0,0,0,0,0,0,0,0,0,0,0,0,0,0,0,0,0,0,0,0,0,
"(io.jooby.internal.ChiBenchmark.paramMatch,53b61f88c1e2cf51dc67d8a3f453f39ead3a7f10)",0,0,0,0,0,0,0,0,0,0,0,0,0,0,0,0,0,0,0,0,0,0,0,0,0,0,0,0,0,0,
"(io.jooby.internal.ChiBenchmark.staticMatch,53b61f88c1e2cf51dc67d8a3f453f39ead3a7f10)",0,0,0,0,0,0,0,0,0,0,0,0,0,0,0,0,0,0,0,0,0,0,0,0,0,0,0,0,0,0,
"(io.jooby.internal.ChiBenchmark.paramMatch,84ee97b63c6a94284a6506c1b8421f923d2cd603)",0,0,0,0,0,0,0,0,0,0,0,0,0,0,0,0,0,0,0,0,0,0,0,0,0,0,0,0,0,0,
"(io.jooby.internal.ChiBenchmark.staticMatch,84ee97b63c6a94284a6506c1b8421f923d2cd603)",0,0,0,0,0,0,0,0,0,0,0,0,0,0,0,0,0,0,0,0,0,0,0,0,0,0,0,0,0,0,
"(io.jooby.internal.ChiBenchmark.paramMatch,0185bcb6af628fd43c631d74c3f1570430f68da6)",0,0,0,0,0,0,0,0,0,0,0,0,0,0,0,0,0,0,0,0,0,0,0,0,0,0,0,0,0,0,
"(io.jooby.internal.ChiBenchmark.staticMatch,0185bcb6af628fd43c631d74c3f1570430f68da6)",0,0,0,0,0,0,0,0,0,0,0,0,0,0,0,0,0,0,0,0,0,0,0,0,0,0,0,0,0,0,
