"(Benchmark_method, commit)",Extract Variable,Extract Class,Move Method,Extract And Move Method,Extract Superclass,Move Class,Change Attribute Type,Change Parameter Type,Change Variable Type,Change Return Type,Replace Variable With Attribute,Merge Parameter,Pull Up Attribute,Pull Up Method,Move Source Folder,Move Attribute,Extract Method,Push Down Method,sum,delta
"(org.objenesis.benchmark.CreateObject.createObjectWithMungedConstructorRaw,60e17302cdc1df1e34b19f4a89d1f8cfdfedd71a)",0,0,0,0,0,0,0,0,0,0,0,0,0,0,0,0,0,0,0,
"(org.objenesis.benchmark.ConcurrentGetInstantiator.custom,60e17302cdc1df1e34b19f4a89d1f8cfdfedd71a)",0,0,0,0,0,0,0,0,0,0,0,0,0,0,0,0,0,0,0,
"(org.objenesis.benchmark.CreateObject.createObjectWithConstructor,60e17302cdc1df1e34b19f4a89d1f8cfdfedd71a)",0,0,0,0,0,0,0,0,0,0,0,0,0,0,0,0,0,0,0,
"(org.objenesis.benchmark.ConcurrentGetInstantiator.uncachedStd,60e17302cdc1df1e34b19f4a89d1f8cfdfedd71a)",0,0,0,0,0,0,0,0,0,0,0,0,0,0,0,0,0,0,0,
"(org.objenesis.benchmark.CreateObject.createObjectWithUnsafeRawException,60e17302cdc1df1e34b19f4a89d1f8cfdfedd71a)",0,0,0,0,0,0,0,0,0,0,0,0,0,0,0,0,0,0,0,
"(org.objenesis.benchmark.CreateObject.createObjectWithUnsafeRawAndCast,60e17302cdc1df1e34b19f4a89d1f8cfdfedd71a)",0,0,0,0,0,0,0,0,0,0,0,0,0,0,0,0,0,0,0,
"(org.objenesis.benchmark.ConcurrentGetInstantiator.cachedStd,60e17302cdc1df1e34b19f4a89d1f8cfdfedd71a)",0,0,0,0,0,0,0,0,0,0,0,0,0,0,0,0,0,0,0,
"(org.objenesis.benchmark.ConcurrentGetInstantiator.single,60e17302cdc1df1e34b19f4a89d1f8cfdfedd71a)",0,0,0,0,0,0,0,0,0,0,0,0,0,0,0,0,0,0,0,
"(org.objenesis.benchmark.ConcurrentGetInstantiator.std,60e17302cdc1df1e34b19f4a89d1f8cfdfedd71a)",0,0,0,0,0,0,0,0,0,0,0,0,0,0,0,0,0,0,0,
"(org.objenesis.benchmark.CreateObject.createObjectWithMungedConstructor,60e17302cdc1df1e34b19f4a89d1f8cfdfedd71a)",0,0,0,0,0,0,0,0,0,0,0,0,0,0,0,0,0,0,0,
"(org.objenesis.benchmark.CreateObject.createObjectWithUnsafeRaw,60e17302cdc1df1e34b19f4a89d1f8cfdfedd71a)",0,0,0,0,0,0,0,0,0,0,0,0,0,0,0,0,0,0,0,
"(org.objenesis.benchmark.CreateObject.createObjectWithUnsafe,60e17302cdc1df1e34b19f4a89d1f8cfdfedd71a)",0,0,0,0,0,0,0,0,0,0,0,0,0,0,0,0,0,0,0,
"(org.objenesis.benchmark.CreateObject.createObjectWithMungedConstructorRawAndCast,60e17302cdc1df1e34b19f4a89d1f8cfdfedd71a)",0,0,0,0,0,0,0,0,0,0,0,0,0,0,0,0,0,0,0,
"(org.objenesis.benchmark.CreateObject.createObjectWithMungedConstructorRaw,389692eed57fdf21d639463eac20ade31e44bf55)",0,0,0,0,0,0,0,0,0,0,0,0,0,0,0,0,0,0,0,
"(org.objenesis.benchmark.ConcurrentGetInstantiator.custom,389692eed57fdf21d639463eac20ade31e44bf55)",0,0,0,0,0,0,0,0,0,0,0,0,0,0,0,0,0,0,0,
"(org.objenesis.benchmark.CreateObject.createObjectWithConstructor,389692eed57fdf21d639463eac20ade31e44bf55)",0,0,0,0,0,0,0,0,0,0,0,0,0,0,0,0,0,0,0,
"(org.objenesis.benchmark.ConcurrentGetInstantiator.uncachedStd,389692eed57fdf21d639463eac20ade31e44bf55)",0,0,0,0,0,0,0,0,0,0,0,0,0,0,0,0,0,0,0,
"(org.objenesis.benchmark.CreateObject.createObjectWithUnsafeRawException,389692eed57fdf21d639463eac20ade31e44bf55)",0,0,0,0,0,0,0,0,0,0,0,0,0,0,0,0,0,0,0,
"(org.objenesis.benchmark.CreateObject.createObjectWithUnsafeRawAndCast,389692eed57fdf21d639463eac20ade31e44bf55)",0,0,0,0,0,0,0,0,0,0,0,0,0,0,0,0,0,0,0,
"(org.objenesis.benchmark.ConcurrentGetInstantiator.cachedStd,389692eed57fdf21d639463eac20ade31e44bf55)",0,0,0,0,0,0,0,0,0,0,0,0,0,0,0,0,0,0,0,
"(org.objenesis.benchmark.ConcurrentGetInstantiator.single,389692eed57fdf21d639463eac20ade31e44bf55)",0,0,0,0,0,0,0,0,0,0,0,0,0,0,0,0,0,0,0,
"(org.objenesis.benchmark.ConcurrentGetInstantiator.std,389692eed57fdf21d639463eac20ade31e44bf55)",0,0,0,0,0,0,0,0,0,0,0,0,0,0,0,0,0,0,0,
"(org.objenesis.benchmark.CreateObject.createObjectWithMungedConstructor,389692eed57fdf21d639463eac20ade31e44bf55)",0,0,0,0,0,0,0,0,0,0,0,0,0,0,0,0,0,0,0,
"(org.objenesis.benchmark.CreateObject.createObjectWithUnsafeRaw,389692eed57fdf21d639463eac20ade31e44bf55)",0,0,0,0,0,0,0,0,0,0,0,0,0,0,0,0,0,0,0,
"(org.objenesis.benchmark.CreateObject.createObjectWithUnsafe,389692eed57fdf21d639463eac20ade31e44bf55)",0,0,0,0,0,0,0,0,0,0,0,0,0,0,0,0,0,0,0,
"(org.objenesis.benchmark.CreateObject.createObjectWithMungedConstructorRawAndCast,389692eed57fdf21d639463eac20ade31e44bf55)",0,0,0,0,0,0,0,0,0,0,0,0,0,0,0,0,0,0,0,
"(org.objenesis.benchmark.CreateObject.createObjectWithMungedConstructorRaw,b5da971ef770581cc4594e3ed370cdd8428b3295)",0,0,0,0,0,0,0,0,0,0,0,0,0,0,0,0,0,0,0,
"(org.objenesis.benchmark.ConcurrentGetInstantiator.custom,b5da971ef770581cc4594e3ed370cdd8428b3295)",0,0,0,0,0,0,0,0,0,0,0,0,0,0,0,0,0,0,0,
"(org.objenesis.benchmark.CreateObject.createObjectWithConstructor,b5da971ef770581cc4594e3ed370cdd8428b3295)",0,0,0,0,0,0,0,0,0,0,0,0,0,0,0,0,0,0,0,
"(org.objenesis.benchmark.ConcurrentGetInstantiator.uncachedStd,b5da971ef770581cc4594e3ed370cdd8428b3295)",0,0,0,0,0,0,0,0,0,0,0,0,0,0,0,0,0,0,0,
"(org.objenesis.benchmark.CreateObject.createObjectWithUnsafeRawException,b5da971ef770581cc4594e3ed370cdd8428b3295)",0,0,0,0,0,0,0,0,0,0,0,0,0,0,0,0,0,0,0,
"(org.objenesis.benchmark.CreateObject.createObjectWithUnsafeRawAndCast,b5da971ef770581cc4594e3ed370cdd8428b3295)",0,0,0,0,0,0,0,0,0,0,0,0,0,0,0,0,0,0,0,
"(org.objenesis.benchmark.ConcurrentGetInstantiator.cachedStd,b5da971ef770581cc4594e3ed370cdd8428b3295)",0,0,0,0,0,0,0,0,0,0,0,0,0,0,0,0,0,0,0,
"(org.objenesis.benchmark.ConcurrentGetInstantiator.single,b5da971ef770581cc4594e3ed370cdd8428b3295)",0,0,0,0,0,0,0,0,0,0,0,0,0,0,0,0,0,0,0,
"(org.objenesis.benchmark.ConcurrentGetInstantiator.std,b5da971ef770581cc4594e3ed370cdd8428b3295)",0,0,0,0,0,0,0,0,0,0,0,0,0,0,0,0,0,0,0,
"(org.objenesis.benchmark.CreateObject.createObjectWithMungedConstructor,b5da971ef770581cc4594e3ed370cdd8428b3295)",0,0,0,0,0,0,0,0,0,0,0,0,0,0,0,0,0,0,0,
"(org.objenesis.benchmark.CreateObject.createObjectWithUnsafeRaw,b5da971ef770581cc4594e3ed370cdd8428b3295)",0,0,0,0,0,0,0,0,0,0,0,0,0,0,0,0,0,0,0,
"(org.objenesis.benchmark.CreateObject.createObjectWithUnsafe,b5da971ef770581cc4594e3ed370cdd8428b3295)",0,0,0,0,0,0,0,0,0,0,0,0,0,0,0,0,0,0,0,
"(org.objenesis.benchmark.CreateObject.createObjectWithMungedConstructorRawAndCast,b5da971ef770581cc4594e3ed370cdd8428b3295)",0,0,0,0,0,0,0,0,0,0,0,0,0,0,0,0,0,0,0,
"(org.objenesis.benchmark.CreateObject.createObjectWithMungedConstructorRaw,1690a92cafba70afc8f333d0dd94d867dd1277b2)",0,0,0,0,0,0,0,0,0,0,0,0,0,0,0,0,0,0,0,
"(org.objenesis.benchmark.ConcurrentGetInstantiator.custom,1690a92cafba70afc8f333d0dd94d867dd1277b2)",0,0,0,0,0,0,0,0,0,0,0,0,0,0,0,0,0,0,0,
"(org.objenesis.benchmark.CreateObject.createObjectWithConstructor,1690a92cafba70afc8f333d0dd94d867dd1277b2)",0,0,0,0,0,0,0,0,0,0,0,0,0,0,0,0,0,0,0,
"(org.objenesis.benchmark.ConcurrentGetInstantiator.uncachedStd,1690a92cafba70afc8f333d0dd94d867dd1277b2)",0,0,0,0,0,0,0,0,0,0,0,0,0,0,0,0,0,0,0,
"(org.objenesis.benchmark.CreateObject.createObjectWithUnsafeRawException,1690a92cafba70afc8f333d0dd94d867dd1277b2)",0,0,0,0,0,0,0,0,0,0,0,0,0,0,0,0,0,0,0,
"(org.objenesis.benchmark.CreateObject.createObjectWithUnsafeRawAndCast,1690a92cafba70afc8f333d0dd94d867dd1277b2)",0,0,0,0,0,0,0,0,0,0,0,0,0,0,0,0,0,0,0,
"(org.objenesis.benchmark.ConcurrentGetInstantiator.cachedStd,1690a92cafba70afc8f333d0dd94d867dd1277b2)",0,0,0,0,0,0,0,0,0,0,0,0,0,0,0,0,0,0,0,
"(org.objenesis.benchmark.ConcurrentGetInstantiator.single,1690a92cafba70afc8f333d0dd94d867dd1277b2)",0,0,0,0,0,0,0,0,0,0,0,0,0,0,0,0,0,0,0,
"(org.objenesis.benchmark.ConcurrentGetInstantiator.std,1690a92cafba70afc8f333d0dd94d867dd1277b2)",0,0,0,0,0,0,0,0,0,0,0,0,0,0,0,0,0,0,0,
"(org.objenesis.benchmark.CreateObject.createObjectWithMungedConstructor,1690a92cafba70afc8f333d0dd94d867dd1277b2)",0,0,0,0,0,0,0,0,0,0,0,0,0,0,0,0,0,0,0,
"(org.objenesis.benchmark.CreateObject.createObjectWithUnsafeRaw,1690a92cafba70afc8f333d0dd94d867dd1277b2)",0,0,0,0,0,0,0,0,0,0,0,0,0,0,0,0,0,0,0,
"(org.objenesis.benchmark.CreateObject.createObjectWithUnsafe,1690a92cafba70afc8f333d0dd94d867dd1277b2)",0,0,0,0,0,0,0,0,0,0,0,0,0,0,0,0,0,0,0,
"(org.objenesis.benchmark.CreateObject.createObjectWithMungedConstructorRawAndCast,1690a92cafba70afc8f333d0dd94d867dd1277b2)",0,0,0,0,0,0,0,0,0,0,0,0,0,0,0,0,0,0,0,
"(org.objenesis.benchmark.CreateObject.createObjectWithMungedConstructorRaw,cb6689d406c9464a59be7907388c186180829f79)",0,0,0,0,0,0,0,0,0,0,0,0,0,0,0,0,0,0,0,
"(org.objenesis.benchmark.ConcurrentGetInstantiator.custom,cb6689d406c9464a59be7907388c186180829f79)",0,0,0,0,0,0,0,0,0,0,0,0,0,0,0,0,0,0,0,
"(org.objenesis.benchmark.CreateObject.createObjectWithConstructor,cb6689d406c9464a59be7907388c186180829f79)",0,0,0,0,0,0,0,0,0,0,0,0,0,0,0,0,0,0,0,
"(org.objenesis.benchmark.ConcurrentGetInstantiator.uncachedStd,cb6689d406c9464a59be7907388c186180829f79)",0,0,0,0,0,0,0,0,0,0,0,0,0,0,0,0,0,0,0,
"(org.objenesis.benchmark.CreateObject.createObjectWithUnsafeRawException,cb6689d406c9464a59be7907388c186180829f79)",0,0,0,0,0,0,0,0,0,0,0,0,0,0,0,0,0,0,0,
"(org.objenesis.benchmark.CreateObject.createObjectWithUnsafeRawAndCast,cb6689d406c9464a59be7907388c186180829f79)",0,0,0,0,0,0,0,0,0,0,0,0,0,0,0,0,0,0,0,
"(org.objenesis.benchmark.ConcurrentGetInstantiator.cachedStd,cb6689d406c9464a59be7907388c186180829f79)",0,0,0,0,0,0,0,0,0,0,0,0,0,0,0,0,0,0,0,
"(org.objenesis.benchmark.ConcurrentGetInstantiator.single,cb6689d406c9464a59be7907388c186180829f79)",0,0,0,0,0,0,0,0,0,0,0,0,0,0,0,0,0,0,0,
"(org.objenesis.benchmark.ConcurrentGetInstantiator.std,cb6689d406c9464a59be7907388c186180829f79)",0,0,0,0,0,0,0,0,0,0,0,0,0,0,0,0,0,0,0,
"(org.objenesis.benchmark.CreateObject.createObjectWithMungedConstructor,cb6689d406c9464a59be7907388c186180829f79)",0,0,0,0,0,0,0,0,0,0,0,0,0,0,0,0,0,0,0,
"(org.objenesis.benchmark.CreateObject.createObjectWithUnsafeRaw,cb6689d406c9464a59be7907388c186180829f79)",0,0,0,0,0,0,0,0,0,0,0,0,0,0,0,0,0,0,0,
"(org.objenesis.benchmark.CreateObject.createObjectWithUnsafe,cb6689d406c9464a59be7907388c186180829f79)",0,0,0,0,0,0,0,0,0,0,0,0,0,0,0,0,0,0,0,
"(org.objenesis.benchmark.CreateObject.createObjectWithMungedConstructorRawAndCast,cb6689d406c9464a59be7907388c186180829f79)",0,0,0,0,0,0,0,0,0,0,0,0,0,0,0,0,0,0,0,
"(org.objenesis.benchmark.CreateObject.createObjectWithMungedConstructorRaw,f10a6f1aec305dd464f55364bbfc4f5b25ba1f82)",0,0,0,0,0,0,0,0,0,0,0,0,0,0,0,0,0,0,0,
"(org.objenesis.benchmark.ConcurrentGetInstantiator.custom,f10a6f1aec305dd464f55364bbfc4f5b25ba1f82)",0,0,0,0,0,0,0,0,0,0,0,0,0,0,0,0,0,0,0,
"(org.objenesis.benchmark.CreateObject.createObjectWithConstructor,f10a6f1aec305dd464f55364bbfc4f5b25ba1f82)",0,0,0,0,0,0,0,0,0,0,0,0,0,0,0,0,0,0,0,
"(org.objenesis.benchmark.ConcurrentGetInstantiator.uncachedStd,f10a6f1aec305dd464f55364bbfc4f5b25ba1f82)",0,0,0,0,0,0,0,0,0,0,0,0,0,0,0,0,0,0,0,
"(org.objenesis.benchmark.CreateObject.createObjectWithUnsafeRawException,f10a6f1aec305dd464f55364bbfc4f5b25ba1f82)",0,0,0,0,0,0,0,0,0,0,0,0,0,0,0,0,0,0,0,
"(org.objenesis.benchmark.CreateObject.createObjectWithUnsafeRawAndCast,f10a6f1aec305dd464f55364bbfc4f5b25ba1f82)",0,0,0,0,0,0,0,0,0,0,0,0,0,0,0,0,0,0,0,
"(org.objenesis.benchmark.ConcurrentGetInstantiator.cachedStd,f10a6f1aec305dd464f55364bbfc4f5b25ba1f82)",0,0,0,0,0,0,0,0,0,0,0,0,0,0,0,0,0,0,0,
"(org.objenesis.benchmark.ConcurrentGetInstantiator.single,f10a6f1aec305dd464f55364bbfc4f5b25ba1f82)",0,0,0,0,0,0,0,0,0,0,0,0,0,0,0,0,0,0,0,
"(org.objenesis.benchmark.ConcurrentGetInstantiator.std,f10a6f1aec305dd464f55364bbfc4f5b25ba1f82)",0,0,0,0,0,0,0,0,0,0,0,0,0,0,0,0,0,0,0,
"(org.objenesis.benchmark.CreateObject.createObjectWithMungedConstructor,f10a6f1aec305dd464f55364bbfc4f5b25ba1f82)",0,0,0,0,0,0,0,0,0,0,0,0,0,0,0,0,0,0,0,
"(org.objenesis.benchmark.CreateObject.createObjectWithUnsafeRaw,f10a6f1aec305dd464f55364bbfc4f5b25ba1f82)",0,0,0,0,0,0,0,0,0,0,0,0,0,0,0,0,0,0,0,
"(org.objenesis.benchmark.CreateObject.createObjectWithUnsafe,f10a6f1aec305dd464f55364bbfc4f5b25ba1f82)",0,0,0,0,0,0,0,0,0,0,0,0,0,0,0,0,0,0,0,
"(org.objenesis.benchmark.CreateObject.createObjectWithMungedConstructorRawAndCast,f10a6f1aec305dd464f55364bbfc4f5b25ba1f82)",0,0,0,0,0,0,0,0,0,0,0,0,0,0,0,0,0,0,0,
"(org.objenesis.benchmark.CreateObject.createObjectWithMungedConstructorRaw,037d3317ab3c69d4379fca06eba898a2a088faf6)",0,0,0,0,0,0,0,0,0,0,0,0,0,0,0,0,0,0,0,
"(org.objenesis.benchmark.ConcurrentGetInstantiator.custom,037d3317ab3c69d4379fca06eba898a2a088faf6)",0,0,0,0,0,0,0,0,0,0,0,0,0,0,0,0,0,0,0,
"(org.objenesis.benchmark.CreateObject.createObjectWithConstructor,037d3317ab3c69d4379fca06eba898a2a088faf6)",0,0,0,0,0,0,0,0,0,0,0,0,0,0,0,0,0,0,0,
"(org.objenesis.benchmark.ConcurrentGetInstantiator.uncachedStd,037d3317ab3c69d4379fca06eba898a2a088faf6)",0,0,0,0,0,0,0,0,0,0,0,0,0,0,0,0,0,0,0,
"(org.objenesis.benchmark.CreateObject.createObjectWithUnsafeRawException,037d3317ab3c69d4379fca06eba898a2a088faf6)",0,0,0,0,0,0,0,0,0,0,0,0,0,0,0,0,0,0,0,
"(org.objenesis.benchmark.CreateObject.createObjectWithUnsafeRawAndCast,037d3317ab3c69d4379fca06eba898a2a088faf6)",0,0,0,0,0,0,0,0,0,0,0,0,0,0,0,0,0,0,0,
"(org.objenesis.benchmark.ConcurrentGetInstantiator.cachedStd,037d3317ab3c69d4379fca06eba898a2a088faf6)",0,0,0,0,0,0,0,0,0,0,0,0,0,0,0,0,0,0,0,
"(org.objenesis.benchmark.ConcurrentGetInstantiator.single,037d3317ab3c69d4379fca06eba898a2a088faf6)",0,0,0,0,0,0,0,0,0,0,0,0,0,0,0,0,0,0,0,
"(org.objenesis.benchmark.ConcurrentGetInstantiator.std,037d3317ab3c69d4379fca06eba898a2a088faf6)",0,0,0,0,0,0,0,0,0,0,0,0,0,0,0,0,0,0,0,
"(org.objenesis.benchmark.CreateObject.createObjectWithMungedConstructor,037d3317ab3c69d4379fca06eba898a2a088faf6)",0,0,0,0,0,0,0,0,0,0,0,0,0,0,0,0,0,0,0,
"(org.objenesis.benchmark.CreateObject.createObjectWithUnsafeRaw,037d3317ab3c69d4379fca06eba898a2a088faf6)",0,0,0,0,0,0,0,0,0,0,0,0,0,0,0,0,0,0,0,
"(org.objenesis.benchmark.CreateObject.createObjectWithUnsafe,037d3317ab3c69d4379fca06eba898a2a088faf6)",0,0,0,0,0,0,0,0,0,0,0,0,0,0,0,0,0,0,0,
"(org.objenesis.benchmark.CreateObject.createObjectWithMungedConstructorRawAndCast,037d3317ab3c69d4379fca06eba898a2a088faf6)",0,0,0,0,0,0,0,0,0,0,0,0,0,0,0,0,0,0,0,
"(org.objenesis.benchmark.CreateObject.createObjectWithMungedConstructorRaw,220161bfeec32e59ec09a17fc172a397fdc4e146)",0,0,0,0,0,0,0,0,0,0,0,0,0,0,0,0,0,0,0,
"(org.objenesis.benchmark.ConcurrentGetInstantiator.custom,220161bfeec32e59ec09a17fc172a397fdc4e146)",0,0,0,0,0,0,0,0,0,0,0,0,0,0,0,0,0,0,0,
"(org.objenesis.benchmark.CreateObject.createObjectWithConstructor,220161bfeec32e59ec09a17fc172a397fdc4e146)",0,0,0,0,0,0,0,0,0,0,0,0,0,0,0,0,0,0,0,
"(org.objenesis.benchmark.ConcurrentGetInstantiator.uncachedStd,220161bfeec32e59ec09a17fc172a397fdc4e146)",0,0,0,0,0,0,0,0,0,0,0,0,0,0,0,0,0,0,0,
"(org.objenesis.benchmark.CreateObject.createObjectWithUnsafeRawException,220161bfeec32e59ec09a17fc172a397fdc4e146)",0,0,0,0,0,0,0,0,0,0,0,0,0,0,0,0,0,0,0,
"(org.objenesis.benchmark.CreateObject.createObjectWithUnsafeRawAndCast,220161bfeec32e59ec09a17fc172a397fdc4e146)",0,0,0,0,0,0,0,0,0,0,0,0,0,0,0,0,0,0,0,
"(org.objenesis.benchmark.ConcurrentGetInstantiator.cachedStd,220161bfeec32e59ec09a17fc172a397fdc4e146)",0,0,0,0,0,0,0,0,0,0,0,0,0,0,0,0,0,0,0,
"(org.objenesis.benchmark.ConcurrentGetInstantiator.single,220161bfeec32e59ec09a17fc172a397fdc4e146)",0,0,0,0,0,0,0,0,0,0,0,0,0,0,0,0,0,0,0,
"(org.objenesis.benchmark.ConcurrentGetInstantiator.std,220161bfeec32e59ec09a17fc172a397fdc4e146)",0,0,0,0,0,0,0,0,0,0,0,0,0,0,0,0,0,0,0,
"(org.objenesis.benchmark.CreateObject.createObjectWithMungedConstructor,220161bfeec32e59ec09a17fc172a397fdc4e146)",0,0,0,0,0,0,0,0,0,0,0,0,0,0,0,0,0,0,0,
"(org.objenesis.benchmark.CreateObject.createObjectWithUnsafeRaw,220161bfeec32e59ec09a17fc172a397fdc4e146)",0,0,0,0,0,0,0,0,0,0,0,0,0,0,0,0,0,0,0,
"(org.objenesis.benchmark.CreateObject.createObjectWithUnsafe,220161bfeec32e59ec09a17fc172a397fdc4e146)",0,0,0,0,0,0,0,0,0,0,0,0,0,0,0,0,0,0,0,
"(org.objenesis.benchmark.CreateObject.createObjectWithMungedConstructorRawAndCast,220161bfeec32e59ec09a17fc172a397fdc4e146)",0,0,0,0,0,0,0,0,0,0,0,0,0,0,0,0,0,0,0,
"(org.objenesis.benchmark.CreateObject.createObjectWithMungedConstructorRaw,3677dfee970e828ecda7fe15b27a38920bd41524)",0,0,0,0,0,0,0,0,0,0,0,0,0,0,0,0,0,0,0,
"(org.objenesis.benchmark.ConcurrentGetInstantiator.custom,3677dfee970e828ecda7fe15b27a38920bd41524)",0,0,0,0,0,0,0,0,0,0,0,0,0,0,0,0,0,0,0,
"(org.objenesis.benchmark.CreateObject.createObjectWithConstructor,3677dfee970e828ecda7fe15b27a38920bd41524)",0,0,0,0,0,0,0,0,0,0,0,0,0,0,0,0,0,0,0,
"(org.objenesis.benchmark.ConcurrentGetInstantiator.uncachedStd,3677dfee970e828ecda7fe15b27a38920bd41524)",0,0,0,0,0,0,0,0,0,0,0,0,0,0,0,0,0,0,0,
"(org.objenesis.benchmark.CreateObject.createObjectWithUnsafeRawException,3677dfee970e828ecda7fe15b27a38920bd41524)",0,0,0,0,0,0,0,0,0,0,0,0,0,0,0,0,0,0,0,
"(org.objenesis.benchmark.CreateObject.createObjectWithUnsafeRawAndCast,3677dfee970e828ecda7fe15b27a38920bd41524)",0,0,0,0,0,0,0,0,0,0,0,0,0,0,0,0,0,0,0,
"(org.objenesis.benchmark.ConcurrentGetInstantiator.cachedStd,3677dfee970e828ecda7fe15b27a38920bd41524)",0,0,0,0,0,0,0,0,0,0,0,0,0,0,0,0,0,0,0,
"(org.objenesis.benchmark.ConcurrentGetInstantiator.single,3677dfee970e828ecda7fe15b27a38920bd41524)",0,0,0,0,0,0,0,0,0,0,0,0,0,0,0,0,0,0,0,
"(org.objenesis.benchmark.ConcurrentGetInstantiator.std,3677dfee970e828ecda7fe15b27a38920bd41524)",0,0,0,0,0,0,0,0,0,0,0,0,0,0,0,0,0,0,0,
"(org.objenesis.benchmark.CreateObject.createObjectWithMungedConstructor,3677dfee970e828ecda7fe15b27a38920bd41524)",0,0,0,0,0,0,0,0,0,0,0,0,0,0,0,0,0,0,0,
"(org.objenesis.benchmark.CreateObject.createObjectWithUnsafeRaw,3677dfee970e828ecda7fe15b27a38920bd41524)",0,0,0,0,0,0,0,0,0,0,0,0,0,0,0,0,0,0,0,
"(org.objenesis.benchmark.CreateObject.createObjectWithUnsafe,3677dfee970e828ecda7fe15b27a38920bd41524)",0,0,0,0,0,0,0,0,0,0,0,0,0,0,0,0,0,0,0,
"(org.objenesis.benchmark.CreateObject.createObjectWithMungedConstructorRawAndCast,3677dfee970e828ecda7fe15b27a38920bd41524)",0,0,0,0,0,0,0,0,0,0,0,0,0,0,0,0,0,0,0,
"(org.objenesis.benchmark.CreateObject.createObjectWithMungedConstructorRaw,9c673238371b83c9c6c75476793a0b83823293d2)",0,0,0,0,0,0,0,0,0,0,0,0,0,0,0,0,0,0,0,
"(org.objenesis.benchmark.ConcurrentGetInstantiator.custom,9c673238371b83c9c6c75476793a0b83823293d2)",0,0,0,0,0,0,0,0,0,0,0,0,0,0,1,0,0,0,1,
"(org.objenesis.benchmark.CreateObject.createObjectWithConstructor,9c673238371b83c9c6c75476793a0b83823293d2)",0,0,0,0,0,0,0,0,0,0,0,0,0,0,0,0,0,0,0,
"(org.objenesis.benchmark.ConcurrentGetInstantiator.uncachedStd,9c673238371b83c9c6c75476793a0b83823293d2)",0,0,0,0,0,0,0,0,0,0,0,0,0,0,1,0,0,0,1,
"(org.objenesis.benchmark.CreateObject.createObjectWithUnsafeRawException,9c673238371b83c9c6c75476793a0b83823293d2)",0,0,0,0,0,0,0,0,0,0,0,0,0,0,0,0,0,0,0,
"(org.objenesis.benchmark.CreateObject.createObjectWithUnsafeRawAndCast,9c673238371b83c9c6c75476793a0b83823293d2)",0,0,0,0,0,0,0,0,0,0,0,0,0,0,0,0,0,0,0,
"(org.objenesis.benchmark.ConcurrentGetInstantiator.cachedStd,9c673238371b83c9c6c75476793a0b83823293d2)",0,0,0,0,0,0,0,0,0,0,0,0,0,0,1,0,0,0,1,
"(org.objenesis.benchmark.ConcurrentGetInstantiator.single,9c673238371b83c9c6c75476793a0b83823293d2)",0,0,0,0,0,0,0,0,0,0,0,0,0,0,1,0,0,0,1,
"(org.objenesis.benchmark.ConcurrentGetInstantiator.std,9c673238371b83c9c6c75476793a0b83823293d2)",0,0,0,0,0,0,0,0,0,0,0,0,0,0,1,0,0,0,1,
"(org.objenesis.benchmark.CreateObject.createObjectWithMungedConstructor,9c673238371b83c9c6c75476793a0b83823293d2)",0,0,0,0,0,0,0,0,0,0,0,0,0,0,1,0,0,0,1,
"(org.objenesis.benchmark.CreateObject.createObjectWithUnsafeRaw,9c673238371b83c9c6c75476793a0b83823293d2)",0,0,0,0,0,0,0,0,0,0,0,0,0,0,0,0,0,0,0,
"(org.objenesis.benchmark.CreateObject.createObjectWithUnsafe,9c673238371b83c9c6c75476793a0b83823293d2)",0,0,0,0,0,0,0,0,0,0,0,0,0,0,0,0,0,0,0,
"(org.objenesis.benchmark.CreateObject.createObjectWithMungedConstructorRawAndCast,9c673238371b83c9c6c75476793a0b83823293d2)",0,0,0,0,0,0,0,0,0,0,0,0,0,0,0,0,0,0,0,
"(org.objenesis.benchmark.CreateObject.createObjectWithMungedConstructorRaw,73f014ad5e300bb04ac9a0723267e9f51ffd212e)",0,0,0,0,0,0,0,0,0,0,0,0,0,0,0,0,0,0,0,
"(org.objenesis.benchmark.ConcurrentGetInstantiator.custom,73f014ad5e300bb04ac9a0723267e9f51ffd212e)",0,0,0,0,0,0,0,0,0,0,0,0,0,0,0,0,0,0,0,
"(org.objenesis.benchmark.CreateObject.createObjectWithConstructor,73f014ad5e300bb04ac9a0723267e9f51ffd212e)",0,0,0,0,0,0,0,0,0,0,0,0,0,0,0,0,0,0,0,
"(org.objenesis.benchmark.ConcurrentGetInstantiator.uncachedStd,73f014ad5e300bb04ac9a0723267e9f51ffd212e)",0,0,0,0,0,0,0,0,0,0,0,0,0,0,0,0,0,0,0,
"(org.objenesis.benchmark.CreateObject.createObjectWithUnsafeRawException,73f014ad5e300bb04ac9a0723267e9f51ffd212e)",0,0,0,0,0,0,0,0,0,0,0,0,0,0,0,0,0,0,0,
"(org.objenesis.benchmark.CreateObject.createObjectWithUnsafeRawAndCast,73f014ad5e300bb04ac9a0723267e9f51ffd212e)",0,0,0,0,0,0,0,0,0,0,0,0,0,0,0,0,0,0,0,
"(org.objenesis.benchmark.ConcurrentGetInstantiator.cachedStd,73f014ad5e300bb04ac9a0723267e9f51ffd212e)",0,0,0,0,0,0,0,0,0,0,0,0,0,0,0,0,0,0,0,
"(org.objenesis.benchmark.ConcurrentGetInstantiator.single,73f014ad5e300bb04ac9a0723267e9f51ffd212e)",0,0,0,0,0,0,0,0,0,0,0,0,0,0,0,0,0,0,0,
"(org.objenesis.benchmark.ConcurrentGetInstantiator.std,73f014ad5e300bb04ac9a0723267e9f51ffd212e)",0,0,0,0,0,0,0,0,0,0,0,0,0,0,0,0,0,0,0,
"(org.objenesis.benchmark.CreateObject.createObjectWithMungedConstructor,73f014ad5e300bb04ac9a0723267e9f51ffd212e)",0,0,0,0,0,0,0,0,0,0,0,0,0,0,0,0,0,0,0,
"(org.objenesis.benchmark.CreateObject.createObjectWithUnsafeRaw,73f014ad5e300bb04ac9a0723267e9f51ffd212e)",0,0,0,0,0,0,0,0,0,0,0,0,0,0,0,0,0,0,0,
"(org.objenesis.benchmark.CreateObject.createObjectWithUnsafe,73f014ad5e300bb04ac9a0723267e9f51ffd212e)",0,0,0,0,0,0,0,0,0,0,0,0,0,0,0,0,0,0,0,
"(org.objenesis.benchmark.CreateObject.createObjectWithMungedConstructorRawAndCast,73f014ad5e300bb04ac9a0723267e9f51ffd212e)",0,0,0,0,0,0,0,0,0,0,0,0,0,0,0,0,0,0,0,
"(org.objenesis.benchmark.CreateObject.createObjectWithMungedConstructorRaw,2b9a09e622a2f72102610f92a029ac7856ed01e5)",0,0,0,0,0,0,0,0,0,0,0,0,0,0,0,0,0,0,0,
"(org.objenesis.benchmark.ConcurrentGetInstantiator.custom,2b9a09e622a2f72102610f92a029ac7856ed01e5)",0,0,0,0,0,0,0,0,0,0,0,0,0,0,0,0,0,0,0,
"(org.objenesis.benchmark.CreateObject.createObjectWithConstructor,2b9a09e622a2f72102610f92a029ac7856ed01e5)",0,0,0,0,0,0,0,0,0,0,0,0,0,0,0,0,0,0,0,
"(org.objenesis.benchmark.ConcurrentGetInstantiator.uncachedStd,2b9a09e622a2f72102610f92a029ac7856ed01e5)",0,0,0,0,0,0,0,0,0,0,0,0,0,0,0,0,0,0,0,
"(org.objenesis.benchmark.CreateObject.createObjectWithUnsafeRawException,2b9a09e622a2f72102610f92a029ac7856ed01e5)",0,0,0,0,0,0,0,0,0,0,0,0,0,0,0,0,0,0,0,
"(org.objenesis.benchmark.CreateObject.createObjectWithUnsafeRawAndCast,2b9a09e622a2f72102610f92a029ac7856ed01e5)",0,0,0,0,0,0,0,0,0,0,0,0,0,0,0,0,0,0,0,
"(org.objenesis.benchmark.ConcurrentGetInstantiator.cachedStd,2b9a09e622a2f72102610f92a029ac7856ed01e5)",0,0,0,0,0,0,0,0,0,0,0,0,0,0,0,0,0,0,0,
"(org.objenesis.benchmark.ConcurrentGetInstantiator.single,2b9a09e622a2f72102610f92a029ac7856ed01e5)",0,0,0,0,0,0,0,0,0,0,0,0,0,0,0,0,0,0,0,
"(org.objenesis.benchmark.ConcurrentGetInstantiator.std,2b9a09e622a2f72102610f92a029ac7856ed01e5)",0,0,0,0,0,0,0,0,0,0,0,0,0,0,0,0,0,0,0,
"(org.objenesis.benchmark.CreateObject.createObjectWithMungedConstructor,2b9a09e622a2f72102610f92a029ac7856ed01e5)",0,0,0,0,0,0,0,0,0,0,0,0,0,0,0,0,0,0,0,
"(org.objenesis.benchmark.CreateObject.createObjectWithUnsafeRaw,2b9a09e622a2f72102610f92a029ac7856ed01e5)",0,0,0,0,0,0,0,0,0,0,0,0,0,0,0,0,0,0,0,
"(org.objenesis.benchmark.CreateObject.createObjectWithUnsafe,2b9a09e622a2f72102610f92a029ac7856ed01e5)",0,0,0,0,0,0,0,0,0,0,0,0,0,0,0,0,0,0,0,
"(org.objenesis.benchmark.CreateObject.createObjectWithMungedConstructorRawAndCast,2b9a09e622a2f72102610f92a029ac7856ed01e5)",0,0,0,0,0,0,0,0,0,0,0,0,0,0,0,0,0,0,0,
"(org.objenesis.benchmark.CreateObject.createObjectWithMungedConstructorRaw,0015347007087e9ef493e93d73ce76744833d1a1)",0,0,0,0,0,0,0,0,0,0,0,0,0,0,0,0,0,0,0,
"(org.objenesis.benchmark.ConcurrentGetInstantiator.custom,0015347007087e9ef493e93d73ce76744833d1a1)",0,0,0,0,0,0,0,0,0,0,0,0,0,0,0,0,0,0,0,
"(org.objenesis.benchmark.CreateObject.createObjectWithConstructor,0015347007087e9ef493e93d73ce76744833d1a1)",0,0,0,0,0,0,0,0,0,0,0,0,0,0,0,0,0,0,0,
"(org.objenesis.benchmark.ConcurrentGetInstantiator.uncachedStd,0015347007087e9ef493e93d73ce76744833d1a1)",0,0,0,0,0,0,0,0,0,0,0,0,0,0,0,0,0,0,0,
"(org.objenesis.benchmark.CreateObject.createObjectWithUnsafeRawException,0015347007087e9ef493e93d73ce76744833d1a1)",0,0,0,0,0,0,0,0,0,0,0,0,0,0,0,0,0,0,0,
"(org.objenesis.benchmark.CreateObject.createObjectWithUnsafeRawAndCast,0015347007087e9ef493e93d73ce76744833d1a1)",0,0,0,0,0,0,0,0,0,0,0,0,0,0,0,0,0,0,0,
"(org.objenesis.benchmark.ConcurrentGetInstantiator.cachedStd,0015347007087e9ef493e93d73ce76744833d1a1)",0,0,0,0,0,0,0,0,0,0,0,0,0,0,0,0,0,0,0,
"(org.objenesis.benchmark.ConcurrentGetInstantiator.single,0015347007087e9ef493e93d73ce76744833d1a1)",0,0,0,0,0,0,0,0,0,0,0,0,0,0,0,0,0,0,0,
"(org.objenesis.benchmark.ConcurrentGetInstantiator.std,0015347007087e9ef493e93d73ce76744833d1a1)",0,0,0,0,0,0,0,0,0,0,0,0,0,0,0,0,0,0,0,
"(org.objenesis.benchmark.CreateObject.createObjectWithMungedConstructor,0015347007087e9ef493e93d73ce76744833d1a1)",0,0,0,0,0,0,0,0,0,0,0,0,0,0,0,0,0,0,0,
"(org.objenesis.benchmark.CreateObject.createObjectWithUnsafeRaw,0015347007087e9ef493e93d73ce76744833d1a1)",0,0,0,0,0,0,0,0,0,0,0,0,0,0,0,0,0,0,0,
"(org.objenesis.benchmark.CreateObject.createObjectWithUnsafe,0015347007087e9ef493e93d73ce76744833d1a1)",0,0,0,0,0,0,0,0,0,0,0,0,0,0,0,0,0,0,0,
"(org.objenesis.benchmark.CreateObject.createObjectWithMungedConstructorRawAndCast,0015347007087e9ef493e93d73ce76744833d1a1)",0,0,0,0,0,0,0,0,0,0,0,0,0,0,0,0,0,0,0,
"(org.objenesis.benchmark.CreateObject.createObjectWithMungedConstructorRaw,fe9a591d67ea138e8bce2de69ca955ca042f7220)",0,0,0,0,0,0,0,0,0,0,0,0,0,0,0,0,0,0,0,
"(org.objenesis.benchmark.ConcurrentGetInstantiator.custom,fe9a591d67ea138e8bce2de69ca955ca042f7220)",0,0,0,0,0,0,0,0,0,0,0,0,0,0,0,0,0,0,0,
"(org.objenesis.benchmark.CreateObject.createObjectWithConstructor,fe9a591d67ea138e8bce2de69ca955ca042f7220)",0,0,0,0,0,0,0,0,0,0,0,0,0,0,0,0,0,0,0,
"(org.objenesis.benchmark.ConcurrentGetInstantiator.uncachedStd,fe9a591d67ea138e8bce2de69ca955ca042f7220)",0,0,0,0,0,0,0,0,0,0,0,0,0,0,0,0,0,0,0,
"(org.objenesis.benchmark.CreateObject.createObjectWithUnsafeRawException,fe9a591d67ea138e8bce2de69ca955ca042f7220)",0,0,0,0,0,0,0,0,0,0,0,0,0,0,0,0,0,0,0,
"(org.objenesis.benchmark.CreateObject.createObjectWithUnsafeRawAndCast,fe9a591d67ea138e8bce2de69ca955ca042f7220)",0,0,0,0,0,0,0,0,0,0,0,0,0,0,0,0,0,0,0,
"(org.objenesis.benchmark.ConcurrentGetInstantiator.cachedStd,fe9a591d67ea138e8bce2de69ca955ca042f7220)",0,0,0,0,0,0,0,0,0,0,0,0,0,0,0,0,0,0,0,
"(org.objenesis.benchmark.ConcurrentGetInstantiator.single,fe9a591d67ea138e8bce2de69ca955ca042f7220)",0,0,0,0,0,0,0,0,0,0,0,0,0,0,0,0,0,0,0,
"(org.objenesis.benchmark.ConcurrentGetInstantiator.std,fe9a591d67ea138e8bce2de69ca955ca042f7220)",0,0,0,0,0,0,0,0,0,0,0,0,0,0,0,0,0,0,0,
"(org.objenesis.benchmark.CreateObject.createObjectWithMungedConstructor,fe9a591d67ea138e8bce2de69ca955ca042f7220)",0,0,0,0,0,0,0,0,0,0,0,0,0,0,0,0,0,0,0,
"(org.objenesis.benchmark.CreateObject.createObjectWithUnsafeRaw,fe9a591d67ea138e8bce2de69ca955ca042f7220)",0,0,0,0,0,0,0,0,0,0,0,0,0,0,0,0,0,0,0,
"(org.objenesis.benchmark.CreateObject.createObjectWithUnsafe,fe9a591d67ea138e8bce2de69ca955ca042f7220)",0,0,0,0,0,0,0,0,0,0,0,0,0,0,0,0,0,0,0,
"(org.objenesis.benchmark.CreateObject.createObjectWithMungedConstructorRawAndCast,fe9a591d67ea138e8bce2de69ca955ca042f7220)",0,0,0,0,0,0,0,0,0,0,0,0,0,0,0,0,0,0,0,
