"(Benchmark_method, commit)",Move Class,Remove Class Annotation,Extract Class,Move Method,Add Parameter,Extract Method,Extract Variable,Replace Variable With Attribute,Change Parameter Type,Change Return Type,Change Attribute Type,Remove Attribute Annotation,Add Attribute Annotation,Remove Parameter,Change Variable Type,Remove Method Annotation,Add Class Annotation,Add Method Annotation,Extract And Move Method,Move Attribute,Extract Interface,Inline Variable,Inline Method,Parameterize Variable,Merge Attribute,Extract Superclass,Extract Subclass,Push Down Method,Push Down Attribute,Remove Variable Annotation,Merge Variable,Change Package,Modify Class Annotation,Modify Attribute Annotation,Move Source Folder,Reorder Parameter,Pull Up Attribute,Pull Up Method,Move And Inline Method,Extract Attribute,Split Parameter,Modify Method Annotation,Split Attribute,Merge Parameter,Remove Parameter Annotation,Add Parameter Annotation,Add Variable Annotation,Split Variable,sum,delta
"(org.simpleflatmapper.csv.CsvParserBenchmark.parse,f60f4691427c3e5b9516d9bafeff743a1aa98311)",0,0,0,0,0,0,0,0,0,0,0,0,0,0,0,0,0,0,0,0,0,0,0,0,0,0,0,0,0,0,0,0,0,0,0,0,0,0,0,0,0,0,0,0,0,0,0,0,0,
"(org.simpleflatmapper.csv.CsvParserBenchmark.parsePipe,f60f4691427c3e5b9516d9bafeff743a1aa98311)",0,0,0,0,0,0,0,0,0,0,0,0,0,0,0,0,0,0,0,0,0,0,0,0,0,0,0,0,0,0,0,0,0,0,0,0,0,0,0,0,0,0,0,0,0,0,0,0,0,
"(org.simpleflatmapper.map.MapperCacheBenchmark.testGet,f60f4691427c3e5b9516d9bafeff743a1aa98311)",0,0,0,0,0,0,0,0,0,0,0,0,0,0,0,0,0,0,0,0,0,0,0,0,0,0,0,0,0,0,0,0,0,0,0,0,0,0,0,0,0,0,0,0,0,0,0,0,0,
"(org.simpleflatmapper.reflect.GetterIntBenchmark.testAsm,f60f4691427c3e5b9516d9bafeff743a1aa98311)",0,0,0,0,0,0,0,0,0,0,0,0,0,0,0,0,0,0,0,0,0,0,0,0,0,0,0,0,0,0,0,0,0,0,0,0,0,0,0,0,0,0,0,0,0,0,0,0,0,
"(org.simpleflatmapper.io.CharReadingBenchmark.fileChannelBytes,f60f4691427c3e5b9516d9bafeff743a1aa98311)",0,0,0,0,0,0,0,0,0,0,0,0,0,0,0,0,0,0,0,0,0,0,0,0,0,0,0,0,0,0,0,0,0,0,0,0,0,0,0,0,0,0,0,0,0,0,0,0,0,
"(org.simpleflatmapper.utils.UUIDBenchMarkRead.testByteBufferRead,f60f4691427c3e5b9516d9bafeff743a1aa98311)",0,0,0,0,0,0,0,0,0,0,0,0,0,0,0,0,0,0,0,0,0,0,0,0,0,0,0,0,0,0,0,0,0,0,0,0,0,0,0,0,0,0,0,0,0,0,0,0,0,
"(org.simpleflatmapper.map.KeyObjectStoreGetBenchmark.testKeyObjectStore,f60f4691427c3e5b9516d9bafeff743a1aa98311)",0,0,0,0,0,0,0,0,0,0,0,0,0,0,0,0,0,0,0,0,0,0,0,0,0,0,0,0,0,0,0,0,0,0,0,0,0,0,0,0,0,0,0,0,0,0,0,0,0,
"(org.simpleflatmapper.csv.io.InputStreamBenchmark.testFileInputStream,f60f4691427c3e5b9516d9bafeff743a1aa98311)",0,0,0,0,0,0,0,0,0,0,0,0,0,0,0,0,0,0,0,0,0,0,0,0,0,0,0,0,0,0,0,0,0,0,0,0,0,0,0,0,0,0,0,0,0,0,0,0,0,
"(org.simpleflatmapper.io.CharReadingBenchmark.intputStreamBytes,f60f4691427c3e5b9516d9bafeff743a1aa98311)",0,0,0,0,0,0,0,0,0,0,0,0,0,0,0,0,0,0,0,0,0,0,0,0,0,0,0,0,0,0,0,0,0,0,0,0,0,0,0,0,0,0,0,0,0,0,0,0,0,
"(org.simpleflatmapper.reflect.GetterStringBenchmark.testMethodHandler,f60f4691427c3e5b9516d9bafeff743a1aa98311)",0,0,0,0,0,0,0,0,0,0,0,0,0,0,0,0,0,0,0,0,0,0,0,0,0,0,0,0,0,0,0,0,0,0,0,0,0,0,0,0,0,0,0,0,0,0,0,0,0,
"(org.simpleflatmapper.reflect.GetterStringBenchmark.testMethod,f60f4691427c3e5b9516d9bafeff743a1aa98311)",0,0,0,0,0,0,0,0,0,0,0,0,0,0,0,0,0,0,0,0,0,0,0,0,0,0,0,0,0,0,0,0,0,0,0,0,0,0,0,0,0,0,0,0,0,0,0,0,0,
"(org.simpleflatmapper.csv.DiscriminatorBenchmark.testWithDiscriminatorWithKeys,f60f4691427c3e5b9516d9bafeff743a1aa98311)",0,0,0,0,0,0,0,0,0,0,0,0,0,0,0,0,0,0,0,0,0,0,0,0,0,0,0,0,0,0,0,0,0,0,0,0,0,0,0,0,0,0,0,0,0,0,0,0,0,
"(org.simpleflatmapper.csv.CsvParserBenchmark.parseTrim,f60f4691427c3e5b9516d9bafeff743a1aa98311)",0,0,0,0,0,0,0,0,0,0,0,0,0,0,0,0,0,0,0,0,0,0,0,0,0,0,0,0,0,0,0,0,0,0,0,0,0,0,0,0,0,0,0,0,0,0,0,0,0,
"(org.simpleflatmapper.csv.DiscriminatorBenchmark.testWithDiscriminator,f60f4691427c3e5b9516d9bafeff743a1aa98311)",0,0,0,0,0,0,0,0,0,0,0,0,0,0,0,0,0,0,0,0,0,0,0,0,0,0,0,0,0,0,0,0,0,0,0,0,0,0,0,0,0,0,0,0,0,0,0,0,0,
"(org.simpleflatmapper.csv.io.ReaderBenchmark.testFileChannelViaRandomFile,f60f4691427c3e5b9516d9bafeff743a1aa98311)",0,0,0,0,0,0,0,0,0,0,0,0,0,0,0,0,0,0,0,0,0,0,0,0,0,0,0,0,0,0,0,0,0,0,0,0,0,0,0,0,0,0,0,0,0,0,0,0,0,
"(org.simpleflatmapper.map.KeyObjectStorePutBenchmark.testMap,f60f4691427c3e5b9516d9bafeff743a1aa98311)",0,0,0,0,0,0,0,0,0,0,0,0,0,0,0,0,0,0,0,0,0,0,0,0,0,0,0,0,0,0,0,0,0,0,0,0,0,0,0,0,0,0,0,0,0,0,0,0,0,
"(org.simpleflatmapper.utils.UUIDBenchMarkRead.testBytesRead,f60f4691427c3e5b9516d9bafeff743a1aa98311)",0,0,0,0,0,0,0,0,0,0,0,0,0,0,0,0,0,0,0,0,0,0,0,0,0,0,0,0,0,0,0,0,0,0,0,0,0,0,0,0,0,0,0,0,0,0,0,0,0,
"(org.simpleflatmapper.csv.CsvParserBenchmark.parseQuote,f60f4691427c3e5b9516d9bafeff743a1aa98311)",0,0,0,0,0,0,0,0,0,0,0,0,0,0,0,0,0,0,0,0,0,0,0,0,0,0,0,0,0,0,0,0,0,0,0,0,0,0,0,0,0,0,0,0,0,0,0,0,0,
"(org.simpleflatmapper.utils.UUIDBenchMarkWrite.testByteBufferRead,f60f4691427c3e5b9516d9bafeff743a1aa98311)",0,0,0,0,0,0,0,0,0,0,0,0,0,0,0,0,0,0,0,0,0,0,0,0,0,0,0,0,0,0,0,0,0,0,0,0,0,0,0,0,0,0,0,0,0,0,0,0,0,
"(org.simpleflatmapper.reflect.GetterIntBenchmark.testDirect,f60f4691427c3e5b9516d9bafeff743a1aa98311)",0,0,0,0,0,0,0,0,0,0,0,0,0,0,0,0,0,0,0,0,0,0,0,0,0,0,0,0,0,0,0,0,0,0,0,0,0,0,0,0,0,0,0,0,0,0,0,0,0,
"(org.simpleflatmapper.csv.io.InputStreamBenchmark.testFileChannel,f60f4691427c3e5b9516d9bafeff743a1aa98311)",0,0,0,0,0,0,0,0,0,0,0,0,0,0,0,0,0,0,0,0,0,0,0,0,0,0,0,0,0,0,0,0,0,0,0,0,0,0,0,0,0,0,0,0,0,0,0,0,0,
"(org.simpleflatmapper.reflect.GetterStringBenchmark.testField,f60f4691427c3e5b9516d9bafeff743a1aa98311)",0,0,0,0,0,0,0,0,0,0,0,0,0,0,0,0,0,0,0,0,0,0,0,0,0,0,0,0,0,0,0,0,0,0,0,0,0,0,0,0,0,0,0,0,0,0,0,0,0,
"(org.simpleflatmapper.utils.UUIDBenchMarkWrite.testBytesRead,f60f4691427c3e5b9516d9bafeff743a1aa98311)",0,0,0,0,0,0,0,0,0,0,0,0,0,0,0,0,0,0,0,0,0,0,0,0,0,0,0,0,0,0,0,0,0,0,0,0,0,0,0,0,0,0,0,0,0,0,0,0,0,
"(org.simpleflatmapper.reflect.GetterIntBenchmark.testField,f60f4691427c3e5b9516d9bafeff743a1aa98311)",0,0,0,0,0,0,0,0,0,0,0,0,0,0,0,0,0,0,0,0,0,0,0,0,0,0,0,0,0,0,0,0,0,0,0,0,0,0,0,0,0,0,0,0,0,0,0,0,0,
"(org.simpleflatmapper.csv.io.ReaderBenchmark.testFileChannel,f60f4691427c3e5b9516d9bafeff743a1aa98311)",0,0,0,0,0,0,0,0,0,0,0,0,0,0,0,0,0,0,0,0,0,0,0,0,0,0,0,0,0,0,0,0,0,0,0,0,0,0,0,0,0,0,0,0,0,0,0,0,0,
"(org.simpleflatmapper.io.CharReadingBenchmark.reader,f60f4691427c3e5b9516d9bafeff743a1aa98311)",0,0,0,0,0,0,0,0,0,0,0,0,0,0,0,0,0,0,0,0,0,0,0,0,0,0,0,0,0,0,0,0,0,0,0,0,0,0,0,0,0,0,0,0,0,0,0,0,0,
"(org.simpleflatmapper.csv.CsvParserBenchmark.parsePipeQuote,f60f4691427c3e5b9516d9bafeff743a1aa98311)",0,0,0,0,0,0,0,0,0,0,0,0,0,0,0,0,0,0,0,0,0,0,0,0,0,0,0,0,0,0,0,0,0,0,0,0,0,0,0,0,0,0,0,0,0,0,0,0,0,
"(org.simpleflatmapper.csv.io.ReaderBenchmark.testFileInputStream,f60f4691427c3e5b9516d9bafeff743a1aa98311)",0,0,0,0,0,0,0,0,0,0,0,0,0,0,0,0,0,0,0,0,0,0,0,0,0,0,0,0,0,0,0,0,0,0,0,0,0,0,0,0,0,0,0,0,0,0,0,0,0,
"(org.simpleflatmapper.map.KeyObjectStoreGetBenchmark.testMap,f60f4691427c3e5b9516d9bafeff743a1aa98311)",0,0,0,0,0,0,0,0,0,0,0,0,0,0,0,0,0,0,0,0,0,0,0,0,0,0,0,0,0,0,0,0,0,0,0,0,0,0,0,0,0,0,0,0,0,0,0,0,0,
"(org.simpleflatmapper.csv.io.InputStreamBenchmark.testFileChannelViaRandomFile,f60f4691427c3e5b9516d9bafeff743a1aa98311)",0,0,0,0,0,0,0,0,0,0,0,0,0,0,0,0,0,0,0,0,0,0,0,0,0,0,0,0,0,0,0,0,0,0,0,0,0,0,0,0,0,0,0,0,0,0,0,0,0,
"(org.simpleflatmapper.reflect.GetterIntBenchmark.testMethodHandler,f60f4691427c3e5b9516d9bafeff743a1aa98311)",0,0,0,0,0,0,0,0,0,0,0,0,0,0,0,0,0,0,0,0,0,0,0,0,0,0,0,0,0,0,0,0,0,0,0,0,0,0,0,0,0,0,0,0,0,0,0,0,0,
"(org.simpleflatmapper.reflect.GetterStringBenchmark.testDirect,f60f4691427c3e5b9516d9bafeff743a1aa98311)",0,0,0,0,0,0,0,0,0,0,0,0,0,0,0,0,0,0,0,0,0,0,0,0,0,0,0,0,0,0,0,0,0,0,0,0,0,0,0,0,0,0,0,0,0,0,0,0,0,
"(org.simpleflatmapper.io.CharReadingBenchmark.memoryMappedFile,f60f4691427c3e5b9516d9bafeff743a1aa98311)",0,0,0,0,0,0,0,0,0,0,0,0,0,0,0,0,0,0,0,0,0,0,0,0,0,0,0,0,0,0,0,0,0,0,0,0,0,0,0,0,0,0,0,0,0,0,0,0,0,
"(org.simpleflatmapper.reflect.GetterStringBenchmark.testAsm,f60f4691427c3e5b9516d9bafeff743a1aa98311)",0,0,0,0,0,0,0,0,0,0,0,0,0,0,0,0,0,0,0,0,0,0,0,0,0,0,0,0,0,0,0,0,0,0,0,0,0,0,0,0,0,0,0,0,0,0,0,0,0,
"(org.simpleflatmapper.reflect.GetterIntBenchmark.testMethod,f60f4691427c3e5b9516d9bafeff743a1aa98311)",0,0,0,0,0,0,0,0,0,0,0,0,0,0,0,0,0,0,0,0,0,0,0,0,0,0,0,0,0,0,0,0,0,0,0,0,0,0,0,0,0,0,0,0,0,0,0,0,0,
"(org.simpleflatmapper.reflect.GetterStringBenchmark.testMethodHandlerField,f60f4691427c3e5b9516d9bafeff743a1aa98311)",0,0,0,0,0,0,0,0,0,0,0,0,0,0,0,0,0,0,0,0,0,0,0,0,0,0,0,0,0,0,0,0,0,0,0,0,0,0,0,0,0,0,0,0,0,0,0,0,0,
"(org.simpleflatmapper.reflect.GetterIntBenchmark.testMethodHandlerExact,f60f4691427c3e5b9516d9bafeff743a1aa98311)",0,0,0,0,0,0,0,0,0,0,0,0,0,0,0,0,0,0,0,0,0,0,0,0,0,0,0,0,0,0,0,0,0,0,0,0,0,0,0,0,0,0,0,0,0,0,0,0,0,
"(org.simpleflatmapper.csv.UnescapeBenchmark.unescape,f60f4691427c3e5b9516d9bafeff743a1aa98311)",0,0,0,0,0,0,0,0,0,0,0,0,0,0,0,0,0,0,0,0,0,0,0,0,0,0,0,0,0,0,0,0,0,0,0,0,0,0,0,0,0,0,0,0,0,0,0,0,0,
"(org.simpleflatmapper.map.KeyObjectStorePutBenchmark.testKeyObjectStore,f60f4691427c3e5b9516d9bafeff743a1aa98311)",0,0,0,0,0,0,0,0,0,0,0,0,0,0,0,0,0,0,0,0,0,0,0,0,0,0,0,0,0,0,0,0,0,0,0,0,0,0,0,0,0,0,0,0,0,0,0,0,0,
"(org.simpleflatmapper.csv.DiscriminatorBenchmark.testNoDiscriminator,f60f4691427c3e5b9516d9bafeff743a1aa98311)",0,0,0,0,0,0,0,0,0,0,0,0,0,0,0,0,0,0,0,0,0,0,0,0,0,0,0,0,0,0,0,0,0,0,0,0,0,0,0,0,0,0,0,0,0,0,0,0,0,
"(org.simpleflatmapper.csv.io.ReaderBenchmark.testInputStreamReaderFromChannelInputStream,f60f4691427c3e5b9516d9bafeff743a1aa98311)",0,0,0,0,0,0,0,0,0,0,0,0,0,0,0,0,0,0,0,0,0,0,0,0,0,0,0,0,0,0,0,0,0,0,0,0,0,0,0,0,0,0,0,0,0,0,0,0,0,
"(org.simpleflatmapper.io.CharReadingBenchmark.memoryMappedFileBytes,f60f4691427c3e5b9516d9bafeff743a1aa98311)",0,0,0,0,0,0,0,0,0,0,0,0,0,0,0,0,0,0,0,0,0,0,0,0,0,0,0,0,0,0,0,0,0,0,0,0,0,0,0,0,0,0,0,0,0,0,0,0,0,
"(org.simpleflatmapper.reflect.GetterStringBenchmark.testMethodHandlerExact,f60f4691427c3e5b9516d9bafeff743a1aa98311)",0,0,0,0,0,0,0,0,0,0,0,0,0,0,0,0,0,0,0,0,0,0,0,0,0,0,0,0,0,0,0,0,0,0,0,0,0,0,0,0,0,0,0,0,0,0,0,0,0,
"(org.simpleflatmapper.csv.DiscriminatorBenchmark.testWithDiscriminatorWithPartialKeys,f60f4691427c3e5b9516d9bafeff743a1aa98311)",0,0,0,0,0,0,0,0,0,0,0,0,0,0,0,0,0,0,0,0,0,0,0,0,0,0,0,0,0,0,0,0,0,0,0,0,0,0,0,0,0,0,0,0,0,0,0,0,0,
"(org.simpleflatmapper.csv.io.ReaderBenchmark.testFiles,f60f4691427c3e5b9516d9bafeff743a1aa98311)",0,0,0,0,0,0,0,0,0,0,0,0,0,0,0,0,0,0,0,0,0,0,0,0,0,0,0,0,0,0,0,0,0,0,0,0,0,0,0,0,0,0,0,0,0,0,0,0,0,
"(org.simpleflatmapper.csv.io.InputStreamBenchmark.testFiles,f60f4691427c3e5b9516d9bafeff743a1aa98311)",0,0,0,0,0,0,0,0,0,0,0,0,0,0,0,0,0,0,0,0,0,0,0,0,0,0,0,0,0,0,0,0,0,0,0,0,0,0,0,0,0,0,0,0,0,0,0,0,0,
"(org.simpleflatmapper.reflect.GetterIntBenchmark.testMethodHandlerField,f60f4691427c3e5b9516d9bafeff743a1aa98311)",0,0,0,0,0,0,0,0,0,0,0,0,0,0,0,0,0,0,0,0,0,0,0,0,0,0,0,0,0,0,0,0,0,0,0,0,0,0,0,0,0,0,0,0,0,0,0,0,0,
"(org.simpleflatmapper.csv.CsvParserBenchmark.parse,8f6e1fe45273747e755fda6ac82894eaa997c35a)",0,0,0,0,0,0,0,0,0,0,0,0,0,0,0,0,0,0,0,0,0,0,0,0,0,0,0,0,0,0,0,0,0,0,0,0,0,0,0,0,0,0,0,0,0,0,0,0,0,
"(org.simpleflatmapper.csv.CsvParserBenchmark.parsePipe,8f6e1fe45273747e755fda6ac82894eaa997c35a)",0,0,0,0,0,0,0,0,0,0,0,0,0,0,0,0,0,0,0,0,0,0,0,0,0,0,0,0,0,0,0,0,0,0,0,0,0,0,0,0,0,0,0,0,0,0,0,0,0,
"(org.simpleflatmapper.map.MapperCacheBenchmark.testGet,8f6e1fe45273747e755fda6ac82894eaa997c35a)",0,0,0,0,0,0,0,0,0,0,0,0,0,0,0,0,0,0,0,0,0,0,0,0,0,0,0,0,0,0,0,0,0,0,0,0,0,0,0,0,0,0,0,0,0,0,0,0,0,
"(org.simpleflatmapper.reflect.GetterIntBenchmark.testAsm,8f6e1fe45273747e755fda6ac82894eaa997c35a)",0,0,0,0,0,0,0,0,0,0,0,0,0,0,0,0,0,0,0,0,0,0,0,0,0,0,0,0,0,0,0,0,0,0,0,0,0,0,0,0,0,0,0,0,0,0,0,0,0,
"(org.simpleflatmapper.io.CharReadingBenchmark.fileChannelBytes,8f6e1fe45273747e755fda6ac82894eaa997c35a)",0,0,0,0,0,0,0,0,0,0,0,0,0,0,0,0,0,0,0,0,0,0,0,0,0,0,0,0,0,0,0,0,0,0,0,0,0,0,0,0,0,0,0,0,0,0,0,0,0,
"(org.simpleflatmapper.utils.UUIDBenchMarkRead.testByteBufferRead,8f6e1fe45273747e755fda6ac82894eaa997c35a)",0,0,0,0,0,0,0,0,0,0,0,0,0,0,0,0,0,0,0,0,0,0,0,0,0,0,0,0,0,0,0,0,0,0,0,0,0,0,0,0,0,0,0,0,0,0,0,0,0,
"(org.simpleflatmapper.map.KeyObjectStoreGetBenchmark.testKeyObjectStore,8f6e1fe45273747e755fda6ac82894eaa997c35a)",0,0,0,0,0,0,0,0,0,0,0,0,0,0,0,0,0,0,0,0,0,0,0,0,0,0,0,0,0,0,0,0,0,0,0,0,0,0,0,0,0,0,0,0,0,0,0,0,0,
"(org.simpleflatmapper.csv.io.InputStreamBenchmark.testFileInputStream,8f6e1fe45273747e755fda6ac82894eaa997c35a)",0,0,0,0,0,0,0,0,0,0,0,0,0,0,0,0,0,0,0,0,0,0,0,0,0,0,0,0,0,0,0,0,0,0,0,0,0,0,0,0,0,0,0,0,0,0,0,0,0,
"(org.simpleflatmapper.io.CharReadingBenchmark.intputStreamBytes,8f6e1fe45273747e755fda6ac82894eaa997c35a)",0,0,0,0,0,0,0,0,0,0,0,0,0,0,0,0,0,0,0,0,0,0,0,0,0,0,0,0,0,0,0,0,0,0,0,0,0,0,0,0,0,0,0,0,0,0,0,0,0,
"(org.simpleflatmapper.reflect.GetterStringBenchmark.testMethodHandler,8f6e1fe45273747e755fda6ac82894eaa997c35a)",0,0,0,0,0,0,0,0,0,0,0,0,0,0,0,0,0,0,0,0,0,0,0,0,0,0,0,0,0,0,0,0,0,0,0,0,0,0,0,0,0,0,0,0,0,0,0,0,0,
"(org.simpleflatmapper.reflect.GetterStringBenchmark.testMethod,8f6e1fe45273747e755fda6ac82894eaa997c35a)",0,0,0,0,0,0,0,0,0,0,0,0,0,0,0,0,0,0,0,0,0,0,0,0,0,0,0,0,0,0,0,0,0,0,0,0,0,0,0,0,0,0,0,0,0,0,0,0,0,
"(org.simpleflatmapper.csv.DiscriminatorBenchmark.testWithDiscriminatorWithKeys,8f6e1fe45273747e755fda6ac82894eaa997c35a)",0,0,0,0,0,0,2,0,0,0,0,0,0,0,0,0,0,0,0,0,0,0,1,0,0,0,0,0,0,0,0,0,0,0,0,0,0,0,0,0,0,0,0,0,0,0,0,0,3,
"(org.simpleflatmapper.csv.CsvParserBenchmark.parseTrim,8f6e1fe45273747e755fda6ac82894eaa997c35a)",0,0,0,0,0,0,0,0,0,0,0,0,0,0,0,0,0,0,0,0,0,0,0,0,0,0,0,0,0,0,0,0,0,0,0,0,0,0,0,0,0,0,0,0,0,0,0,0,0,
"(org.simpleflatmapper.csv.DiscriminatorBenchmark.testWithDiscriminator,8f6e1fe45273747e755fda6ac82894eaa997c35a)",0,0,0,0,0,0,2,0,0,0,0,0,0,0,0,0,0,0,0,0,0,0,1,0,0,0,0,0,0,0,0,0,0,0,0,0,0,0,0,0,0,0,0,0,0,0,0,0,3,
"(org.simpleflatmapper.csv.io.ReaderBenchmark.testFileChannelViaRandomFile,8f6e1fe45273747e755fda6ac82894eaa997c35a)",0,0,0,0,0,0,0,0,0,0,0,0,0,0,0,0,0,0,0,0,0,0,0,0,0,0,0,0,0,0,0,0,0,0,0,0,0,0,0,0,0,0,0,0,0,0,0,0,0,
"(org.simpleflatmapper.map.KeyObjectStorePutBenchmark.testMap,8f6e1fe45273747e755fda6ac82894eaa997c35a)",0,0,0,0,0,0,0,0,0,0,0,0,0,0,0,0,0,0,0,0,0,0,0,0,0,0,0,0,0,0,0,0,0,0,0,0,0,0,0,0,0,0,0,0,0,0,0,0,0,
"(org.simpleflatmapper.utils.UUIDBenchMarkRead.testBytesRead,8f6e1fe45273747e755fda6ac82894eaa997c35a)",0,0,0,0,0,0,0,0,0,0,0,0,0,0,0,0,0,0,0,0,0,0,0,0,0,0,0,0,0,0,0,0,0,0,0,0,0,0,0,0,0,0,0,0,0,0,0,0,0,
"(org.simpleflatmapper.csv.CsvParserBenchmark.parseQuote,8f6e1fe45273747e755fda6ac82894eaa997c35a)",0,0,0,0,0,0,0,0,0,0,0,0,0,0,0,0,0,0,0,0,0,0,0,0,0,0,0,0,0,0,0,0,0,0,0,0,0,0,0,0,0,0,0,0,0,0,0,0,0,
"(org.simpleflatmapper.utils.UUIDBenchMarkWrite.testByteBufferRead,8f6e1fe45273747e755fda6ac82894eaa997c35a)",0,0,0,0,0,0,0,0,0,0,0,0,0,0,0,0,0,0,0,0,0,0,0,0,0,0,0,0,0,0,0,0,0,0,0,0,0,0,0,0,0,0,0,0,0,0,0,0,0,
"(org.simpleflatmapper.reflect.GetterIntBenchmark.testDirect,8f6e1fe45273747e755fda6ac82894eaa997c35a)",0,0,0,0,0,0,0,0,0,0,0,0,0,0,0,0,0,0,0,0,0,0,0,0,0,0,0,0,0,0,0,0,0,0,0,0,0,0,0,0,0,0,0,0,0,0,0,0,0,
"(org.simpleflatmapper.csv.io.InputStreamBenchmark.testFileChannel,8f6e1fe45273747e755fda6ac82894eaa997c35a)",0,0,0,0,0,0,0,0,0,0,0,0,0,0,0,0,0,0,0,0,0,0,0,0,0,0,0,0,0,0,0,0,0,0,0,0,0,0,0,0,0,0,0,0,0,0,0,0,0,
"(org.simpleflatmapper.reflect.GetterStringBenchmark.testField,8f6e1fe45273747e755fda6ac82894eaa997c35a)",0,0,0,0,0,0,0,0,0,0,0,0,0,0,0,0,0,0,0,0,0,0,0,0,0,0,0,0,0,0,0,0,0,0,0,0,0,0,0,0,0,0,0,0,0,0,0,0,0,
"(org.simpleflatmapper.utils.UUIDBenchMarkWrite.testBytesRead,8f6e1fe45273747e755fda6ac82894eaa997c35a)",0,0,0,0,0,0,0,0,0,0,0,0,0,0,0,0,0,0,0,0,0,0,0,0,0,0,0,0,0,0,0,0,0,0,0,0,0,0,0,0,0,0,0,0,0,0,0,0,0,
"(org.simpleflatmapper.reflect.GetterIntBenchmark.testField,8f6e1fe45273747e755fda6ac82894eaa997c35a)",0,0,0,0,0,0,0,0,0,0,0,0,0,0,0,0,0,0,0,0,0,0,0,0,0,0,0,0,0,0,0,0,0,0,0,0,0,0,0,0,0,0,0,0,0,0,0,0,0,
"(org.simpleflatmapper.csv.io.ReaderBenchmark.testFileChannel,8f6e1fe45273747e755fda6ac82894eaa997c35a)",0,0,0,0,0,0,0,0,0,0,0,0,0,0,0,0,0,0,0,0,0,0,0,0,0,0,0,0,0,0,0,0,0,0,0,0,0,0,0,0,0,0,0,0,0,0,0,0,0,
"(org.simpleflatmapper.io.CharReadingBenchmark.reader,8f6e1fe45273747e755fda6ac82894eaa997c35a)",0,0,0,0,0,0,0,0,0,0,0,0,0,0,0,0,0,0,0,0,0,0,0,0,0,0,0,0,0,0,0,0,0,0,0,0,0,0,0,0,0,0,0,0,0,0,0,0,0,
"(org.simpleflatmapper.csv.CsvParserBenchmark.parsePipeQuote,8f6e1fe45273747e755fda6ac82894eaa997c35a)",0,0,0,0,0,0,0,0,0,0,0,0,0,0,0,0,0,0,0,0,0,0,0,0,0,0,0,0,0,0,0,0,0,0,0,0,0,0,0,0,0,0,0,0,0,0,0,0,0,
"(org.simpleflatmapper.csv.io.ReaderBenchmark.testFileInputStream,8f6e1fe45273747e755fda6ac82894eaa997c35a)",0,0,0,0,0,0,0,0,0,0,0,0,0,0,0,0,0,0,0,0,0,0,0,0,0,0,0,0,0,0,0,0,0,0,0,0,0,0,0,0,0,0,0,0,0,0,0,0,0,
"(org.simpleflatmapper.map.KeyObjectStoreGetBenchmark.testMap,8f6e1fe45273747e755fda6ac82894eaa997c35a)",0,0,0,0,0,0,0,0,0,0,0,0,0,0,0,0,0,0,0,0,0,0,0,0,0,0,0,0,0,0,0,0,0,0,0,0,0,0,0,0,0,0,0,0,0,0,0,0,0,
"(org.simpleflatmapper.csv.io.InputStreamBenchmark.testFileChannelViaRandomFile,8f6e1fe45273747e755fda6ac82894eaa997c35a)",0,0,0,0,0,0,0,0,0,0,0,0,0,0,0,0,0,0,0,0,0,0,0,0,0,0,0,0,0,0,0,0,0,0,0,0,0,0,0,0,0,0,0,0,0,0,0,0,0,
"(org.simpleflatmapper.reflect.GetterIntBenchmark.testMethodHandler,8f6e1fe45273747e755fda6ac82894eaa997c35a)",0,0,0,0,0,0,0,0,0,0,0,0,0,0,0,0,0,0,0,0,0,0,0,0,0,0,0,0,0,0,0,0,0,0,0,0,0,0,0,0,0,0,0,0,0,0,0,0,0,
"(org.simpleflatmapper.reflect.GetterStringBenchmark.testDirect,8f6e1fe45273747e755fda6ac82894eaa997c35a)",0,0,0,0,0,0,0,0,0,0,0,0,0,0,0,0,0,0,0,0,0,0,0,0,0,0,0,0,0,0,0,0,0,0,0,0,0,0,0,0,0,0,0,0,0,0,0,0,0,
"(org.simpleflatmapper.io.CharReadingBenchmark.memoryMappedFile,8f6e1fe45273747e755fda6ac82894eaa997c35a)",0,0,0,0,0,0,0,0,0,0,0,0,0,0,0,0,0,0,0,0,0,0,0,0,0,0,0,0,0,0,0,0,0,0,0,0,0,0,0,0,0,0,0,0,0,0,0,0,0,
"(org.simpleflatmapper.reflect.GetterStringBenchmark.testAsm,8f6e1fe45273747e755fda6ac82894eaa997c35a)",0,0,0,0,0,0,0,0,0,0,0,0,0,0,0,0,0,0,0,0,0,0,0,0,0,0,0,0,0,0,0,0,0,0,0,0,0,0,0,0,0,0,0,0,0,0,0,0,0,
"(org.simpleflatmapper.reflect.GetterIntBenchmark.testMethod,8f6e1fe45273747e755fda6ac82894eaa997c35a)",0,0,0,0,0,0,0,0,0,0,0,0,0,0,0,0,0,0,0,0,0,0,0,0,0,0,0,0,0,0,0,0,0,0,0,0,0,0,0,0,0,0,0,0,0,0,0,0,0,
"(org.simpleflatmapper.reflect.GetterStringBenchmark.testMethodHandlerField,8f6e1fe45273747e755fda6ac82894eaa997c35a)",0,0,0,0,0,0,0,0,0,0,0,0,0,0,0,0,0,0,0,0,0,0,0,0,0,0,0,0,0,0,0,0,0,0,0,0,0,0,0,0,0,0,0,0,0,0,0,0,0,
"(org.simpleflatmapper.reflect.GetterIntBenchmark.testMethodHandlerExact,8f6e1fe45273747e755fda6ac82894eaa997c35a)",0,0,0,0,0,0,0,0,0,0,0,0,0,0,0,0,0,0,0,0,0,0,0,0,0,0,0,0,0,0,0,0,0,0,0,0,0,0,0,0,0,0,0,0,0,0,0,0,0,
"(org.simpleflatmapper.csv.UnescapeBenchmark.unescape,8f6e1fe45273747e755fda6ac82894eaa997c35a)",0,0,0,0,0,0,0,0,0,0,0,0,0,0,0,0,0,0,0,0,0,0,0,0,0,0,0,0,0,0,0,0,0,0,0,0,0,0,0,0,0,0,0,0,0,0,0,0,0,
"(org.simpleflatmapper.map.KeyObjectStorePutBenchmark.testKeyObjectStore,8f6e1fe45273747e755fda6ac82894eaa997c35a)",0,0,0,0,0,0,0,0,0,0,0,0,0,0,0,0,0,0,0,0,0,0,0,0,0,0,0,0,0,0,0,0,0,0,0,0,0,0,0,0,0,0,0,0,0,0,0,0,0,
"(org.simpleflatmapper.csv.DiscriminatorBenchmark.testNoDiscriminator,8f6e1fe45273747e755fda6ac82894eaa997c35a)",0,0,0,0,0,0,2,0,0,0,0,0,0,0,0,0,0,0,0,0,0,0,1,0,0,0,0,0,0,0,0,0,0,0,0,0,0,0,0,0,0,0,0,0,0,0,0,0,3,
"(org.simpleflatmapper.csv.io.ReaderBenchmark.testInputStreamReaderFromChannelInputStream,8f6e1fe45273747e755fda6ac82894eaa997c35a)",0,0,0,0,0,0,0,0,0,0,0,0,0,0,0,0,0,0,0,0,0,0,0,0,0,0,0,0,0,0,0,0,0,0,0,0,0,0,0,0,0,0,0,0,0,0,0,0,0,
"(org.simpleflatmapper.io.CharReadingBenchmark.memoryMappedFileBytes,8f6e1fe45273747e755fda6ac82894eaa997c35a)",0,0,0,0,0,0,0,0,0,0,0,0,0,0,0,0,0,0,0,0,0,0,0,0,0,0,0,0,0,0,0,0,0,0,0,0,0,0,0,0,0,0,0,0,0,0,0,0,0,
"(org.simpleflatmapper.reflect.GetterStringBenchmark.testMethodHandlerExact,8f6e1fe45273747e755fda6ac82894eaa997c35a)",0,0,0,0,0,0,0,0,0,0,0,0,0,0,0,0,0,0,0,0,0,0,0,0,0,0,0,0,0,0,0,0,0,0,0,0,0,0,0,0,0,0,0,0,0,0,0,0,0,
"(org.simpleflatmapper.csv.DiscriminatorBenchmark.testWithDiscriminatorWithPartialKeys,8f6e1fe45273747e755fda6ac82894eaa997c35a)",0,0,0,0,0,0,0,0,0,0,0,0,0,0,0,0,0,0,0,0,0,0,0,0,0,0,0,0,0,0,0,0,0,0,0,0,0,0,0,0,0,0,0,0,0,0,0,0,0,
"(org.simpleflatmapper.csv.io.ReaderBenchmark.testFiles,8f6e1fe45273747e755fda6ac82894eaa997c35a)",0,0,0,0,0,0,0,0,0,0,0,0,0,0,0,0,0,0,0,0,0,0,0,0,0,0,0,0,0,0,0,0,0,0,0,0,0,0,0,0,0,0,0,0,0,0,0,0,0,
"(org.simpleflatmapper.csv.io.InputStreamBenchmark.testFiles,8f6e1fe45273747e755fda6ac82894eaa997c35a)",0,0,0,0,0,0,0,0,0,0,0,0,0,0,0,0,0,0,0,0,0,0,0,0,0,0,0,0,0,0,0,0,0,0,0,0,0,0,0,0,0,0,0,0,0,0,0,0,0,
"(org.simpleflatmapper.reflect.GetterIntBenchmark.testMethodHandlerField,8f6e1fe45273747e755fda6ac82894eaa997c35a)",0,0,0,0,0,0,0,0,0,0,0,0,0,0,0,0,0,0,0,0,0,0,0,0,0,0,0,0,0,0,0,0,0,0,0,0,0,0,0,0,0,0,0,0,0,0,0,0,0,
"(org.simpleflatmapper.csv.CsvParserBenchmark.parse,0e437f4397bbb103b89c2609765a503077974109)",0,0,0,0,0,0,0,0,0,0,0,0,0,0,0,0,0,0,0,0,0,0,0,0,0,0,0,0,0,0,0,0,0,0,0,0,0,0,0,0,0,0,0,0,0,0,0,0,0,
"(org.simpleflatmapper.csv.CsvParserBenchmark.parsePipe,0e437f4397bbb103b89c2609765a503077974109)",0,0,0,0,0,0,0,0,0,0,0,0,0,0,0,0,0,0,0,0,0,0,0,0,0,0,0,0,0,0,0,0,0,0,0,0,0,0,0,0,0,0,0,0,0,0,0,0,0,
"(org.simpleflatmapper.map.MapperCacheBenchmark.testGet,0e437f4397bbb103b89c2609765a503077974109)",0,0,0,0,0,0,0,0,0,0,0,0,0,0,0,0,0,0,0,0,0,0,0,0,0,0,0,0,0,0,0,0,0,0,0,0,0,0,0,0,0,0,0,0,0,0,0,0,0,
"(org.simpleflatmapper.reflect.GetterIntBenchmark.testAsm,0e437f4397bbb103b89c2609765a503077974109)",0,0,0,0,0,0,0,0,0,0,0,0,0,0,0,0,0,0,0,0,0,0,0,0,0,0,0,0,0,0,0,0,0,0,0,0,0,0,0,0,0,0,0,0,0,0,0,0,0,
"(org.simpleflatmapper.io.CharReadingBenchmark.fileChannelBytes,0e437f4397bbb103b89c2609765a503077974109)",0,0,0,0,0,0,0,0,0,0,0,0,0,0,0,0,0,0,0,0,0,0,0,0,0,0,0,0,0,0,0,0,0,0,0,0,0,0,0,0,0,0,0,0,0,0,0,0,0,
"(org.simpleflatmapper.utils.UUIDBenchMarkRead.testByteBufferRead,0e437f4397bbb103b89c2609765a503077974109)",0,0,0,0,0,0,0,0,0,0,0,0,0,0,0,0,0,0,0,0,0,0,0,0,0,0,0,0,0,0,0,0,0,0,0,0,0,0,0,0,0,0,0,0,0,0,0,0,0,
"(org.simpleflatmapper.map.KeyObjectStoreGetBenchmark.testKeyObjectStore,0e437f4397bbb103b89c2609765a503077974109)",0,0,0,0,0,0,0,0,0,0,0,0,0,0,0,0,0,0,0,0,0,0,0,0,0,0,0,0,0,0,0,0,0,0,0,0,0,0,0,0,0,0,0,0,0,0,0,0,0,
"(org.simpleflatmapper.csv.io.InputStreamBenchmark.testFileInputStream,0e437f4397bbb103b89c2609765a503077974109)",0,0,0,0,0,0,0,0,0,0,0,0,0,0,0,0,0,0,0,0,0,0,0,0,0,0,0,0,0,0,0,0,0,0,0,0,0,0,0,0,0,0,0,0,0,0,0,0,0,
"(org.simpleflatmapper.io.CharReadingBenchmark.intputStreamBytes,0e437f4397bbb103b89c2609765a503077974109)",0,0,0,0,0,0,0,0,0,0,0,0,0,0,0,0,0,0,0,0,0,0,0,0,0,0,0,0,0,0,0,0,0,0,0,0,0,0,0,0,0,0,0,0,0,0,0,0,0,
"(org.simpleflatmapper.reflect.GetterStringBenchmark.testMethodHandler,0e437f4397bbb103b89c2609765a503077974109)",0,0,0,0,0,0,0,0,0,0,0,0,0,0,0,0,0,0,0,0,0,0,0,0,0,0,0,0,0,0,0,0,0,0,0,0,0,0,0,0,0,0,0,0,0,0,0,0,0,
"(org.simpleflatmapper.reflect.GetterStringBenchmark.testMethod,0e437f4397bbb103b89c2609765a503077974109)",0,0,0,0,0,0,0,0,0,0,0,0,0,0,0,0,0,0,0,0,0,0,0,0,0,0,0,0,0,0,0,0,0,0,0,0,0,0,0,0,0,0,0,0,0,0,0,0,0,
"(org.simpleflatmapper.csv.DiscriminatorBenchmark.testWithDiscriminatorWithKeys,0e437f4397bbb103b89c2609765a503077974109)",0,0,0,0,0,0,0,0,0,0,0,0,0,0,0,0,0,0,0,0,0,0,0,0,0,0,0,0,0,0,0,0,0,0,0,0,0,0,0,0,0,0,0,0,0,0,0,0,0,
"(org.simpleflatmapper.csv.CsvParserBenchmark.parseTrim,0e437f4397bbb103b89c2609765a503077974109)",0,0,0,0,0,0,0,0,0,0,0,0,0,0,0,0,0,0,0,0,0,0,0,0,0,0,0,0,0,0,0,0,0,0,0,0,0,0,0,0,0,0,0,0,0,0,0,0,0,
"(org.simpleflatmapper.csv.DiscriminatorBenchmark.testWithDiscriminator,0e437f4397bbb103b89c2609765a503077974109)",0,0,0,0,0,2,0,0,0,0,0,0,0,0,0,0,0,0,0,0,0,1,0,3,0,0,0,0,0,0,0,0,0,0,0,0,0,0,0,0,0,0,0,0,0,0,0,0,6,
"(org.simpleflatmapper.csv.io.ReaderBenchmark.testFileChannelViaRandomFile,0e437f4397bbb103b89c2609765a503077974109)",0,0,0,0,0,0,0,0,0,0,0,0,0,0,0,0,0,0,0,0,0,0,0,0,0,0,0,0,0,0,0,0,0,0,0,0,0,0,0,0,0,0,0,0,0,0,0,0,0,
"(org.simpleflatmapper.map.KeyObjectStorePutBenchmark.testMap,0e437f4397bbb103b89c2609765a503077974109)",0,0,0,0,0,0,0,0,0,0,0,0,0,0,0,0,0,0,0,0,0,0,0,0,0,0,0,0,0,0,0,0,0,0,0,0,0,0,0,0,0,0,0,0,0,0,0,0,0,
"(org.simpleflatmapper.utils.UUIDBenchMarkRead.testBytesRead,0e437f4397bbb103b89c2609765a503077974109)",0,0,0,0,0,0,0,0,0,0,0,0,0,0,0,0,0,0,0,0,0,0,0,0,0,0,0,0,0,0,0,0,0,0,0,0,0,0,0,0,0,0,0,0,0,0,0,0,0,
"(org.simpleflatmapper.csv.CsvParserBenchmark.parseQuote,0e437f4397bbb103b89c2609765a503077974109)",0,0,0,0,0,0,0,0,0,0,0,0,0,0,0,0,0,0,0,0,0,0,0,0,0,0,0,0,0,0,0,0,0,0,0,0,0,0,0,0,0,0,0,0,0,0,0,0,0,
"(org.simpleflatmapper.utils.UUIDBenchMarkWrite.testByteBufferRead,0e437f4397bbb103b89c2609765a503077974109)",0,0,0,0,0,0,0,0,0,0,0,0,0,0,0,0,0,0,0,0,0,0,0,0,0,0,0,0,0,0,0,0,0,0,0,0,0,0,0,0,0,0,0,0,0,0,0,0,0,
"(org.simpleflatmapper.reflect.GetterIntBenchmark.testDirect,0e437f4397bbb103b89c2609765a503077974109)",0,0,0,0,0,0,0,0,0,0,0,0,0,0,0,0,0,0,0,0,0,0,0,0,0,0,0,0,0,0,0,0,0,0,0,0,0,0,0,0,0,0,0,0,0,0,0,0,0,
"(org.simpleflatmapper.csv.io.InputStreamBenchmark.testFileChannel,0e437f4397bbb103b89c2609765a503077974109)",0,0,0,0,0,0,0,0,0,0,0,0,0,0,0,0,0,0,0,0,0,0,0,0,0,0,0,0,0,0,0,0,0,0,0,0,0,0,0,0,0,0,0,0,0,0,0,0,0,
"(org.simpleflatmapper.reflect.GetterStringBenchmark.testField,0e437f4397bbb103b89c2609765a503077974109)",0,0,0,0,0,0,0,0,0,0,0,0,0,0,0,0,0,0,0,0,0,0,0,0,0,0,0,0,0,0,0,0,0,0,0,0,0,0,0,0,0,0,0,0,0,0,0,0,0,
"(org.simpleflatmapper.utils.UUIDBenchMarkWrite.testBytesRead,0e437f4397bbb103b89c2609765a503077974109)",0,0,0,0,0,0,0,0,0,0,0,0,0,0,0,0,0,0,0,0,0,0,0,0,0,0,0,0,0,0,0,0,0,0,0,0,0,0,0,0,0,0,0,0,0,0,0,0,0,
"(org.simpleflatmapper.reflect.GetterIntBenchmark.testField,0e437f4397bbb103b89c2609765a503077974109)",0,0,0,0,0,0,0,0,0,0,0,0,0,0,0,0,0,0,0,0,0,0,0,0,0,0,0,0,0,0,0,0,0,0,0,0,0,0,0,0,0,0,0,0,0,0,0,0,0,
"(org.simpleflatmapper.csv.io.ReaderBenchmark.testFileChannel,0e437f4397bbb103b89c2609765a503077974109)",0,0,0,0,0,0,0,0,0,0,0,0,0,0,0,0,0,0,0,0,0,0,0,0,0,0,0,0,0,0,0,0,0,0,0,0,0,0,0,0,0,0,0,0,0,0,0,0,0,
"(org.simpleflatmapper.io.CharReadingBenchmark.reader,0e437f4397bbb103b89c2609765a503077974109)",0,0,0,0,0,0,0,0,0,0,0,0,0,0,0,0,0,0,0,0,0,0,0,0,0,0,0,0,0,0,0,0,0,0,0,0,0,0,0,0,0,0,0,0,0,0,0,0,0,
"(org.simpleflatmapper.csv.CsvParserBenchmark.parsePipeQuote,0e437f4397bbb103b89c2609765a503077974109)",0,0,0,0,0,0,0,0,0,0,0,0,0,0,0,0,0,0,0,0,0,0,0,0,0,0,0,0,0,0,0,0,0,0,0,0,0,0,0,0,0,0,0,0,0,0,0,0,0,
"(org.simpleflatmapper.csv.io.ReaderBenchmark.testFileInputStream,0e437f4397bbb103b89c2609765a503077974109)",0,0,0,0,0,0,0,0,0,0,0,0,0,0,0,0,0,0,0,0,0,0,0,0,0,0,0,0,0,0,0,0,0,0,0,0,0,0,0,0,0,0,0,0,0,0,0,0,0,
"(org.simpleflatmapper.map.KeyObjectStoreGetBenchmark.testMap,0e437f4397bbb103b89c2609765a503077974109)",0,0,0,0,0,0,0,0,0,0,0,0,0,0,0,0,0,0,0,0,0,0,0,0,0,0,0,0,0,0,0,0,0,0,0,0,0,0,0,0,0,0,0,0,0,0,0,0,0,
"(org.simpleflatmapper.csv.io.InputStreamBenchmark.testFileChannelViaRandomFile,0e437f4397bbb103b89c2609765a503077974109)",0,0,0,0,0,0,0,0,0,0,0,0,0,0,0,0,0,0,0,0,0,0,0,0,0,0,0,0,0,0,0,0,0,0,0,0,0,0,0,0,0,0,0,0,0,0,0,0,0,
"(org.simpleflatmapper.reflect.GetterIntBenchmark.testMethodHandler,0e437f4397bbb103b89c2609765a503077974109)",0,0,0,0,0,0,0,0,0,0,0,0,0,0,0,0,0,0,0,0,0,0,0,0,0,0,0,0,0,0,0,0,0,0,0,0,0,0,0,0,0,0,0,0,0,0,0,0,0,
"(org.simpleflatmapper.reflect.GetterStringBenchmark.testDirect,0e437f4397bbb103b89c2609765a503077974109)",0,0,0,0,0,0,0,0,0,0,0,0,0,0,0,0,0,0,0,0,0,0,0,0,0,0,0,0,0,0,0,0,0,0,0,0,0,0,0,0,0,0,0,0,0,0,0,0,0,
"(org.simpleflatmapper.io.CharReadingBenchmark.memoryMappedFile,0e437f4397bbb103b89c2609765a503077974109)",0,0,0,0,0,0,0,0,0,0,0,0,0,0,0,0,0,0,0,0,0,0,0,0,0,0,0,0,0,0,0,0,0,0,0,0,0,0,0,0,0,0,0,0,0,0,0,0,0,
"(org.simpleflatmapper.reflect.GetterStringBenchmark.testAsm,0e437f4397bbb103b89c2609765a503077974109)",0,0,0,0,0,0,0,0,0,0,0,0,0,0,0,0,0,0,0,0,0,0,0,0,0,0,0,0,0,0,0,0,0,0,0,0,0,0,0,0,0,0,0,0,0,0,0,0,0,
"(org.simpleflatmapper.reflect.GetterIntBenchmark.testMethod,0e437f4397bbb103b89c2609765a503077974109)",0,0,0,0,0,0,0,0,0,0,0,0,0,0,0,0,0,0,0,0,0,0,0,0,0,0,0,0,0,0,0,0,0,0,0,0,0,0,0,0,0,0,0,0,0,0,0,0,0,
"(org.simpleflatmapper.reflect.GetterStringBenchmark.testMethodHandlerField,0e437f4397bbb103b89c2609765a503077974109)",0,0,0,0,0,0,0,0,0,0,0,0,0,0,0,0,0,0,0,0,0,0,0,0,0,0,0,0,0,0,0,0,0,0,0,0,0,0,0,0,0,0,0,0,0,0,0,0,0,
"(org.simpleflatmapper.reflect.GetterIntBenchmark.testMethodHandlerExact,0e437f4397bbb103b89c2609765a503077974109)",0,0,0,0,0,0,0,0,0,0,0,0,0,0,0,0,0,0,0,0,0,0,0,0,0,0,0,0,0,0,0,0,0,0,0,0,0,0,0,0,0,0,0,0,0,0,0,0,0,
"(org.simpleflatmapper.csv.UnescapeBenchmark.unescape,0e437f4397bbb103b89c2609765a503077974109)",0,0,0,0,0,0,0,0,0,0,0,0,0,0,0,0,0,0,0,0,0,0,0,0,0,0,0,0,0,0,0,0,0,0,0,0,0,0,0,0,0,0,0,0,0,0,0,0,0,
"(org.simpleflatmapper.map.KeyObjectStorePutBenchmark.testKeyObjectStore,0e437f4397bbb103b89c2609765a503077974109)",0,0,0,0,0,0,0,0,0,0,0,0,0,0,0,0,0,0,0,0,0,0,0,0,0,0,0,0,0,0,0,0,0,0,0,0,0,0,0,0,0,0,0,0,0,0,0,0,0,
"(org.simpleflatmapper.csv.DiscriminatorBenchmark.testNoDiscriminator,0e437f4397bbb103b89c2609765a503077974109)",0,0,0,0,0,2,0,0,0,0,0,0,0,0,0,0,0,0,0,0,0,1,0,3,0,0,0,0,0,0,0,0,0,0,0,0,0,0,0,0,0,0,0,0,0,0,0,0,6,
"(org.simpleflatmapper.csv.io.ReaderBenchmark.testInputStreamReaderFromChannelInputStream,0e437f4397bbb103b89c2609765a503077974109)",0,0,0,0,0,0,0,0,0,0,0,0,0,0,0,0,0,0,0,0,0,0,0,0,0,0,0,0,0,0,0,0,0,0,0,0,0,0,0,0,0,0,0,0,0,0,0,0,0,
"(org.simpleflatmapper.io.CharReadingBenchmark.memoryMappedFileBytes,0e437f4397bbb103b89c2609765a503077974109)",0,0,0,0,0,0,0,0,0,0,0,0,0,0,0,0,0,0,0,0,0,0,0,0,0,0,0,0,0,0,0,0,0,0,0,0,0,0,0,0,0,0,0,0,0,0,0,0,0,
"(org.simpleflatmapper.reflect.GetterStringBenchmark.testMethodHandlerExact,0e437f4397bbb103b89c2609765a503077974109)",0,0,0,0,0,0,0,0,0,0,0,0,0,0,0,0,0,0,0,0,0,0,0,0,0,0,0,0,0,0,0,0,0,0,0,0,0,0,0,0,0,0,0,0,0,0,0,0,0,
"(org.simpleflatmapper.csv.DiscriminatorBenchmark.testWithDiscriminatorWithPartialKeys,0e437f4397bbb103b89c2609765a503077974109)",0,0,0,0,0,2,0,0,0,0,0,0,0,0,0,0,0,0,0,0,0,1,0,3,0,0,0,0,0,0,0,0,0,0,0,0,0,0,0,0,0,0,0,0,0,0,0,0,6,
"(org.simpleflatmapper.csv.io.ReaderBenchmark.testFiles,0e437f4397bbb103b89c2609765a503077974109)",0,0,0,0,0,0,0,0,0,0,0,0,0,0,0,0,0,0,0,0,0,0,0,0,0,0,0,0,0,0,0,0,0,0,0,0,0,0,0,0,0,0,0,0,0,0,0,0,0,
"(org.simpleflatmapper.csv.io.InputStreamBenchmark.testFiles,0e437f4397bbb103b89c2609765a503077974109)",0,0,0,0,0,0,0,0,0,0,0,0,0,0,0,0,0,0,0,0,0,0,0,0,0,0,0,0,0,0,0,0,0,0,0,0,0,0,0,0,0,0,0,0,0,0,0,0,0,
"(org.simpleflatmapper.reflect.GetterIntBenchmark.testMethodHandlerField,0e437f4397bbb103b89c2609765a503077974109)",0,0,0,0,0,0,0,0,0,0,0,0,0,0,0,0,0,0,0,0,0,0,0,0,0,0,0,0,0,0,0,0,0,0,0,0,0,0,0,0,0,0,0,0,0,0,0,0,0,
"(org.simpleflatmapper.csv.CsvParserBenchmark.parse,ca7c0b7c0abd4a53b8133556dd13265cc0f2e325)",0,0,0,0,0,0,0,0,0,0,0,0,0,0,0,0,0,0,0,0,0,0,0,0,0,0,0,0,0,0,0,0,0,0,0,0,0,0,0,0,0,0,0,0,0,0,0,0,0,
"(org.simpleflatmapper.csv.CsvParserBenchmark.parsePipe,ca7c0b7c0abd4a53b8133556dd13265cc0f2e325)",0,0,0,0,0,0,0,0,0,0,0,0,0,0,0,0,0,0,0,0,0,0,0,0,0,0,0,0,0,0,0,0,0,0,0,0,0,0,0,0,0,0,0,0,0,0,0,0,0,
"(org.simpleflatmapper.map.MapperCacheBenchmark.testGet,ca7c0b7c0abd4a53b8133556dd13265cc0f2e325)",0,0,0,0,0,0,0,0,0,0,0,0,0,0,0,0,0,0,0,0,0,0,0,0,0,0,0,0,0,0,0,0,0,0,0,0,0,0,0,0,0,0,0,0,0,0,0,0,0,
"(org.simpleflatmapper.reflect.GetterIntBenchmark.testAsm,ca7c0b7c0abd4a53b8133556dd13265cc0f2e325)",0,0,0,0,0,0,0,0,0,0,0,0,0,0,0,0,0,0,0,0,0,0,0,0,0,0,0,0,0,0,0,0,0,0,0,0,0,0,0,0,0,0,0,0,0,0,0,0,0,
"(org.simpleflatmapper.io.CharReadingBenchmark.fileChannelBytes,ca7c0b7c0abd4a53b8133556dd13265cc0f2e325)",0,0,0,0,0,0,0,0,0,0,0,0,0,0,0,0,0,0,0,0,0,0,0,0,0,0,0,0,0,0,0,0,0,0,0,0,0,0,0,0,0,0,0,0,0,0,0,0,0,
"(org.simpleflatmapper.utils.UUIDBenchMarkRead.testByteBufferRead,ca7c0b7c0abd4a53b8133556dd13265cc0f2e325)",0,0,0,0,0,0,0,0,0,0,0,0,0,0,0,0,0,0,0,0,0,0,0,0,0,0,0,0,0,0,0,0,0,0,0,0,0,0,0,0,0,0,0,0,0,0,0,0,0,
"(org.simpleflatmapper.map.KeyObjectStoreGetBenchmark.testKeyObjectStore,ca7c0b7c0abd4a53b8133556dd13265cc0f2e325)",0,0,0,0,0,0,0,0,0,0,0,0,0,0,0,0,0,0,0,0,0,0,0,0,0,0,0,0,0,0,0,0,0,0,0,0,0,0,0,0,0,0,0,0,0,0,0,0,0,
"(org.simpleflatmapper.csv.io.InputStreamBenchmark.testFileInputStream,ca7c0b7c0abd4a53b8133556dd13265cc0f2e325)",0,0,0,0,0,0,0,0,0,0,0,0,0,0,0,0,0,0,0,0,0,0,0,0,0,0,0,0,0,0,0,0,0,0,0,0,0,0,0,0,0,0,0,0,0,0,0,0,0,
"(org.simpleflatmapper.io.CharReadingBenchmark.intputStreamBytes,ca7c0b7c0abd4a53b8133556dd13265cc0f2e325)",0,0,0,0,0,0,0,0,0,0,0,0,0,0,0,0,0,0,0,0,0,0,0,0,0,0,0,0,0,0,0,0,0,0,0,0,0,0,0,0,0,0,0,0,0,0,0,0,0,
"(org.simpleflatmapper.reflect.GetterStringBenchmark.testMethodHandler,ca7c0b7c0abd4a53b8133556dd13265cc0f2e325)",0,0,0,0,0,0,0,0,0,0,0,0,0,0,0,0,0,0,0,0,0,0,0,0,0,0,0,0,0,0,0,0,0,0,0,0,0,0,0,0,0,0,0,0,0,0,0,0,0,
"(org.simpleflatmapper.reflect.GetterStringBenchmark.testMethod,ca7c0b7c0abd4a53b8133556dd13265cc0f2e325)",0,0,0,0,0,0,0,0,0,0,0,0,0,0,0,0,0,0,0,0,0,0,0,0,0,0,0,0,0,0,0,0,0,0,0,0,0,0,0,0,0,0,0,0,0,0,0,0,0,
"(org.simpleflatmapper.csv.DiscriminatorBenchmark.testWithDiscriminatorWithKeys,ca7c0b7c0abd4a53b8133556dd13265cc0f2e325)",0,0,0,0,0,0,0,0,0,0,0,0,0,0,0,0,0,0,0,0,0,1,0,0,0,0,0,0,0,0,0,0,0,0,0,0,0,0,0,0,0,0,0,0,0,0,0,0,1,
"(org.simpleflatmapper.csv.CsvParserBenchmark.parseTrim,ca7c0b7c0abd4a53b8133556dd13265cc0f2e325)",0,0,0,0,0,0,0,0,0,0,0,0,0,0,0,0,0,0,0,0,0,0,0,0,0,0,0,0,0,0,0,0,0,0,0,0,0,0,0,0,0,0,0,0,0,0,0,0,0,
"(org.simpleflatmapper.csv.DiscriminatorBenchmark.testWithDiscriminator,ca7c0b7c0abd4a53b8133556dd13265cc0f2e325)",0,0,0,0,0,0,0,0,0,0,0,0,0,0,0,0,0,0,0,0,0,1,0,0,0,0,0,0,0,0,0,0,0,0,0,0,0,0,0,0,0,0,0,0,0,0,0,0,1,
"(org.simpleflatmapper.csv.io.ReaderBenchmark.testFileChannelViaRandomFile,ca7c0b7c0abd4a53b8133556dd13265cc0f2e325)",0,0,0,0,0,0,0,0,0,0,0,0,0,0,0,0,0,0,0,0,0,0,0,0,0,0,0,0,0,0,0,0,0,0,0,0,0,0,0,0,0,0,0,0,0,0,0,0,0,
"(org.simpleflatmapper.map.KeyObjectStorePutBenchmark.testMap,ca7c0b7c0abd4a53b8133556dd13265cc0f2e325)",0,0,0,0,0,0,0,0,0,0,0,0,0,0,0,0,0,0,0,0,0,0,0,0,0,0,0,0,0,0,0,0,0,0,0,0,0,0,0,0,0,0,0,0,0,0,0,0,0,
"(org.simpleflatmapper.utils.UUIDBenchMarkRead.testBytesRead,ca7c0b7c0abd4a53b8133556dd13265cc0f2e325)",0,0,0,0,0,0,0,0,0,0,0,0,0,0,0,0,0,0,0,0,0,0,0,0,0,0,0,0,0,0,0,0,0,0,0,0,0,0,0,0,0,0,0,0,0,0,0,0,0,
"(org.simpleflatmapper.csv.CsvParserBenchmark.parseQuote,ca7c0b7c0abd4a53b8133556dd13265cc0f2e325)",0,0,0,0,0,0,0,0,0,0,0,0,0,0,0,0,0,0,0,0,0,0,0,0,0,0,0,0,0,0,0,0,0,0,0,0,0,0,0,0,0,0,0,0,0,0,0,0,0,
"(org.simpleflatmapper.utils.UUIDBenchMarkWrite.testByteBufferRead,ca7c0b7c0abd4a53b8133556dd13265cc0f2e325)",0,0,0,0,0,0,0,0,0,0,0,0,0,0,0,0,0,0,0,0,0,0,0,0,0,0,0,0,0,0,0,0,0,0,0,0,0,0,0,0,0,0,0,0,0,0,0,0,0,
"(org.simpleflatmapper.reflect.GetterIntBenchmark.testDirect,ca7c0b7c0abd4a53b8133556dd13265cc0f2e325)",0,0,0,0,0,0,0,0,0,0,0,0,0,0,0,0,0,0,0,0,0,0,0,0,0,0,0,0,0,0,0,0,0,0,0,0,0,0,0,0,0,0,0,0,0,0,0,0,0,
"(org.simpleflatmapper.csv.io.InputStreamBenchmark.testFileChannel,ca7c0b7c0abd4a53b8133556dd13265cc0f2e325)",0,0,0,0,0,0,0,0,0,0,0,0,0,0,0,0,0,0,0,0,0,0,0,0,0,0,0,0,0,0,0,0,0,0,0,0,0,0,0,0,0,0,0,0,0,0,0,0,0,
"(org.simpleflatmapper.reflect.GetterStringBenchmark.testField,ca7c0b7c0abd4a53b8133556dd13265cc0f2e325)",0,0,0,0,0,0,0,0,0,0,0,0,0,0,0,0,0,0,0,0,0,0,0,0,0,0,0,0,0,0,0,0,0,0,0,0,0,0,0,0,0,0,0,0,0,0,0,0,0,
"(org.simpleflatmapper.utils.UUIDBenchMarkWrite.testBytesRead,ca7c0b7c0abd4a53b8133556dd13265cc0f2e325)",0,0,0,0,0,0,0,0,0,0,0,0,0,0,0,0,0,0,0,0,0,0,0,0,0,0,0,0,0,0,0,0,0,0,0,0,0,0,0,0,0,0,0,0,0,0,0,0,0,
"(org.simpleflatmapper.reflect.GetterIntBenchmark.testField,ca7c0b7c0abd4a53b8133556dd13265cc0f2e325)",0,0,0,0,0,0,0,0,0,0,0,0,0,0,0,0,0,0,0,0,0,0,0,0,0,0,0,0,0,0,0,0,0,0,0,0,0,0,0,0,0,0,0,0,0,0,0,0,0,
"(org.simpleflatmapper.csv.io.ReaderBenchmark.testFileChannel,ca7c0b7c0abd4a53b8133556dd13265cc0f2e325)",0,0,0,0,0,0,0,0,0,0,0,0,0,0,0,0,0,0,0,0,0,0,0,0,0,0,0,0,0,0,0,0,0,0,0,0,0,0,0,0,0,0,0,0,0,0,0,0,0,
"(org.simpleflatmapper.io.CharReadingBenchmark.reader,ca7c0b7c0abd4a53b8133556dd13265cc0f2e325)",0,0,0,0,0,0,0,0,0,0,0,0,0,0,0,0,0,0,0,0,0,0,0,0,0,0,0,0,0,0,0,0,0,0,0,0,0,0,0,0,0,0,0,0,0,0,0,0,0,
"(org.simpleflatmapper.csv.CsvParserBenchmark.parsePipeQuote,ca7c0b7c0abd4a53b8133556dd13265cc0f2e325)",0,0,0,0,0,0,0,0,0,0,0,0,0,0,0,0,0,0,0,0,0,0,0,0,0,0,0,0,0,0,0,0,0,0,0,0,0,0,0,0,0,0,0,0,0,0,0,0,0,
"(org.simpleflatmapper.csv.io.ReaderBenchmark.testFileInputStream,ca7c0b7c0abd4a53b8133556dd13265cc0f2e325)",0,0,0,0,0,0,0,0,0,0,0,0,0,0,0,0,0,0,0,0,0,0,0,0,0,0,0,0,0,0,0,0,0,0,0,0,0,0,0,0,0,0,0,0,0,0,0,0,0,
"(org.simpleflatmapper.map.KeyObjectStoreGetBenchmark.testMap,ca7c0b7c0abd4a53b8133556dd13265cc0f2e325)",0,0,0,0,0,0,0,0,0,0,0,0,0,0,0,0,0,0,0,0,0,0,0,0,0,0,0,0,0,0,0,0,0,0,0,0,0,0,0,0,0,0,0,0,0,0,0,0,0,
"(org.simpleflatmapper.csv.io.InputStreamBenchmark.testFileChannelViaRandomFile,ca7c0b7c0abd4a53b8133556dd13265cc0f2e325)",0,0,0,0,0,0,0,0,0,0,0,0,0,0,0,0,0,0,0,0,0,0,0,0,0,0,0,0,0,0,0,0,0,0,0,0,0,0,0,0,0,0,0,0,0,0,0,0,0,
"(org.simpleflatmapper.reflect.GetterIntBenchmark.testMethodHandler,ca7c0b7c0abd4a53b8133556dd13265cc0f2e325)",0,0,0,0,0,0,0,0,0,0,0,0,0,0,0,0,0,0,0,0,0,0,0,0,0,0,0,0,0,0,0,0,0,0,0,0,0,0,0,0,0,0,0,0,0,0,0,0,0,
"(org.simpleflatmapper.reflect.GetterStringBenchmark.testDirect,ca7c0b7c0abd4a53b8133556dd13265cc0f2e325)",0,0,0,0,0,0,0,0,0,0,0,0,0,0,0,0,0,0,0,0,0,0,0,0,0,0,0,0,0,0,0,0,0,0,0,0,0,0,0,0,0,0,0,0,0,0,0,0,0,
"(org.simpleflatmapper.io.CharReadingBenchmark.memoryMappedFile,ca7c0b7c0abd4a53b8133556dd13265cc0f2e325)",0,0,0,0,0,0,0,0,0,0,0,0,0,0,0,0,0,0,0,0,0,0,0,0,0,0,0,0,0,0,0,0,0,0,0,0,0,0,0,0,0,0,0,0,0,0,0,0,0,
"(org.simpleflatmapper.reflect.GetterStringBenchmark.testAsm,ca7c0b7c0abd4a53b8133556dd13265cc0f2e325)",0,0,0,0,0,0,0,0,0,0,0,0,0,0,0,0,0,0,0,0,0,0,0,0,0,0,0,0,0,0,0,0,0,0,0,0,0,0,0,0,0,0,0,0,0,0,0,0,0,
"(org.simpleflatmapper.reflect.GetterIntBenchmark.testMethod,ca7c0b7c0abd4a53b8133556dd13265cc0f2e325)",0,0,0,0,0,0,0,0,0,0,0,0,0,0,0,0,0,0,0,0,0,0,0,0,0,0,0,0,0,0,0,0,0,0,0,0,0,0,0,0,0,0,0,0,0,0,0,0,0,
"(org.simpleflatmapper.reflect.GetterStringBenchmark.testMethodHandlerField,ca7c0b7c0abd4a53b8133556dd13265cc0f2e325)",0,0,0,0,0,0,0,0,0,0,0,0,0,0,0,0,0,0,0,0,0,0,0,0,0,0,0,0,0,0,0,0,0,0,0,0,0,0,0,0,0,0,0,0,0,0,0,0,0,
"(org.simpleflatmapper.reflect.GetterIntBenchmark.testMethodHandlerExact,ca7c0b7c0abd4a53b8133556dd13265cc0f2e325)",0,0,0,0,0,0,0,0,0,0,0,0,0,0,0,0,0,0,0,0,0,0,0,0,0,0,0,0,0,0,0,0,0,0,0,0,0,0,0,0,0,0,0,0,0,0,0,0,0,
"(org.simpleflatmapper.csv.UnescapeBenchmark.unescape,ca7c0b7c0abd4a53b8133556dd13265cc0f2e325)",0,0,0,0,0,0,0,0,0,0,0,0,0,0,0,0,0,0,0,0,0,0,0,0,0,0,0,0,0,0,0,0,0,0,0,0,0,0,0,0,0,0,0,0,0,0,0,0,0,
"(org.simpleflatmapper.map.KeyObjectStorePutBenchmark.testKeyObjectStore,ca7c0b7c0abd4a53b8133556dd13265cc0f2e325)",0,0,0,0,0,0,0,0,0,0,0,0,0,0,0,0,0,0,0,0,0,0,0,0,0,0,0,0,0,0,0,0,0,0,0,0,0,0,0,0,0,0,0,0,0,0,0,0,0,
"(org.simpleflatmapper.csv.DiscriminatorBenchmark.testNoDiscriminator,ca7c0b7c0abd4a53b8133556dd13265cc0f2e325)",0,0,0,0,0,0,0,0,0,0,0,0,0,0,0,0,0,0,0,0,0,1,0,0,0,0,0,0,0,0,0,0,0,0,0,0,0,0,0,0,0,0,0,0,0,0,0,0,1,
"(org.simpleflatmapper.csv.io.ReaderBenchmark.testInputStreamReaderFromChannelInputStream,ca7c0b7c0abd4a53b8133556dd13265cc0f2e325)",0,0,0,0,0,0,0,0,0,0,0,0,0,0,0,0,0,0,0,0,0,0,0,0,0,0,0,0,0,0,0,0,0,0,0,0,0,0,0,0,0,0,0,0,0,0,0,0,0,
"(org.simpleflatmapper.io.CharReadingBenchmark.memoryMappedFileBytes,ca7c0b7c0abd4a53b8133556dd13265cc0f2e325)",0,0,0,0,0,0,0,0,0,0,0,0,0,0,0,0,0,0,0,0,0,0,0,0,0,0,0,0,0,0,0,0,0,0,0,0,0,0,0,0,0,0,0,0,0,0,0,0,0,
"(org.simpleflatmapper.reflect.GetterStringBenchmark.testMethodHandlerExact,ca7c0b7c0abd4a53b8133556dd13265cc0f2e325)",0,0,0,0,0,0,0,0,0,0,0,0,0,0,0,0,0,0,0,0,0,0,0,0,0,0,0,0,0,0,0,0,0,0,0,0,0,0,0,0,0,0,0,0,0,0,0,0,0,
"(org.simpleflatmapper.csv.DiscriminatorBenchmark.testWithDiscriminatorWithPartialKeys,ca7c0b7c0abd4a53b8133556dd13265cc0f2e325)",0,0,0,0,0,0,0,0,0,0,0,0,0,0,0,0,0,0,0,0,0,1,0,0,0,0,0,0,0,0,0,0,0,0,0,0,0,0,0,0,0,0,0,0,0,0,0,0,1,
"(org.simpleflatmapper.csv.io.ReaderBenchmark.testFiles,ca7c0b7c0abd4a53b8133556dd13265cc0f2e325)",0,0,0,0,0,0,0,0,0,0,0,0,0,0,0,0,0,0,0,0,0,0,0,0,0,0,0,0,0,0,0,0,0,0,0,0,0,0,0,0,0,0,0,0,0,0,0,0,0,
"(org.simpleflatmapper.csv.io.InputStreamBenchmark.testFiles,ca7c0b7c0abd4a53b8133556dd13265cc0f2e325)",0,0,0,0,0,0,0,0,0,0,0,0,0,0,0,0,0,0,0,0,0,0,0,0,0,0,0,0,0,0,0,0,0,0,0,0,0,0,0,0,0,0,0,0,0,0,0,0,0,
"(org.simpleflatmapper.reflect.GetterIntBenchmark.testMethodHandlerField,ca7c0b7c0abd4a53b8133556dd13265cc0f2e325)",0,0,0,0,0,0,0,0,0,0,0,0,0,0,0,0,0,0,0,0,0,0,0,0,0,0,0,0,0,0,0,0,0,0,0,0,0,0,0,0,0,0,0,0,0,0,0,0,0,
"(org.simpleflatmapper.csv.CsvParserBenchmark.parse,7d4720e003869abf570176bcfa44f94e192f8cb2)",0,0,0,0,0,0,0,0,0,0,0,0,0,0,0,0,0,0,0,0,0,0,0,0,0,0,0,0,0,0,0,0,0,0,0,0,0,0,0,0,0,0,0,0,0,0,0,0,0,
"(org.simpleflatmapper.csv.CsvParserBenchmark.parsePipe,7d4720e003869abf570176bcfa44f94e192f8cb2)",0,0,0,0,0,0,0,0,0,0,0,0,0,0,0,0,0,0,0,0,0,0,0,0,0,0,0,0,0,0,0,0,0,0,0,0,0,0,0,0,0,0,0,0,0,0,0,0,0,
"(org.simpleflatmapper.map.MapperCacheBenchmark.testGet,7d4720e003869abf570176bcfa44f94e192f8cb2)",0,0,0,0,0,0,0,0,0,0,0,0,0,0,0,0,0,0,0,0,0,0,0,0,0,0,0,0,0,0,0,0,0,0,0,0,0,0,0,0,0,0,0,0,0,0,0,0,0,
"(org.simpleflatmapper.reflect.GetterIntBenchmark.testAsm,7d4720e003869abf570176bcfa44f94e192f8cb2)",0,0,0,0,0,0,0,0,0,0,0,0,0,0,0,0,0,0,0,0,0,0,0,0,0,0,0,0,0,0,0,0,0,0,0,0,0,0,0,0,0,0,0,0,0,0,0,0,0,
"(org.simpleflatmapper.io.CharReadingBenchmark.fileChannelBytes,7d4720e003869abf570176bcfa44f94e192f8cb2)",0,0,0,0,0,0,0,0,0,0,0,0,0,0,0,0,0,0,0,0,0,0,0,0,0,0,0,0,0,0,0,0,0,0,0,0,0,0,0,0,0,0,0,0,0,0,0,0,0,
"(org.simpleflatmapper.utils.UUIDBenchMarkRead.testByteBufferRead,7d4720e003869abf570176bcfa44f94e192f8cb2)",0,0,0,0,0,0,0,0,0,0,0,0,0,0,0,0,0,0,0,0,0,0,0,0,0,0,0,0,0,0,0,0,0,0,0,0,0,0,0,0,0,0,0,0,0,0,0,0,0,
"(org.simpleflatmapper.map.KeyObjectStoreGetBenchmark.testKeyObjectStore,7d4720e003869abf570176bcfa44f94e192f8cb2)",0,0,0,0,0,0,0,0,0,0,0,0,0,0,0,0,0,0,0,0,0,0,0,0,0,0,0,0,0,0,0,0,0,0,0,0,0,0,0,0,0,0,0,0,0,0,0,0,0,
"(org.simpleflatmapper.csv.io.InputStreamBenchmark.testFileInputStream,7d4720e003869abf570176bcfa44f94e192f8cb2)",0,0,0,0,0,0,0,0,0,0,0,0,0,0,0,0,0,0,0,0,0,0,0,0,0,0,0,0,0,0,0,0,0,0,0,0,0,0,0,0,0,0,0,0,0,0,0,0,0,
"(org.simpleflatmapper.io.CharReadingBenchmark.intputStreamBytes,7d4720e003869abf570176bcfa44f94e192f8cb2)",0,0,0,0,0,0,0,0,0,0,0,0,0,0,0,0,0,0,0,0,0,0,0,0,0,0,0,0,0,0,0,0,0,0,0,0,0,0,0,0,0,0,0,0,0,0,0,0,0,
"(org.simpleflatmapper.reflect.GetterStringBenchmark.testMethodHandler,7d4720e003869abf570176bcfa44f94e192f8cb2)",0,0,0,0,0,0,0,0,0,0,0,0,0,0,0,0,0,0,0,0,0,0,0,0,0,0,0,0,0,0,0,0,0,0,0,0,0,0,0,0,0,0,0,0,0,0,0,0,0,
"(org.simpleflatmapper.reflect.GetterStringBenchmark.testMethod,7d4720e003869abf570176bcfa44f94e192f8cb2)",0,0,0,0,0,0,0,0,0,0,0,0,0,0,0,0,0,0,0,0,0,0,0,0,0,0,0,0,0,0,0,0,0,0,0,0,0,0,0,0,0,0,0,0,0,0,0,0,0,
"(org.simpleflatmapper.csv.DiscriminatorBenchmark.testWithDiscriminatorWithKeys,7d4720e003869abf570176bcfa44f94e192f8cb2)",0,0,0,0,0,0,0,0,0,0,0,0,0,0,0,0,0,0,0,0,0,0,0,0,0,0,0,0,0,0,0,0,0,0,0,0,0,0,0,0,0,0,0,0,0,0,0,0,0,
"(org.simpleflatmapper.csv.CsvParserBenchmark.parseTrim,7d4720e003869abf570176bcfa44f94e192f8cb2)",0,0,0,0,0,0,0,0,0,0,0,0,0,0,0,0,0,0,0,0,0,0,0,0,0,0,0,0,0,0,0,0,0,0,0,0,0,0,0,0,0,0,0,0,0,0,0,0,0,
"(org.simpleflatmapper.csv.DiscriminatorBenchmark.testWithDiscriminator,7d4720e003869abf570176bcfa44f94e192f8cb2)",0,0,0,0,0,0,0,0,0,0,0,0,0,0,0,0,0,0,0,0,0,0,0,0,0,0,0,0,0,0,0,0,0,0,0,0,0,0,0,0,0,0,0,0,0,0,0,0,0,
"(org.simpleflatmapper.csv.io.ReaderBenchmark.testFileChannelViaRandomFile,7d4720e003869abf570176bcfa44f94e192f8cb2)",0,0,0,0,0,0,0,0,0,0,0,0,0,0,0,0,0,0,0,0,0,0,0,0,0,0,0,0,0,0,0,0,0,0,0,0,0,0,0,0,0,0,0,0,0,0,0,0,0,
"(org.simpleflatmapper.map.KeyObjectStorePutBenchmark.testMap,7d4720e003869abf570176bcfa44f94e192f8cb2)",0,0,0,0,0,0,0,0,0,0,0,0,0,0,0,0,0,0,0,0,0,0,0,0,0,0,0,0,0,0,0,0,0,0,0,0,0,0,0,0,0,0,0,0,0,0,0,0,0,
"(org.simpleflatmapper.utils.UUIDBenchMarkRead.testBytesRead,7d4720e003869abf570176bcfa44f94e192f8cb2)",0,0,0,0,0,0,0,0,0,0,0,0,0,0,0,0,0,0,0,0,0,0,0,0,0,0,0,0,0,0,0,0,0,0,0,0,0,0,0,0,0,0,0,0,0,0,0,0,0,
"(org.simpleflatmapper.csv.CsvParserBenchmark.parseQuote,7d4720e003869abf570176bcfa44f94e192f8cb2)",0,0,0,0,0,0,0,0,0,0,0,0,0,0,0,0,0,0,0,0,0,0,0,0,0,0,0,0,0,0,0,0,0,0,0,0,0,0,0,0,0,0,0,0,0,0,0,0,0,
"(org.simpleflatmapper.utils.UUIDBenchMarkWrite.testByteBufferRead,7d4720e003869abf570176bcfa44f94e192f8cb2)",0,0,0,0,0,0,0,0,0,0,0,0,0,0,0,0,0,0,0,0,0,0,0,0,0,0,0,0,0,0,0,0,0,0,0,0,0,0,0,0,0,0,0,0,0,0,0,0,0,
"(org.simpleflatmapper.reflect.GetterIntBenchmark.testDirect,7d4720e003869abf570176bcfa44f94e192f8cb2)",0,0,0,0,0,0,0,0,0,0,0,0,0,0,0,0,0,0,0,0,0,0,0,0,0,0,0,0,0,0,0,0,0,0,0,0,0,0,0,0,0,0,0,0,0,0,0,0,0,
"(org.simpleflatmapper.csv.io.InputStreamBenchmark.testFileChannel,7d4720e003869abf570176bcfa44f94e192f8cb2)",0,0,0,0,0,0,0,0,0,0,0,0,0,0,0,0,0,0,0,0,0,0,0,0,0,0,0,0,0,0,0,0,0,0,0,0,0,0,0,0,0,0,0,0,0,0,0,0,0,
"(org.simpleflatmapper.reflect.GetterStringBenchmark.testField,7d4720e003869abf570176bcfa44f94e192f8cb2)",0,0,0,0,0,0,0,0,0,0,0,0,0,0,0,0,0,0,0,0,0,0,0,0,0,0,0,0,0,0,0,0,0,0,0,0,0,0,0,0,0,0,0,0,0,0,0,0,0,
"(org.simpleflatmapper.utils.UUIDBenchMarkWrite.testBytesRead,7d4720e003869abf570176bcfa44f94e192f8cb2)",0,0,0,0,0,0,0,0,0,0,0,0,0,0,0,0,0,0,0,0,0,0,0,0,0,0,0,0,0,0,0,0,0,0,0,0,0,0,0,0,0,0,0,0,0,0,0,0,0,
"(org.simpleflatmapper.reflect.GetterIntBenchmark.testField,7d4720e003869abf570176bcfa44f94e192f8cb2)",0,0,0,0,0,0,0,0,0,0,0,0,0,0,0,0,0,0,0,0,0,0,0,0,0,0,0,0,0,0,0,0,0,0,0,0,0,0,0,0,0,0,0,0,0,0,0,0,0,
"(org.simpleflatmapper.csv.io.ReaderBenchmark.testFileChannel,7d4720e003869abf570176bcfa44f94e192f8cb2)",0,0,0,0,0,0,0,0,0,0,0,0,0,0,0,0,0,0,0,0,0,0,0,0,0,0,0,0,0,0,0,0,0,0,0,0,0,0,0,0,0,0,0,0,0,0,0,0,0,
"(org.simpleflatmapper.io.CharReadingBenchmark.reader,7d4720e003869abf570176bcfa44f94e192f8cb2)",0,0,0,0,0,0,0,0,0,0,0,0,0,0,0,0,0,0,0,0,0,0,0,0,0,0,0,0,0,0,0,0,0,0,0,0,0,0,0,0,0,0,0,0,0,0,0,0,0,
"(org.simpleflatmapper.csv.CsvParserBenchmark.parsePipeQuote,7d4720e003869abf570176bcfa44f94e192f8cb2)",0,0,0,0,0,0,0,0,0,0,0,0,0,0,0,0,0,0,0,0,0,0,0,0,0,0,0,0,0,0,0,0,0,0,0,0,0,0,0,0,0,0,0,0,0,0,0,0,0,
"(org.simpleflatmapper.csv.io.ReaderBenchmark.testFileInputStream,7d4720e003869abf570176bcfa44f94e192f8cb2)",0,0,0,0,0,0,0,0,0,0,0,0,0,0,0,0,0,0,0,0,0,0,0,0,0,0,0,0,0,0,0,0,0,0,0,0,0,0,0,0,0,0,0,0,0,0,0,0,0,
"(org.simpleflatmapper.map.KeyObjectStoreGetBenchmark.testMap,7d4720e003869abf570176bcfa44f94e192f8cb2)",0,0,0,0,0,0,0,0,0,0,0,0,0,0,0,0,0,0,0,0,0,0,0,0,0,0,0,0,0,0,0,0,0,0,0,0,0,0,0,0,0,0,0,0,0,0,0,0,0,
"(org.simpleflatmapper.csv.io.InputStreamBenchmark.testFileChannelViaRandomFile,7d4720e003869abf570176bcfa44f94e192f8cb2)",0,0,0,0,0,0,0,0,0,0,0,0,0,0,0,0,0,0,0,0,0,0,0,0,0,0,0,0,0,0,0,0,0,0,0,0,0,0,0,0,0,0,0,0,0,0,0,0,0,
"(org.simpleflatmapper.reflect.GetterIntBenchmark.testMethodHandler,7d4720e003869abf570176bcfa44f94e192f8cb2)",0,0,0,0,0,0,0,0,0,0,0,0,0,0,0,0,0,0,0,0,0,0,0,0,0,0,0,0,0,0,0,0,0,0,0,0,0,0,0,0,0,0,0,0,0,0,0,0,0,
"(org.simpleflatmapper.reflect.GetterStringBenchmark.testDirect,7d4720e003869abf570176bcfa44f94e192f8cb2)",0,0,0,0,0,0,0,0,0,0,0,0,0,0,0,0,0,0,0,0,0,0,0,0,0,0,0,0,0,0,0,0,0,0,0,0,0,0,0,0,0,0,0,0,0,0,0,0,0,
"(org.simpleflatmapper.io.CharReadingBenchmark.memoryMappedFile,7d4720e003869abf570176bcfa44f94e192f8cb2)",0,0,0,0,0,0,0,0,0,0,0,0,0,0,0,0,0,0,0,0,0,0,0,0,0,0,0,0,0,0,0,0,0,0,0,0,0,0,0,0,0,0,0,0,0,0,0,0,0,
"(org.simpleflatmapper.reflect.GetterStringBenchmark.testAsm,7d4720e003869abf570176bcfa44f94e192f8cb2)",0,0,0,0,0,0,0,0,0,0,0,0,0,0,0,0,0,0,0,0,0,0,0,0,0,0,0,0,0,0,0,0,0,0,0,0,0,0,0,0,0,0,0,0,0,0,0,0,0,
"(org.simpleflatmapper.reflect.GetterIntBenchmark.testMethod,7d4720e003869abf570176bcfa44f94e192f8cb2)",0,0,0,0,0,0,0,0,0,0,0,0,0,0,0,0,0,0,0,0,0,0,0,0,0,0,0,0,0,0,0,0,0,0,0,0,0,0,0,0,0,0,0,0,0,0,0,0,0,
"(org.simpleflatmapper.reflect.GetterStringBenchmark.testMethodHandlerField,7d4720e003869abf570176bcfa44f94e192f8cb2)",0,0,0,0,0,0,0,0,0,0,0,0,0,0,0,0,0,0,0,0,0,0,0,0,0,0,0,0,0,0,0,0,0,0,0,0,0,0,0,0,0,0,0,0,0,0,0,0,0,
"(org.simpleflatmapper.reflect.GetterIntBenchmark.testMethodHandlerExact,7d4720e003869abf570176bcfa44f94e192f8cb2)",0,0,0,0,0,0,0,0,0,0,0,0,0,0,0,0,0,0,0,0,0,0,0,0,0,0,0,0,0,0,0,0,0,0,0,0,0,0,0,0,0,0,0,0,0,0,0,0,0,
"(org.simpleflatmapper.csv.UnescapeBenchmark.unescape,7d4720e003869abf570176bcfa44f94e192f8cb2)",0,0,0,0,0,0,0,0,0,0,0,0,0,0,0,0,0,0,0,0,0,0,0,0,0,0,0,0,0,0,0,0,0,0,0,0,0,0,0,0,0,0,0,0,0,0,0,0,0,
"(org.simpleflatmapper.map.KeyObjectStorePutBenchmark.testKeyObjectStore,7d4720e003869abf570176bcfa44f94e192f8cb2)",0,0,0,0,0,0,0,0,0,0,0,0,0,0,0,0,0,0,0,0,0,0,0,0,0,0,0,0,0,0,0,0,0,0,0,0,0,0,0,0,0,0,0,0,0,0,0,0,0,
"(org.simpleflatmapper.csv.DiscriminatorBenchmark.testNoDiscriminator,7d4720e003869abf570176bcfa44f94e192f8cb2)",0,0,0,0,0,0,0,0,0,0,0,0,0,0,0,0,0,0,0,0,0,0,0,0,0,0,0,0,0,0,0,0,0,0,0,0,0,0,0,0,0,0,0,0,0,0,0,0,0,
"(org.simpleflatmapper.csv.io.ReaderBenchmark.testInputStreamReaderFromChannelInputStream,7d4720e003869abf570176bcfa44f94e192f8cb2)",0,0,0,0,0,0,0,0,0,0,0,0,0,0,0,0,0,0,0,0,0,0,0,0,0,0,0,0,0,0,0,0,0,0,0,0,0,0,0,0,0,0,0,0,0,0,0,0,0,
"(org.simpleflatmapper.io.CharReadingBenchmark.memoryMappedFileBytes,7d4720e003869abf570176bcfa44f94e192f8cb2)",0,0,0,0,0,0,0,0,0,0,0,0,0,0,0,0,0,0,0,0,0,0,0,0,0,0,0,0,0,0,0,0,0,0,0,0,0,0,0,0,0,0,0,0,0,0,0,0,0,
"(org.simpleflatmapper.reflect.GetterStringBenchmark.testMethodHandlerExact,7d4720e003869abf570176bcfa44f94e192f8cb2)",0,0,0,0,0,0,0,0,0,0,0,0,0,0,0,0,0,0,0,0,0,0,0,0,0,0,0,0,0,0,0,0,0,0,0,0,0,0,0,0,0,0,0,0,0,0,0,0,0,
"(org.simpleflatmapper.csv.DiscriminatorBenchmark.testWithDiscriminatorWithPartialKeys,7d4720e003869abf570176bcfa44f94e192f8cb2)",0,0,0,0,0,0,0,0,0,0,0,0,0,0,0,0,0,0,0,0,0,0,0,0,0,0,0,0,0,0,0,0,0,0,0,0,0,0,0,0,0,0,0,0,0,0,0,0,0,
"(org.simpleflatmapper.csv.io.ReaderBenchmark.testFiles,7d4720e003869abf570176bcfa44f94e192f8cb2)",0,0,0,0,0,0,0,0,0,0,0,0,0,0,0,0,0,0,0,0,0,0,0,0,0,0,0,0,0,0,0,0,0,0,0,0,0,0,0,0,0,0,0,0,0,0,0,0,0,
"(org.simpleflatmapper.csv.io.InputStreamBenchmark.testFiles,7d4720e003869abf570176bcfa44f94e192f8cb2)",0,0,0,0,0,0,0,0,0,0,0,0,0,0,0,0,0,0,0,0,0,0,0,0,0,0,0,0,0,0,0,0,0,0,0,0,0,0,0,0,0,0,0,0,0,0,0,0,0,
"(org.simpleflatmapper.reflect.GetterIntBenchmark.testMethodHandlerField,7d4720e003869abf570176bcfa44f94e192f8cb2)",0,0,0,0,0,0,0,0,0,0,0,0,0,0,0,0,0,0,0,0,0,0,0,0,0,0,0,0,0,0,0,0,0,0,0,0,0,0,0,0,0,0,0,0,0,0,0,0,0,
"(org.simpleflatmapper.csv.CsvParserBenchmark.parse,b64fc34917bad69e44e965a4b79112bb9d7885ff)",0,0,0,0,0,0,0,0,0,0,0,0,0,0,0,0,0,0,0,0,0,0,0,0,0,0,0,0,0,0,0,0,0,0,0,0,0,0,0,0,0,0,0,0,0,0,0,0,0,
"(org.simpleflatmapper.csv.CsvParserBenchmark.parsePipe,b64fc34917bad69e44e965a4b79112bb9d7885ff)",0,0,0,0,0,0,0,0,0,0,0,0,0,0,0,0,0,0,0,0,0,0,0,0,0,0,0,0,0,0,0,0,0,0,0,0,0,0,0,0,0,0,0,0,0,0,0,0,0,
"(org.simpleflatmapper.map.MapperCacheBenchmark.testGet,b64fc34917bad69e44e965a4b79112bb9d7885ff)",0,0,0,0,0,0,0,0,0,0,0,0,0,0,0,0,0,0,0,0,0,0,0,0,0,0,0,0,0,0,0,0,0,0,0,0,0,0,0,0,0,0,0,0,0,0,0,0,0,
"(org.simpleflatmapper.reflect.GetterIntBenchmark.testAsm,b64fc34917bad69e44e965a4b79112bb9d7885ff)",0,0,0,0,0,0,0,0,0,0,0,0,0,0,0,0,0,0,0,0,0,0,0,0,0,0,0,0,0,0,0,0,0,0,0,0,0,0,0,0,0,0,0,0,0,0,0,0,0,
"(org.simpleflatmapper.io.CharReadingBenchmark.fileChannelBytes,b64fc34917bad69e44e965a4b79112bb9d7885ff)",0,0,0,0,0,0,0,0,0,0,0,0,0,0,0,0,0,0,0,0,0,0,0,0,0,0,0,0,0,0,0,0,0,0,0,0,0,0,0,0,0,0,0,0,0,0,0,0,0,
"(org.simpleflatmapper.utils.UUIDBenchMarkRead.testByteBufferRead,b64fc34917bad69e44e965a4b79112bb9d7885ff)",0,0,0,0,0,0,0,0,0,0,0,0,0,0,0,0,0,0,0,0,0,0,0,0,0,0,0,0,0,0,0,0,0,0,0,0,0,0,0,0,0,0,0,0,0,0,0,0,0,
"(org.simpleflatmapper.map.KeyObjectStoreGetBenchmark.testKeyObjectStore,b64fc34917bad69e44e965a4b79112bb9d7885ff)",0,0,0,0,0,0,0,0,0,0,0,0,0,0,0,0,0,0,0,0,0,0,0,0,0,0,0,0,0,0,0,0,0,0,0,0,0,0,0,0,0,0,0,0,0,0,0,0,0,
"(org.simpleflatmapper.csv.io.InputStreamBenchmark.testFileInputStream,b64fc34917bad69e44e965a4b79112bb9d7885ff)",0,0,0,0,0,0,0,0,0,0,0,0,0,0,0,0,0,0,0,0,0,0,0,0,0,0,0,0,0,0,0,0,0,0,0,0,0,0,0,0,0,0,0,0,0,0,0,0,0,
"(org.simpleflatmapper.io.CharReadingBenchmark.intputStreamBytes,b64fc34917bad69e44e965a4b79112bb9d7885ff)",0,0,0,0,0,0,0,0,0,0,0,0,0,0,0,0,0,0,0,0,0,0,0,0,0,0,0,0,0,0,0,0,0,0,0,0,0,0,0,0,0,0,0,0,0,0,0,0,0,
"(org.simpleflatmapper.reflect.GetterStringBenchmark.testMethodHandler,b64fc34917bad69e44e965a4b79112bb9d7885ff)",0,0,0,0,0,0,0,0,0,0,0,0,0,0,0,0,0,0,0,0,0,0,0,0,0,0,0,0,0,0,0,0,0,0,0,0,0,0,0,0,0,0,0,0,0,0,0,0,0,
"(org.simpleflatmapper.reflect.GetterStringBenchmark.testMethod,b64fc34917bad69e44e965a4b79112bb9d7885ff)",0,0,0,0,0,0,0,0,0,0,0,0,0,0,0,0,0,0,0,0,0,0,0,0,0,0,0,0,0,0,0,0,0,0,0,0,0,0,0,0,0,0,0,0,0,0,0,0,0,
"(org.simpleflatmapper.csv.DiscriminatorBenchmark.testWithDiscriminatorWithKeys,b64fc34917bad69e44e965a4b79112bb9d7885ff)",0,0,0,0,0,0,0,0,0,0,0,0,0,0,0,0,0,0,0,0,0,0,0,0,0,0,0,0,0,0,0,0,0,0,0,0,0,0,0,0,0,0,0,0,0,0,0,0,0,
"(org.simpleflatmapper.csv.CsvParserBenchmark.parseTrim,b64fc34917bad69e44e965a4b79112bb9d7885ff)",0,0,0,0,0,0,0,0,0,0,0,0,0,0,0,0,0,0,0,0,0,0,0,0,0,0,0,0,0,0,0,0,0,0,0,0,0,0,0,0,0,0,0,0,0,0,0,0,0,
"(org.simpleflatmapper.csv.DiscriminatorBenchmark.testWithDiscriminator,b64fc34917bad69e44e965a4b79112bb9d7885ff)",0,0,0,0,0,0,0,0,0,0,0,0,0,0,0,0,0,0,0,0,0,0,0,0,0,0,0,0,0,0,0,0,0,0,0,0,0,0,0,0,0,0,0,0,0,0,0,0,0,
"(org.simpleflatmapper.csv.io.ReaderBenchmark.testFileChannelViaRandomFile,b64fc34917bad69e44e965a4b79112bb9d7885ff)",0,0,0,0,0,0,0,0,0,0,0,0,0,0,0,0,0,0,0,0,0,0,0,0,0,0,0,0,0,0,0,0,0,0,0,0,0,0,0,0,0,0,0,0,0,0,0,0,0,
"(org.simpleflatmapper.map.KeyObjectStorePutBenchmark.testMap,b64fc34917bad69e44e965a4b79112bb9d7885ff)",0,0,0,0,0,0,0,0,0,0,0,0,0,0,0,0,0,0,0,0,0,0,0,0,0,0,0,0,0,0,0,0,0,0,0,0,0,0,0,0,0,0,0,0,0,0,0,0,0,
"(org.simpleflatmapper.utils.UUIDBenchMarkRead.testBytesRead,b64fc34917bad69e44e965a4b79112bb9d7885ff)",0,0,0,0,0,0,0,0,0,0,0,0,0,0,0,0,0,0,0,0,0,0,0,0,0,0,0,0,0,0,0,0,0,0,0,0,0,0,0,0,0,0,0,0,0,0,0,0,0,
"(org.simpleflatmapper.csv.CsvParserBenchmark.parseQuote,b64fc34917bad69e44e965a4b79112bb9d7885ff)",0,0,0,0,0,0,0,0,0,0,0,0,0,0,0,0,0,0,0,0,0,0,0,0,0,0,0,0,0,0,0,0,0,0,0,0,0,0,0,0,0,0,0,0,0,0,0,0,0,
"(org.simpleflatmapper.utils.UUIDBenchMarkWrite.testByteBufferRead,b64fc34917bad69e44e965a4b79112bb9d7885ff)",0,0,0,0,0,0,0,0,0,0,0,0,0,0,0,0,0,0,0,0,0,0,0,0,0,0,0,0,0,0,0,0,0,0,0,0,0,0,0,0,0,0,0,0,0,0,0,0,0,
"(org.simpleflatmapper.reflect.GetterIntBenchmark.testDirect,b64fc34917bad69e44e965a4b79112bb9d7885ff)",0,0,0,0,0,0,0,0,0,0,0,0,0,0,0,0,0,0,0,0,0,0,0,0,0,0,0,0,0,0,0,0,0,0,0,0,0,0,0,0,0,0,0,0,0,0,0,0,0,
"(org.simpleflatmapper.csv.io.InputStreamBenchmark.testFileChannel,b64fc34917bad69e44e965a4b79112bb9d7885ff)",0,0,0,0,0,0,0,0,0,0,0,0,0,0,0,0,0,0,0,0,0,0,0,0,0,0,0,0,0,0,0,0,0,0,0,0,0,0,0,0,0,0,0,0,0,0,0,0,0,
"(org.simpleflatmapper.reflect.GetterStringBenchmark.testField,b64fc34917bad69e44e965a4b79112bb9d7885ff)",0,0,0,0,0,0,0,0,0,0,0,0,0,0,0,0,0,0,0,0,0,0,0,0,0,0,0,0,0,0,0,0,0,0,0,0,0,0,0,0,0,0,0,0,0,0,0,0,0,
"(org.simpleflatmapper.utils.UUIDBenchMarkWrite.testBytesRead,b64fc34917bad69e44e965a4b79112bb9d7885ff)",0,0,0,0,0,0,0,0,0,0,0,0,0,0,0,0,0,0,0,0,0,0,0,0,0,0,0,0,0,0,0,0,0,0,0,0,0,0,0,0,0,0,0,0,0,0,0,0,0,
"(org.simpleflatmapper.reflect.GetterIntBenchmark.testField,b64fc34917bad69e44e965a4b79112bb9d7885ff)",0,0,0,0,0,0,0,0,0,0,0,0,0,0,0,0,0,0,0,0,0,0,0,0,0,0,0,0,0,0,0,0,0,0,0,0,0,0,0,0,0,0,0,0,0,0,0,0,0,
"(org.simpleflatmapper.csv.io.ReaderBenchmark.testFileChannel,b64fc34917bad69e44e965a4b79112bb9d7885ff)",0,0,0,0,0,0,0,0,0,0,0,0,0,0,0,0,0,0,0,0,0,0,0,0,0,0,0,0,0,0,0,0,0,0,0,0,0,0,0,0,0,0,0,0,0,0,0,0,0,
"(org.simpleflatmapper.io.CharReadingBenchmark.reader,b64fc34917bad69e44e965a4b79112bb9d7885ff)",0,0,0,0,0,0,0,0,0,0,0,0,0,0,0,0,0,0,0,0,0,0,0,0,0,0,0,0,0,0,0,0,0,0,0,0,0,0,0,0,0,0,0,0,0,0,0,0,0,
"(org.simpleflatmapper.csv.CsvParserBenchmark.parsePipeQuote,b64fc34917bad69e44e965a4b79112bb9d7885ff)",0,0,0,0,0,0,0,0,0,0,0,0,0,0,0,0,0,0,0,0,0,0,0,0,0,0,0,0,0,0,0,0,0,0,0,0,0,0,0,0,0,0,0,0,0,0,0,0,0,
"(org.simpleflatmapper.csv.io.ReaderBenchmark.testFileInputStream,b64fc34917bad69e44e965a4b79112bb9d7885ff)",0,0,0,0,0,0,0,0,0,0,0,0,0,0,0,0,0,0,0,0,0,0,0,0,0,0,0,0,0,0,0,0,0,0,0,0,0,0,0,0,0,0,0,0,0,0,0,0,0,
"(org.simpleflatmapper.map.KeyObjectStoreGetBenchmark.testMap,b64fc34917bad69e44e965a4b79112bb9d7885ff)",0,0,0,0,0,0,0,0,0,0,0,0,0,0,0,0,0,0,0,0,0,0,0,0,0,0,0,0,0,0,0,0,0,0,0,0,0,0,0,0,0,0,0,0,0,0,0,0,0,
"(org.simpleflatmapper.csv.io.InputStreamBenchmark.testFileChannelViaRandomFile,b64fc34917bad69e44e965a4b79112bb9d7885ff)",0,0,0,0,0,0,0,0,0,0,0,0,0,0,0,0,0,0,0,0,0,0,0,0,0,0,0,0,0,0,0,0,0,0,0,0,0,0,0,0,0,0,0,0,0,0,0,0,0,
"(org.simpleflatmapper.reflect.GetterIntBenchmark.testMethodHandler,b64fc34917bad69e44e965a4b79112bb9d7885ff)",0,0,0,0,0,0,0,0,0,0,0,0,0,0,0,0,0,0,0,0,0,0,0,0,0,0,0,0,0,0,0,0,0,0,0,0,0,0,0,0,0,0,0,0,0,0,0,0,0,
"(org.simpleflatmapper.reflect.GetterStringBenchmark.testDirect,b64fc34917bad69e44e965a4b79112bb9d7885ff)",0,0,0,0,0,0,0,0,0,0,0,0,0,0,0,0,0,0,0,0,0,0,0,0,0,0,0,0,0,0,0,0,0,0,0,0,0,0,0,0,0,0,0,0,0,0,0,0,0,
"(org.simpleflatmapper.io.CharReadingBenchmark.memoryMappedFile,b64fc34917bad69e44e965a4b79112bb9d7885ff)",0,0,0,0,0,0,0,0,0,0,0,0,0,0,0,0,0,0,0,0,0,0,0,0,0,0,0,0,0,0,0,0,0,0,0,0,0,0,0,0,0,0,0,0,0,0,0,0,0,
"(org.simpleflatmapper.reflect.GetterStringBenchmark.testAsm,b64fc34917bad69e44e965a4b79112bb9d7885ff)",0,0,0,0,0,0,0,0,0,0,0,0,0,0,0,0,0,0,0,0,0,0,0,0,0,0,0,0,0,0,0,0,0,0,0,0,0,0,0,0,0,0,0,0,0,0,0,0,0,
"(org.simpleflatmapper.reflect.GetterIntBenchmark.testMethod,b64fc34917bad69e44e965a4b79112bb9d7885ff)",0,0,0,0,0,0,0,0,0,0,0,0,0,0,0,0,0,0,0,0,0,0,0,0,0,0,0,0,0,0,0,0,0,0,0,0,0,0,0,0,0,0,0,0,0,0,0,0,0,
"(org.simpleflatmapper.reflect.GetterStringBenchmark.testMethodHandlerField,b64fc34917bad69e44e965a4b79112bb9d7885ff)",0,0,0,0,0,0,0,0,0,0,0,0,0,0,0,0,0,0,0,0,0,0,0,0,0,0,0,0,0,0,0,0,0,0,0,0,0,0,0,0,0,0,0,0,0,0,0,0,0,
"(org.simpleflatmapper.reflect.GetterIntBenchmark.testMethodHandlerExact,b64fc34917bad69e44e965a4b79112bb9d7885ff)",0,0,0,0,0,0,0,0,0,0,0,0,0,0,0,0,0,0,0,0,0,0,0,0,0,0,0,0,0,0,0,0,0,0,0,0,0,0,0,0,0,0,0,0,0,0,0,0,0,
"(org.simpleflatmapper.csv.UnescapeBenchmark.unescape,b64fc34917bad69e44e965a4b79112bb9d7885ff)",0,0,0,0,0,0,0,0,0,0,0,0,0,0,0,0,0,0,0,0,0,0,0,0,0,0,0,0,0,0,0,0,0,0,0,0,0,0,0,0,0,0,0,0,0,0,0,0,0,
"(org.simpleflatmapper.map.KeyObjectStorePutBenchmark.testKeyObjectStore,b64fc34917bad69e44e965a4b79112bb9d7885ff)",0,0,0,0,0,0,0,0,0,0,0,0,0,0,0,0,0,0,0,0,0,0,0,0,0,0,0,0,0,0,0,0,0,0,0,0,0,0,0,0,0,0,0,0,0,0,0,0,0,
"(org.simpleflatmapper.csv.DiscriminatorBenchmark.testNoDiscriminator,b64fc34917bad69e44e965a4b79112bb9d7885ff)",0,0,0,0,0,0,0,0,0,0,0,0,0,0,0,0,0,0,0,0,0,0,0,0,0,0,0,0,0,0,0,0,0,0,0,0,0,0,0,0,0,0,0,0,0,0,0,0,0,
"(org.simpleflatmapper.csv.io.ReaderBenchmark.testInputStreamReaderFromChannelInputStream,b64fc34917bad69e44e965a4b79112bb9d7885ff)",0,0,0,0,0,0,0,0,0,0,0,0,0,0,0,0,0,0,0,0,0,0,0,0,0,0,0,0,0,0,0,0,0,0,0,0,0,0,0,0,0,0,0,0,0,0,0,0,0,
"(org.simpleflatmapper.io.CharReadingBenchmark.memoryMappedFileBytes,b64fc34917bad69e44e965a4b79112bb9d7885ff)",0,0,0,0,0,0,0,0,0,0,0,0,0,0,0,0,0,0,0,0,0,0,0,0,0,0,0,0,0,0,0,0,0,0,0,0,0,0,0,0,0,0,0,0,0,0,0,0,0,
"(org.simpleflatmapper.reflect.GetterStringBenchmark.testMethodHandlerExact,b64fc34917bad69e44e965a4b79112bb9d7885ff)",0,0,0,0,0,0,0,0,0,0,0,0,0,0,0,0,0,0,0,0,0,0,0,0,0,0,0,0,0,0,0,0,0,0,0,0,0,0,0,0,0,0,0,0,0,0,0,0,0,
"(org.simpleflatmapper.csv.DiscriminatorBenchmark.testWithDiscriminatorWithPartialKeys,b64fc34917bad69e44e965a4b79112bb9d7885ff)",0,0,0,0,0,0,0,0,0,0,0,0,0,0,0,0,0,0,0,0,0,0,0,0,0,0,0,0,0,0,0,0,0,0,0,0,0,0,0,0,0,0,0,0,0,0,0,0,0,
"(org.simpleflatmapper.csv.io.ReaderBenchmark.testFiles,b64fc34917bad69e44e965a4b79112bb9d7885ff)",0,0,0,0,0,0,0,0,0,0,0,0,0,0,0,0,0,0,0,0,0,0,0,0,0,0,0,0,0,0,0,0,0,0,0,0,0,0,0,0,0,0,0,0,0,0,0,0,0,
"(org.simpleflatmapper.csv.io.InputStreamBenchmark.testFiles,b64fc34917bad69e44e965a4b79112bb9d7885ff)",0,0,0,0,0,0,0,0,0,0,0,0,0,0,0,0,0,0,0,0,0,0,0,0,0,0,0,0,0,0,0,0,0,0,0,0,0,0,0,0,0,0,0,0,0,0,0,0,0,
"(org.simpleflatmapper.reflect.GetterIntBenchmark.testMethodHandlerField,b64fc34917bad69e44e965a4b79112bb9d7885ff)",0,0,0,0,0,0,0,0,0,0,0,0,0,0,0,0,0,0,0,0,0,0,0,0,0,0,0,0,0,0,0,0,0,0,0,0,0,0,0,0,0,0,0,0,0,0,0,0,0,
"(org.simpleflatmapper.csv.CsvParserBenchmark.parse,36c03b42e45f74b689d8e4f8704d60ae6491e4af)",0,0,0,0,0,0,0,0,0,0,0,0,0,0,0,0,0,0,0,0,0,0,0,0,0,0,0,0,0,0,0,0,0,0,0,0,0,0,0,0,0,0,0,0,0,0,0,0,0,
"(org.simpleflatmapper.csv.CsvParserBenchmark.parsePipe,36c03b42e45f74b689d8e4f8704d60ae6491e4af)",0,0,0,0,0,0,0,0,0,0,0,0,0,0,0,0,0,0,0,0,0,0,0,0,0,0,0,0,0,0,0,0,0,0,0,0,0,0,0,0,0,0,0,0,0,0,0,0,0,
"(org.simpleflatmapper.map.MapperCacheBenchmark.testGet,36c03b42e45f74b689d8e4f8704d60ae6491e4af)",0,0,0,0,0,0,0,0,0,0,0,0,0,0,0,0,0,0,0,0,0,0,0,0,0,0,0,0,0,0,0,0,0,0,0,0,0,0,0,0,0,0,0,0,0,0,0,0,0,
"(org.simpleflatmapper.reflect.GetterIntBenchmark.testAsm,36c03b42e45f74b689d8e4f8704d60ae6491e4af)",0,0,0,0,0,0,0,0,0,0,0,0,0,0,0,0,0,0,0,0,0,0,0,0,0,0,0,0,0,0,0,0,0,0,0,0,0,0,0,0,0,0,0,0,0,0,0,0,0,
"(org.simpleflatmapper.io.CharReadingBenchmark.fileChannelBytes,36c03b42e45f74b689d8e4f8704d60ae6491e4af)",0,0,0,0,0,0,0,0,0,0,0,0,0,0,0,0,0,0,0,0,0,0,0,0,0,0,0,0,0,0,0,0,0,0,0,0,0,0,0,0,0,0,0,0,0,0,0,0,0,
"(org.simpleflatmapper.utils.UUIDBenchMarkRead.testByteBufferRead,36c03b42e45f74b689d8e4f8704d60ae6491e4af)",0,0,0,0,0,0,0,0,0,0,0,0,0,0,0,0,0,0,0,0,0,0,0,0,0,0,0,0,0,0,0,0,0,0,0,0,0,0,0,0,0,0,0,0,0,0,0,0,0,
"(org.simpleflatmapper.map.KeyObjectStoreGetBenchmark.testKeyObjectStore,36c03b42e45f74b689d8e4f8704d60ae6491e4af)",0,0,0,0,0,0,0,0,0,0,0,0,0,0,0,0,0,0,0,0,0,0,0,0,0,0,0,0,0,0,0,0,0,0,0,0,0,0,0,0,0,0,0,0,0,0,0,0,0,
"(org.simpleflatmapper.csv.io.InputStreamBenchmark.testFileInputStream,36c03b42e45f74b689d8e4f8704d60ae6491e4af)",0,0,0,0,0,0,0,0,0,0,0,0,0,0,0,0,0,0,0,0,0,0,0,0,0,0,0,0,0,0,0,0,0,0,0,0,0,0,0,0,0,0,0,0,0,0,0,0,0,
"(org.simpleflatmapper.io.CharReadingBenchmark.intputStreamBytes,36c03b42e45f74b689d8e4f8704d60ae6491e4af)",0,0,0,0,0,0,0,0,0,0,0,0,0,0,0,0,0,0,0,0,0,0,0,0,0,0,0,0,0,0,0,0,0,0,0,0,0,0,0,0,0,0,0,0,0,0,0,0,0,
"(org.simpleflatmapper.reflect.GetterStringBenchmark.testMethodHandler,36c03b42e45f74b689d8e4f8704d60ae6491e4af)",0,0,0,0,0,0,0,0,0,0,0,0,0,0,0,0,0,0,0,0,0,0,0,0,0,0,0,0,0,0,0,0,0,0,0,0,0,0,0,0,0,0,0,0,0,0,0,0,0,
"(org.simpleflatmapper.reflect.GetterStringBenchmark.testMethod,36c03b42e45f74b689d8e4f8704d60ae6491e4af)",0,0,0,0,0,0,0,0,0,0,0,0,0,0,0,0,0,0,0,0,0,0,0,0,0,0,0,0,0,0,0,0,0,0,0,0,0,0,0,0,0,0,0,0,0,0,0,0,0,
"(org.simpleflatmapper.csv.DiscriminatorBenchmark.testWithDiscriminatorWithKeys,36c03b42e45f74b689d8e4f8704d60ae6491e4af)",0,0,0,0,0,0,0,0,0,0,0,0,0,0,0,0,0,0,0,0,0,0,0,0,0,0,0,0,0,0,0,0,0,0,0,0,0,0,0,0,0,0,0,0,0,0,0,0,0,
"(org.simpleflatmapper.csv.CsvParserBenchmark.parseTrim,36c03b42e45f74b689d8e4f8704d60ae6491e4af)",0,0,0,0,0,0,0,0,0,0,0,0,0,0,0,0,0,0,0,0,0,0,0,0,0,0,0,0,0,0,0,0,0,0,0,0,0,0,0,0,0,0,0,0,0,0,0,0,0,
"(org.simpleflatmapper.csv.DiscriminatorBenchmark.testWithDiscriminator,36c03b42e45f74b689d8e4f8704d60ae6491e4af)",0,0,0,0,0,0,0,0,0,0,0,0,0,0,0,0,0,0,0,0,0,0,0,0,0,0,0,0,0,0,0,0,0,0,0,0,0,0,0,0,0,0,0,0,0,0,0,0,0,
"(org.simpleflatmapper.csv.io.ReaderBenchmark.testFileChannelViaRandomFile,36c03b42e45f74b689d8e4f8704d60ae6491e4af)",0,0,0,0,0,0,0,0,0,0,0,0,0,0,0,0,0,0,0,0,0,0,0,0,0,0,0,0,0,0,0,0,0,0,0,0,0,0,0,0,0,0,0,0,0,0,0,0,0,
"(org.simpleflatmapper.map.KeyObjectStorePutBenchmark.testMap,36c03b42e45f74b689d8e4f8704d60ae6491e4af)",0,0,0,0,0,0,0,0,0,0,0,0,0,0,0,0,0,0,0,0,0,0,0,0,0,0,0,0,0,0,0,0,0,0,0,0,0,0,0,0,0,0,0,0,0,0,0,0,0,
"(org.simpleflatmapper.utils.UUIDBenchMarkRead.testBytesRead,36c03b42e45f74b689d8e4f8704d60ae6491e4af)",0,0,0,0,0,0,0,0,0,0,0,0,0,0,0,0,0,0,0,0,0,0,0,0,0,0,0,0,0,0,0,0,0,0,0,0,0,0,0,0,0,0,0,0,0,0,0,0,0,
"(org.simpleflatmapper.csv.CsvParserBenchmark.parseQuote,36c03b42e45f74b689d8e4f8704d60ae6491e4af)",0,0,0,0,0,0,0,0,0,0,0,0,0,0,0,0,0,0,0,0,0,0,0,0,0,0,0,0,0,0,0,0,0,0,0,0,0,0,0,0,0,0,0,0,0,0,0,0,0,
"(org.simpleflatmapper.utils.UUIDBenchMarkWrite.testByteBufferRead,36c03b42e45f74b689d8e4f8704d60ae6491e4af)",0,0,0,0,0,0,0,0,0,0,0,0,0,0,0,0,0,0,0,0,0,0,0,0,0,0,0,0,0,0,0,0,0,0,0,0,0,0,0,0,0,0,0,0,0,0,0,0,0,
"(org.simpleflatmapper.reflect.GetterIntBenchmark.testDirect,36c03b42e45f74b689d8e4f8704d60ae6491e4af)",0,0,0,0,0,0,0,0,0,0,0,0,0,0,0,0,0,0,0,0,0,0,0,0,0,0,0,0,0,0,0,0,0,0,0,0,0,0,0,0,0,0,0,0,0,0,0,0,0,
"(org.simpleflatmapper.csv.io.InputStreamBenchmark.testFileChannel,36c03b42e45f74b689d8e4f8704d60ae6491e4af)",0,0,0,0,0,0,0,0,0,0,0,0,0,0,0,0,0,0,0,0,0,0,0,0,0,0,0,0,0,0,0,0,0,0,0,0,0,0,0,0,0,0,0,0,0,0,0,0,0,
"(org.simpleflatmapper.reflect.GetterStringBenchmark.testField,36c03b42e45f74b689d8e4f8704d60ae6491e4af)",0,0,0,0,0,0,0,0,0,0,0,0,0,0,0,0,0,0,0,0,0,0,0,0,0,0,0,0,0,0,0,0,0,0,0,0,0,0,0,0,0,0,0,0,0,0,0,0,0,
"(org.simpleflatmapper.utils.UUIDBenchMarkWrite.testBytesRead,36c03b42e45f74b689d8e4f8704d60ae6491e4af)",0,0,0,0,0,0,0,0,0,0,0,0,0,0,0,0,0,0,0,0,0,0,0,0,0,0,0,0,0,0,0,0,0,0,0,0,0,0,0,0,0,0,0,0,0,0,0,0,0,
"(org.simpleflatmapper.reflect.GetterIntBenchmark.testField,36c03b42e45f74b689d8e4f8704d60ae6491e4af)",0,0,0,0,0,0,0,0,0,0,0,0,0,0,0,0,0,0,0,0,0,0,0,0,0,0,0,0,0,0,0,0,0,0,0,0,0,0,0,0,0,0,0,0,0,0,0,0,0,
"(org.simpleflatmapper.csv.io.ReaderBenchmark.testFileChannel,36c03b42e45f74b689d8e4f8704d60ae6491e4af)",0,0,0,0,0,0,0,0,0,0,0,0,0,0,0,0,0,0,0,0,0,0,0,0,0,0,0,0,0,0,0,0,0,0,0,0,0,0,0,0,0,0,0,0,0,0,0,0,0,
"(org.simpleflatmapper.io.CharReadingBenchmark.reader,36c03b42e45f74b689d8e4f8704d60ae6491e4af)",0,0,0,0,0,0,0,0,0,0,0,0,0,0,0,0,0,0,0,0,0,0,0,0,0,0,0,0,0,0,0,0,0,0,0,0,0,0,0,0,0,0,0,0,0,0,0,0,0,
"(org.simpleflatmapper.csv.CsvParserBenchmark.parsePipeQuote,36c03b42e45f74b689d8e4f8704d60ae6491e4af)",0,0,0,0,0,0,0,0,0,0,0,0,0,0,0,0,0,0,0,0,0,0,0,0,0,0,0,0,0,0,0,0,0,0,0,0,0,0,0,0,0,0,0,0,0,0,0,0,0,
"(org.simpleflatmapper.csv.io.ReaderBenchmark.testFileInputStream,36c03b42e45f74b689d8e4f8704d60ae6491e4af)",0,0,0,0,0,0,0,0,0,0,0,0,0,0,0,0,0,0,0,0,0,0,0,0,0,0,0,0,0,0,0,0,0,0,0,0,0,0,0,0,0,0,0,0,0,0,0,0,0,
"(org.simpleflatmapper.map.KeyObjectStoreGetBenchmark.testMap,36c03b42e45f74b689d8e4f8704d60ae6491e4af)",0,0,0,0,0,0,0,0,0,0,0,0,0,0,0,0,0,0,0,0,0,0,0,0,0,0,0,0,0,0,0,0,0,0,0,0,0,0,0,0,0,0,0,0,0,0,0,0,0,
"(org.simpleflatmapper.csv.io.InputStreamBenchmark.testFileChannelViaRandomFile,36c03b42e45f74b689d8e4f8704d60ae6491e4af)",0,0,0,0,0,0,0,0,0,0,0,0,0,0,0,0,0,0,0,0,0,0,0,0,0,0,0,0,0,0,0,0,0,0,0,0,0,0,0,0,0,0,0,0,0,0,0,0,0,
"(org.simpleflatmapper.reflect.GetterIntBenchmark.testMethodHandler,36c03b42e45f74b689d8e4f8704d60ae6491e4af)",0,0,0,0,0,0,0,0,0,0,0,0,0,0,0,0,0,0,0,0,0,0,0,0,0,0,0,0,0,0,0,0,0,0,0,0,0,0,0,0,0,0,0,0,0,0,0,0,0,
"(org.simpleflatmapper.reflect.GetterStringBenchmark.testDirect,36c03b42e45f74b689d8e4f8704d60ae6491e4af)",0,0,0,0,0,0,0,0,0,0,0,0,0,0,0,0,0,0,0,0,0,0,0,0,0,0,0,0,0,0,0,0,0,0,0,0,0,0,0,0,0,0,0,0,0,0,0,0,0,
"(org.simpleflatmapper.io.CharReadingBenchmark.memoryMappedFile,36c03b42e45f74b689d8e4f8704d60ae6491e4af)",0,0,0,0,0,0,0,0,0,0,0,0,0,0,0,0,0,0,0,0,0,0,0,0,0,0,0,0,0,0,0,0,0,0,0,0,0,0,0,0,0,0,0,0,0,0,0,0,0,
"(org.simpleflatmapper.reflect.GetterStringBenchmark.testAsm,36c03b42e45f74b689d8e4f8704d60ae6491e4af)",0,0,0,0,0,0,0,0,0,0,0,0,0,0,0,0,0,0,0,0,0,0,0,0,0,0,0,0,0,0,0,0,0,0,0,0,0,0,0,0,0,0,0,0,0,0,0,0,0,
"(org.simpleflatmapper.reflect.GetterIntBenchmark.testMethod,36c03b42e45f74b689d8e4f8704d60ae6491e4af)",0,0,0,0,0,0,0,0,0,0,0,0,0,0,0,0,0,0,0,0,0,0,0,0,0,0,0,0,0,0,0,0,0,0,0,0,0,0,0,0,0,0,0,0,0,0,0,0,0,
"(org.simpleflatmapper.reflect.GetterStringBenchmark.testMethodHandlerField,36c03b42e45f74b689d8e4f8704d60ae6491e4af)",0,0,0,0,0,0,0,0,0,0,0,0,0,0,0,0,0,0,0,0,0,0,0,0,0,0,0,0,0,0,0,0,0,0,0,0,0,0,0,0,0,0,0,0,0,0,0,0,0,
"(org.simpleflatmapper.reflect.GetterIntBenchmark.testMethodHandlerExact,36c03b42e45f74b689d8e4f8704d60ae6491e4af)",0,0,0,0,0,0,0,0,0,0,0,0,0,0,0,0,0,0,0,0,0,0,0,0,0,0,0,0,0,0,0,0,0,0,0,0,0,0,0,0,0,0,0,0,0,0,0,0,0,
"(org.simpleflatmapper.csv.UnescapeBenchmark.unescape,36c03b42e45f74b689d8e4f8704d60ae6491e4af)",0,0,0,0,0,0,0,0,0,0,0,0,0,0,0,0,0,0,0,0,0,0,0,0,0,0,0,0,0,0,0,0,0,0,0,0,0,0,0,0,0,0,0,0,0,0,0,0,0,
"(org.simpleflatmapper.map.KeyObjectStorePutBenchmark.testKeyObjectStore,36c03b42e45f74b689d8e4f8704d60ae6491e4af)",0,0,0,0,0,0,0,0,0,0,0,0,0,0,0,0,0,0,0,0,0,0,0,0,0,0,0,0,0,0,0,0,0,0,0,0,0,0,0,0,0,0,0,0,0,0,0,0,0,
"(org.simpleflatmapper.csv.DiscriminatorBenchmark.testNoDiscriminator,36c03b42e45f74b689d8e4f8704d60ae6491e4af)",0,0,0,0,0,0,0,0,0,0,0,0,0,0,0,0,0,0,0,0,0,0,0,0,0,0,0,0,0,0,0,0,0,0,0,0,0,0,0,0,0,0,0,0,0,0,0,0,0,
"(org.simpleflatmapper.csv.io.ReaderBenchmark.testInputStreamReaderFromChannelInputStream,36c03b42e45f74b689d8e4f8704d60ae6491e4af)",0,0,0,0,0,0,0,0,0,0,0,0,0,0,0,0,0,0,0,0,0,0,0,0,0,0,0,0,0,0,0,0,0,0,0,0,0,0,0,0,0,0,0,0,0,0,0,0,0,
"(org.simpleflatmapper.io.CharReadingBenchmark.memoryMappedFileBytes,36c03b42e45f74b689d8e4f8704d60ae6491e4af)",0,0,0,0,0,0,0,0,0,0,0,0,0,0,0,0,0,0,0,0,0,0,0,0,0,0,0,0,0,0,0,0,0,0,0,0,0,0,0,0,0,0,0,0,0,0,0,0,0,
"(org.simpleflatmapper.reflect.GetterStringBenchmark.testMethodHandlerExact,36c03b42e45f74b689d8e4f8704d60ae6491e4af)",0,0,0,0,0,0,0,0,0,0,0,0,0,0,0,0,0,0,0,0,0,0,0,0,0,0,0,0,0,0,0,0,0,0,0,0,0,0,0,0,0,0,0,0,0,0,0,0,0,
"(org.simpleflatmapper.csv.DiscriminatorBenchmark.testWithDiscriminatorWithPartialKeys,36c03b42e45f74b689d8e4f8704d60ae6491e4af)",0,0,0,0,0,0,0,0,0,0,0,0,0,0,0,0,0,0,0,0,0,0,0,0,0,0,0,0,0,0,0,0,0,0,0,0,0,0,0,0,0,0,0,0,0,0,0,0,0,
"(org.simpleflatmapper.csv.io.ReaderBenchmark.testFiles,36c03b42e45f74b689d8e4f8704d60ae6491e4af)",0,0,0,0,0,0,0,0,0,0,0,0,0,0,0,0,0,0,0,0,0,0,0,0,0,0,0,0,0,0,0,0,0,0,0,0,0,0,0,0,0,0,0,0,0,0,0,0,0,
"(org.simpleflatmapper.csv.io.InputStreamBenchmark.testFiles,36c03b42e45f74b689d8e4f8704d60ae6491e4af)",0,0,0,0,0,0,0,0,0,0,0,0,0,0,0,0,0,0,0,0,0,0,0,0,0,0,0,0,0,0,0,0,0,0,0,0,0,0,0,0,0,0,0,0,0,0,0,0,0,
"(org.simpleflatmapper.reflect.GetterIntBenchmark.testMethodHandlerField,36c03b42e45f74b689d8e4f8704d60ae6491e4af)",0,0,0,0,0,0,0,0,0,0,0,0,0,0,0,0,0,0,0,0,0,0,0,0,0,0,0,0,0,0,0,0,0,0,0,0,0,0,0,0,0,0,0,0,0,0,0,0,0,
"(org.simpleflatmapper.csv.CsvParserBenchmark.parse,394553029a51878b873feba18a4cb7dedafc25a2)",0,0,0,0,0,0,0,0,0,0,0,0,0,0,0,0,0,0,0,0,0,0,0,0,0,0,0,0,0,0,0,0,0,0,0,0,0,0,0,0,0,0,0,0,0,0,0,0,0,
"(org.simpleflatmapper.csv.CsvParserBenchmark.parsePipe,394553029a51878b873feba18a4cb7dedafc25a2)",0,0,0,0,0,0,0,0,0,0,0,0,0,0,0,0,0,0,0,0,0,0,0,0,0,0,0,0,0,0,0,0,0,0,0,0,0,0,0,0,0,0,0,0,0,0,0,0,0,
"(org.simpleflatmapper.map.MapperCacheBenchmark.testGet,394553029a51878b873feba18a4cb7dedafc25a2)",0,0,0,0,0,0,0,0,0,0,0,0,0,0,0,0,0,0,0,0,0,0,0,0,0,0,0,0,0,0,0,0,0,0,0,0,0,0,0,0,0,0,0,0,0,0,0,0,0,
"(org.simpleflatmapper.reflect.GetterIntBenchmark.testAsm,394553029a51878b873feba18a4cb7dedafc25a2)",0,0,0,0,0,0,0,0,0,0,0,0,0,0,0,0,0,0,0,0,0,0,0,0,0,0,0,0,0,0,0,0,0,0,0,0,0,0,0,0,0,0,0,0,0,0,0,0,0,
"(org.simpleflatmapper.io.CharReadingBenchmark.fileChannelBytes,394553029a51878b873feba18a4cb7dedafc25a2)",0,0,0,0,0,0,0,0,0,0,0,0,0,0,0,0,0,0,0,0,0,0,0,0,0,0,0,0,0,0,0,0,0,0,0,0,0,0,0,0,0,0,0,0,0,0,0,0,0,
"(org.simpleflatmapper.utils.UUIDBenchMarkRead.testByteBufferRead,394553029a51878b873feba18a4cb7dedafc25a2)",0,0,0,0,0,0,0,0,0,0,0,0,0,0,0,0,0,0,0,0,0,0,0,0,0,0,0,0,0,0,0,0,0,0,0,0,0,0,0,0,0,0,0,0,0,0,0,0,0,
"(org.simpleflatmapper.map.KeyObjectStoreGetBenchmark.testKeyObjectStore,394553029a51878b873feba18a4cb7dedafc25a2)",0,0,0,0,0,0,0,0,0,0,0,0,0,0,0,0,0,0,0,0,0,0,0,0,0,0,0,0,0,0,0,0,0,0,0,0,0,0,0,0,0,0,0,0,0,0,0,0,0,
"(org.simpleflatmapper.csv.io.InputStreamBenchmark.testFileInputStream,394553029a51878b873feba18a4cb7dedafc25a2)",0,0,0,0,0,0,0,0,0,0,0,0,0,0,0,0,0,0,0,0,0,0,0,0,0,0,0,0,0,0,0,0,0,0,0,0,0,0,0,0,0,0,0,0,0,0,0,0,0,
"(org.simpleflatmapper.io.CharReadingBenchmark.intputStreamBytes,394553029a51878b873feba18a4cb7dedafc25a2)",0,0,0,0,0,0,0,0,0,0,0,0,0,0,0,0,0,0,0,0,0,0,0,0,0,0,0,0,0,0,0,0,0,0,0,0,0,0,0,0,0,0,0,0,0,0,0,0,0,
"(org.simpleflatmapper.reflect.GetterStringBenchmark.testMethodHandler,394553029a51878b873feba18a4cb7dedafc25a2)",0,0,0,0,0,0,0,0,0,0,0,0,0,0,0,0,0,0,0,0,0,0,0,0,0,0,0,0,0,0,0,0,0,0,0,0,0,0,0,0,0,0,0,0,0,0,0,0,0,
"(org.simpleflatmapper.reflect.GetterStringBenchmark.testMethod,394553029a51878b873feba18a4cb7dedafc25a2)",0,0,0,0,0,0,0,0,0,0,0,0,0,0,0,0,0,0,0,0,0,0,0,0,0,0,0,0,0,0,0,0,0,0,0,0,0,0,0,0,0,0,0,0,0,0,0,0,0,
"(org.simpleflatmapper.csv.DiscriminatorBenchmark.testWithDiscriminatorWithKeys,394553029a51878b873feba18a4cb7dedafc25a2)",0,0,0,0,0,0,0,0,0,0,0,0,0,0,0,0,0,0,0,0,0,0,0,0,0,0,0,0,0,0,0,0,0,0,0,0,0,0,0,0,0,0,0,0,0,0,0,0,0,
"(org.simpleflatmapper.csv.CsvParserBenchmark.parseTrim,394553029a51878b873feba18a4cb7dedafc25a2)",0,0,0,0,0,0,0,0,0,0,0,0,0,0,0,0,0,0,0,0,0,0,0,0,0,0,0,0,0,0,0,0,0,0,0,0,0,0,0,0,0,0,0,0,0,0,0,0,0,
"(org.simpleflatmapper.csv.DiscriminatorBenchmark.testWithDiscriminator,394553029a51878b873feba18a4cb7dedafc25a2)",0,0,0,0,0,0,0,0,0,0,0,0,0,0,0,0,0,0,0,0,0,0,0,0,0,0,0,0,0,0,0,0,0,0,0,0,0,0,0,0,0,0,0,0,0,0,0,0,0,
"(org.simpleflatmapper.csv.io.ReaderBenchmark.testFileChannelViaRandomFile,394553029a51878b873feba18a4cb7dedafc25a2)",0,0,0,0,0,0,0,0,0,0,0,0,0,0,0,0,0,0,0,0,0,0,0,0,0,0,0,0,0,0,0,0,0,0,0,0,0,0,0,0,0,0,0,0,0,0,0,0,0,
"(org.simpleflatmapper.map.KeyObjectStorePutBenchmark.testMap,394553029a51878b873feba18a4cb7dedafc25a2)",0,0,0,0,0,0,0,0,0,0,0,0,0,0,0,0,0,0,0,0,0,0,0,0,0,0,0,0,0,0,0,0,0,0,0,0,0,0,0,0,0,0,0,0,0,0,0,0,0,
"(org.simpleflatmapper.utils.UUIDBenchMarkRead.testBytesRead,394553029a51878b873feba18a4cb7dedafc25a2)",0,0,0,0,0,0,0,0,0,0,0,0,0,0,0,0,0,0,0,0,0,0,0,0,0,0,0,0,0,0,0,0,0,0,0,0,0,0,0,0,0,0,0,0,0,0,0,0,0,
"(org.simpleflatmapper.csv.CsvParserBenchmark.parseQuote,394553029a51878b873feba18a4cb7dedafc25a2)",0,0,0,0,0,0,0,0,0,0,0,0,0,0,0,0,0,0,0,0,0,0,0,0,0,0,0,0,0,0,0,0,0,0,0,0,0,0,0,0,0,0,0,0,0,0,0,0,0,
"(org.simpleflatmapper.utils.UUIDBenchMarkWrite.testByteBufferRead,394553029a51878b873feba18a4cb7dedafc25a2)",0,0,0,0,0,0,0,0,0,0,0,0,0,0,0,0,0,0,0,0,0,0,0,0,0,0,0,0,0,0,0,0,0,0,0,0,0,0,0,0,0,0,0,0,0,0,0,0,0,
"(org.simpleflatmapper.reflect.GetterIntBenchmark.testDirect,394553029a51878b873feba18a4cb7dedafc25a2)",0,0,0,0,0,0,0,0,0,0,0,0,0,0,0,0,0,0,0,0,0,0,0,0,0,0,0,0,0,0,0,0,0,0,0,0,0,0,0,0,0,0,0,0,0,0,0,0,0,
"(org.simpleflatmapper.csv.io.InputStreamBenchmark.testFileChannel,394553029a51878b873feba18a4cb7dedafc25a2)",0,0,0,0,0,0,0,0,0,0,0,0,0,0,0,0,0,0,0,0,0,0,0,0,0,0,0,0,0,0,0,0,0,0,0,0,0,0,0,0,0,0,0,0,0,0,0,0,0,
"(org.simpleflatmapper.reflect.GetterStringBenchmark.testField,394553029a51878b873feba18a4cb7dedafc25a2)",0,0,0,0,0,0,0,0,0,0,0,0,0,0,0,0,0,0,0,0,0,0,0,0,0,0,0,0,0,0,0,0,0,0,0,0,0,0,0,0,0,0,0,0,0,0,0,0,0,
"(org.simpleflatmapper.utils.UUIDBenchMarkWrite.testBytesRead,394553029a51878b873feba18a4cb7dedafc25a2)",0,0,0,0,0,0,0,0,0,0,0,0,0,0,0,0,0,0,0,0,0,0,0,0,0,0,0,0,0,0,0,0,0,0,0,0,0,0,0,0,0,0,0,0,0,0,0,0,0,
"(org.simpleflatmapper.reflect.GetterIntBenchmark.testField,394553029a51878b873feba18a4cb7dedafc25a2)",0,0,0,0,0,0,0,0,0,0,0,0,0,0,0,0,0,0,0,0,0,0,0,0,0,0,0,0,0,0,0,0,0,0,0,0,0,0,0,0,0,0,0,0,0,0,0,0,0,
"(org.simpleflatmapper.csv.io.ReaderBenchmark.testFileChannel,394553029a51878b873feba18a4cb7dedafc25a2)",0,0,0,0,0,0,0,0,0,0,0,0,0,0,0,0,0,0,0,0,0,0,0,0,0,0,0,0,0,0,0,0,0,0,0,0,0,0,0,0,0,0,0,0,0,0,0,0,0,
"(org.simpleflatmapper.io.CharReadingBenchmark.reader,394553029a51878b873feba18a4cb7dedafc25a2)",0,0,0,0,0,0,0,0,0,0,0,0,0,0,0,0,0,0,0,0,0,0,0,0,0,0,0,0,0,0,0,0,0,0,0,0,0,0,0,0,0,0,0,0,0,0,0,0,0,
"(org.simpleflatmapper.csv.CsvParserBenchmark.parsePipeQuote,394553029a51878b873feba18a4cb7dedafc25a2)",0,0,0,0,0,0,0,0,0,0,0,0,0,0,0,0,0,0,0,0,0,0,0,0,0,0,0,0,0,0,0,0,0,0,0,0,0,0,0,0,0,0,0,0,0,0,0,0,0,
"(org.simpleflatmapper.csv.io.ReaderBenchmark.testFileInputStream,394553029a51878b873feba18a4cb7dedafc25a2)",0,0,0,0,0,0,0,0,0,0,0,0,0,0,0,0,0,0,0,0,0,0,0,0,0,0,0,0,0,0,0,0,0,0,0,0,0,0,0,0,0,0,0,0,0,0,0,0,0,
"(org.simpleflatmapper.map.KeyObjectStoreGetBenchmark.testMap,394553029a51878b873feba18a4cb7dedafc25a2)",0,0,0,0,0,0,0,0,0,0,0,0,0,0,0,0,0,0,0,0,0,0,0,0,0,0,0,0,0,0,0,0,0,0,0,0,0,0,0,0,0,0,0,0,0,0,0,0,0,
"(org.simpleflatmapper.csv.io.InputStreamBenchmark.testFileChannelViaRandomFile,394553029a51878b873feba18a4cb7dedafc25a2)",0,0,0,0,0,0,0,0,0,0,0,0,0,0,0,0,0,0,0,0,0,0,0,0,0,0,0,0,0,0,0,0,0,0,0,0,0,0,0,0,0,0,0,0,0,0,0,0,0,
"(org.simpleflatmapper.reflect.GetterIntBenchmark.testMethodHandler,394553029a51878b873feba18a4cb7dedafc25a2)",0,0,0,0,0,0,0,0,0,0,0,0,0,0,0,0,0,0,0,0,0,0,0,0,0,0,0,0,0,0,0,0,0,0,0,0,0,0,0,0,0,0,0,0,0,0,0,0,0,
"(org.simpleflatmapper.reflect.GetterStringBenchmark.testDirect,394553029a51878b873feba18a4cb7dedafc25a2)",0,0,0,0,0,0,0,0,0,0,0,0,0,0,0,0,0,0,0,0,0,0,0,0,0,0,0,0,0,0,0,0,0,0,0,0,0,0,0,0,0,0,0,0,0,0,0,0,0,
"(org.simpleflatmapper.io.CharReadingBenchmark.memoryMappedFile,394553029a51878b873feba18a4cb7dedafc25a2)",0,0,0,0,0,0,0,0,0,0,0,0,0,0,0,0,0,0,0,0,0,0,0,0,0,0,0,0,0,0,0,0,0,0,0,0,0,0,0,0,0,0,0,0,0,0,0,0,0,
"(org.simpleflatmapper.reflect.GetterStringBenchmark.testAsm,394553029a51878b873feba18a4cb7dedafc25a2)",0,0,0,0,0,0,0,0,0,0,0,0,0,0,0,0,0,0,0,0,0,0,0,0,0,0,0,0,0,0,0,0,0,0,0,0,0,0,0,0,0,0,0,0,0,0,0,0,0,
"(org.simpleflatmapper.reflect.GetterIntBenchmark.testMethod,394553029a51878b873feba18a4cb7dedafc25a2)",0,0,0,0,0,0,0,0,0,0,0,0,0,0,0,0,0,0,0,0,0,0,0,0,0,0,0,0,0,0,0,0,0,0,0,0,0,0,0,0,0,0,0,0,0,0,0,0,0,
"(org.simpleflatmapper.reflect.GetterStringBenchmark.testMethodHandlerField,394553029a51878b873feba18a4cb7dedafc25a2)",0,0,0,0,0,0,0,0,0,0,0,0,0,0,0,0,0,0,0,0,0,0,0,0,0,0,0,0,0,0,0,0,0,0,0,0,0,0,0,0,0,0,0,0,0,0,0,0,0,
"(org.simpleflatmapper.reflect.GetterIntBenchmark.testMethodHandlerExact,394553029a51878b873feba18a4cb7dedafc25a2)",0,0,0,0,0,0,0,0,0,0,0,0,0,0,0,0,0,0,0,0,0,0,0,0,0,0,0,0,0,0,0,0,0,0,0,0,0,0,0,0,0,0,0,0,0,0,0,0,0,
"(org.simpleflatmapper.csv.UnescapeBenchmark.unescape,394553029a51878b873feba18a4cb7dedafc25a2)",0,0,0,0,0,0,0,0,0,0,0,0,0,0,0,0,0,0,0,0,0,0,0,0,0,0,0,0,0,0,0,0,0,0,0,0,0,0,0,0,0,0,0,0,0,0,0,0,0,
"(org.simpleflatmapper.map.KeyObjectStorePutBenchmark.testKeyObjectStore,394553029a51878b873feba18a4cb7dedafc25a2)",0,0,0,0,0,0,0,0,0,0,0,0,0,0,0,0,0,0,0,0,0,0,0,0,0,0,0,0,0,0,0,0,0,0,0,0,0,0,0,0,0,0,0,0,0,0,0,0,0,
"(org.simpleflatmapper.csv.DiscriminatorBenchmark.testNoDiscriminator,394553029a51878b873feba18a4cb7dedafc25a2)",0,0,0,0,0,0,0,0,0,0,0,0,0,0,0,0,0,0,0,0,0,0,0,0,0,0,0,0,0,0,0,0,0,0,0,0,0,0,0,0,0,0,0,0,0,0,0,0,0,
"(org.simpleflatmapper.csv.io.ReaderBenchmark.testInputStreamReaderFromChannelInputStream,394553029a51878b873feba18a4cb7dedafc25a2)",0,0,0,0,0,0,0,0,0,0,0,0,0,0,0,0,0,0,0,0,0,0,0,0,0,0,0,0,0,0,0,0,0,0,0,0,0,0,0,0,0,0,0,0,0,0,0,0,0,
"(org.simpleflatmapper.io.CharReadingBenchmark.memoryMappedFileBytes,394553029a51878b873feba18a4cb7dedafc25a2)",0,0,0,0,0,0,0,0,0,0,0,0,0,0,0,0,0,0,0,0,0,0,0,0,0,0,0,0,0,0,0,0,0,0,0,0,0,0,0,0,0,0,0,0,0,0,0,0,0,
"(org.simpleflatmapper.reflect.GetterStringBenchmark.testMethodHandlerExact,394553029a51878b873feba18a4cb7dedafc25a2)",0,0,0,0,0,0,0,0,0,0,0,0,0,0,0,0,0,0,0,0,0,0,0,0,0,0,0,0,0,0,0,0,0,0,0,0,0,0,0,0,0,0,0,0,0,0,0,0,0,
"(org.simpleflatmapper.csv.DiscriminatorBenchmark.testWithDiscriminatorWithPartialKeys,394553029a51878b873feba18a4cb7dedafc25a2)",0,0,0,0,0,0,0,0,0,0,0,0,0,0,0,0,0,0,0,0,0,0,0,0,0,0,0,0,0,0,0,0,0,0,0,0,0,0,0,0,0,0,0,0,0,0,0,0,0,
"(org.simpleflatmapper.csv.io.ReaderBenchmark.testFiles,394553029a51878b873feba18a4cb7dedafc25a2)",0,0,0,0,0,0,0,0,0,0,0,0,0,0,0,0,0,0,0,0,0,0,0,0,0,0,0,0,0,0,0,0,0,0,0,0,0,0,0,0,0,0,0,0,0,0,0,0,0,
"(org.simpleflatmapper.csv.io.InputStreamBenchmark.testFiles,394553029a51878b873feba18a4cb7dedafc25a2)",0,0,0,0,0,0,0,0,0,0,0,0,0,0,0,0,0,0,0,0,0,0,0,0,0,0,0,0,0,0,0,0,0,0,0,0,0,0,0,0,0,0,0,0,0,0,0,0,0,
"(org.simpleflatmapper.reflect.GetterIntBenchmark.testMethodHandlerField,394553029a51878b873feba18a4cb7dedafc25a2)",0,0,0,0,0,0,0,0,0,0,0,0,0,0,0,0,0,0,0,0,0,0,0,0,0,0,0,0,0,0,0,0,0,0,0,0,0,0,0,0,0,0,0,0,0,0,0,0,0,
"(org.simpleflatmapper.csv.CsvParserBenchmark.parse,46f9e7e1f6fc464aa39b74927f4f338800ee25c0)",0,0,0,0,0,0,0,0,0,0,0,0,0,0,0,0,0,0,0,0,0,0,0,0,0,0,0,0,0,0,0,0,0,0,0,0,0,0,0,0,0,0,0,0,0,0,0,0,0,
"(org.simpleflatmapper.csv.CsvParserBenchmark.parsePipe,46f9e7e1f6fc464aa39b74927f4f338800ee25c0)",0,0,0,0,0,0,0,0,0,0,0,0,0,0,0,0,0,0,0,0,0,0,0,0,0,0,0,0,0,0,0,0,0,0,0,0,0,0,0,0,0,0,0,0,0,0,0,0,0,
"(org.simpleflatmapper.map.MapperCacheBenchmark.testGet,46f9e7e1f6fc464aa39b74927f4f338800ee25c0)",0,0,0,0,0,0,0,0,0,0,0,0,0,0,0,0,0,0,0,0,0,0,0,0,0,0,0,0,0,0,0,0,0,0,0,0,0,0,0,0,0,0,0,0,0,0,0,0,0,
"(org.simpleflatmapper.reflect.GetterIntBenchmark.testAsm,46f9e7e1f6fc464aa39b74927f4f338800ee25c0)",0,0,0,0,0,0,0,0,0,0,0,0,0,0,0,0,0,0,0,0,0,0,0,0,0,0,0,0,0,0,0,0,0,0,0,0,0,0,0,0,0,0,0,0,0,0,0,0,0,
"(org.simpleflatmapper.io.CharReadingBenchmark.fileChannelBytes,46f9e7e1f6fc464aa39b74927f4f338800ee25c0)",0,0,0,0,0,0,0,0,0,0,0,0,0,0,0,0,0,0,0,0,0,0,0,0,0,0,0,0,0,0,0,0,0,0,0,0,0,0,0,0,0,0,0,0,0,0,0,0,0,
"(org.simpleflatmapper.utils.UUIDBenchMarkRead.testByteBufferRead,46f9e7e1f6fc464aa39b74927f4f338800ee25c0)",0,0,0,0,0,0,0,0,0,0,0,0,0,0,0,0,0,0,0,0,0,0,0,0,0,0,0,0,0,0,0,0,0,0,0,0,0,0,0,0,0,0,0,0,0,0,0,0,0,
"(org.simpleflatmapper.map.KeyObjectStoreGetBenchmark.testKeyObjectStore,46f9e7e1f6fc464aa39b74927f4f338800ee25c0)",0,0,0,0,0,0,0,0,0,0,0,0,0,0,0,0,0,0,0,0,0,0,0,0,0,0,0,0,0,0,0,0,0,0,0,0,0,0,0,0,0,0,0,0,0,0,0,0,0,
"(org.simpleflatmapper.csv.io.InputStreamBenchmark.testFileInputStream,46f9e7e1f6fc464aa39b74927f4f338800ee25c0)",0,0,0,0,0,0,0,0,0,0,0,0,0,0,0,0,0,0,0,0,0,0,0,0,0,0,0,0,0,0,0,0,0,0,0,0,0,0,0,0,0,0,0,0,0,0,0,0,0,
"(org.simpleflatmapper.io.CharReadingBenchmark.intputStreamBytes,46f9e7e1f6fc464aa39b74927f4f338800ee25c0)",0,0,0,0,0,0,0,0,0,0,0,0,0,0,0,0,0,0,0,0,0,0,0,0,0,0,0,0,0,0,0,0,0,0,0,0,0,0,0,0,0,0,0,0,0,0,0,0,0,
"(org.simpleflatmapper.reflect.GetterStringBenchmark.testMethodHandler,46f9e7e1f6fc464aa39b74927f4f338800ee25c0)",0,0,0,0,0,0,0,0,0,0,0,0,0,0,0,0,0,0,0,0,0,0,0,0,0,0,0,0,0,0,0,0,0,0,0,0,0,0,0,0,0,0,0,0,0,0,0,0,0,
"(org.simpleflatmapper.reflect.GetterStringBenchmark.testMethod,46f9e7e1f6fc464aa39b74927f4f338800ee25c0)",0,0,0,0,0,0,0,0,0,0,0,0,0,0,0,0,0,0,0,0,0,0,0,0,0,0,0,0,0,0,0,0,0,0,0,0,0,0,0,0,0,0,0,0,0,0,0,0,0,
"(org.simpleflatmapper.csv.DiscriminatorBenchmark.testWithDiscriminatorWithKeys,46f9e7e1f6fc464aa39b74927f4f338800ee25c0)",0,0,0,0,0,0,0,1,0,0,0,0,0,0,0,0,0,0,0,0,0,0,2,0,0,0,0,0,0,0,0,0,0,0,0,0,0,0,0,0,0,0,0,0,0,0,0,0,3,
"(org.simpleflatmapper.csv.CsvParserBenchmark.parseTrim,46f9e7e1f6fc464aa39b74927f4f338800ee25c0)",0,0,0,0,0,0,0,0,0,0,0,0,0,0,0,0,0,0,0,0,0,0,0,0,0,0,0,0,0,0,0,0,0,0,0,0,0,0,0,0,0,0,0,0,0,0,0,0,0,
"(org.simpleflatmapper.csv.DiscriminatorBenchmark.testWithDiscriminator,46f9e7e1f6fc464aa39b74927f4f338800ee25c0)",0,0,0,0,0,0,0,1,0,0,0,0,0,0,0,0,0,0,0,0,0,0,2,0,0,0,0,0,0,0,0,0,0,0,0,0,0,0,0,0,0,0,0,0,0,0,0,0,3,
"(org.simpleflatmapper.csv.io.ReaderBenchmark.testFileChannelViaRandomFile,46f9e7e1f6fc464aa39b74927f4f338800ee25c0)",0,0,0,0,0,0,0,0,0,0,0,0,0,0,0,0,0,0,0,0,0,0,0,0,0,0,0,0,0,0,0,0,0,0,0,0,0,0,0,0,0,0,0,0,0,0,0,0,0,
"(org.simpleflatmapper.map.KeyObjectStorePutBenchmark.testMap,46f9e7e1f6fc464aa39b74927f4f338800ee25c0)",0,0,0,0,0,0,0,0,0,0,0,0,0,0,0,0,0,0,0,0,0,0,0,0,0,0,0,0,0,0,0,0,0,0,0,0,0,0,0,0,0,0,0,0,0,0,0,0,0,
"(org.simpleflatmapper.utils.UUIDBenchMarkRead.testBytesRead,46f9e7e1f6fc464aa39b74927f4f338800ee25c0)",0,0,0,0,0,0,0,0,0,0,0,0,0,0,0,0,0,0,0,0,0,0,0,0,0,0,0,0,0,0,0,0,0,0,0,0,0,0,0,0,0,0,0,0,0,0,0,0,0,
"(org.simpleflatmapper.csv.CsvParserBenchmark.parseQuote,46f9e7e1f6fc464aa39b74927f4f338800ee25c0)",0,0,0,0,0,0,0,0,0,0,0,0,0,0,0,0,0,0,0,0,0,0,0,0,0,0,0,0,0,0,0,0,0,0,0,0,0,0,0,0,0,0,0,0,0,0,0,0,0,
"(org.simpleflatmapper.utils.UUIDBenchMarkWrite.testByteBufferRead,46f9e7e1f6fc464aa39b74927f4f338800ee25c0)",0,0,0,0,0,0,0,0,0,0,0,0,0,0,0,0,0,0,0,0,0,0,0,0,0,0,0,0,0,0,0,0,0,0,0,0,0,0,0,0,0,0,0,0,0,0,0,0,0,
"(org.simpleflatmapper.reflect.GetterIntBenchmark.testDirect,46f9e7e1f6fc464aa39b74927f4f338800ee25c0)",0,0,0,0,0,0,0,0,0,0,0,0,0,0,0,0,0,0,0,0,0,0,0,0,0,0,0,0,0,0,0,0,0,0,0,0,0,0,0,0,0,0,0,0,0,0,0,0,0,
"(org.simpleflatmapper.csv.io.InputStreamBenchmark.testFileChannel,46f9e7e1f6fc464aa39b74927f4f338800ee25c0)",0,0,0,0,0,0,0,0,0,0,0,0,0,0,0,0,0,0,0,0,0,0,0,0,0,0,0,0,0,0,0,0,0,0,0,0,0,0,0,0,0,0,0,0,0,0,0,0,0,
"(org.simpleflatmapper.reflect.GetterStringBenchmark.testField,46f9e7e1f6fc464aa39b74927f4f338800ee25c0)",0,0,0,0,0,0,0,0,0,0,0,0,0,0,0,0,0,0,0,0,0,0,0,0,0,0,0,0,0,0,0,0,0,0,0,0,0,0,0,0,0,0,0,0,0,0,0,0,0,
"(org.simpleflatmapper.utils.UUIDBenchMarkWrite.testBytesRead,46f9e7e1f6fc464aa39b74927f4f338800ee25c0)",0,0,0,0,0,0,0,0,0,0,0,0,0,0,0,0,0,0,0,0,0,0,0,0,0,0,0,0,0,0,0,0,0,0,0,0,0,0,0,0,0,0,0,0,0,0,0,0,0,
"(org.simpleflatmapper.reflect.GetterIntBenchmark.testField,46f9e7e1f6fc464aa39b74927f4f338800ee25c0)",0,0,0,0,0,0,0,0,0,0,0,0,0,0,0,0,0,0,0,0,0,0,0,0,0,0,0,0,0,0,0,0,0,0,0,0,0,0,0,0,0,0,0,0,0,0,0,0,0,
"(org.simpleflatmapper.csv.io.ReaderBenchmark.testFileChannel,46f9e7e1f6fc464aa39b74927f4f338800ee25c0)",0,0,0,0,0,0,0,0,0,0,0,0,0,0,0,0,0,0,0,0,0,0,0,0,0,0,0,0,0,0,0,0,0,0,0,0,0,0,0,0,0,0,0,0,0,0,0,0,0,
"(org.simpleflatmapper.io.CharReadingBenchmark.reader,46f9e7e1f6fc464aa39b74927f4f338800ee25c0)",0,0,0,0,0,0,0,0,0,0,0,0,0,0,0,0,0,0,0,0,0,0,0,0,0,0,0,0,0,0,0,0,0,0,0,0,0,0,0,0,0,0,0,0,0,0,0,0,0,
"(org.simpleflatmapper.csv.CsvParserBenchmark.parsePipeQuote,46f9e7e1f6fc464aa39b74927f4f338800ee25c0)",0,0,0,0,0,0,0,0,0,0,0,0,0,0,0,0,0,0,0,0,0,0,0,0,0,0,0,0,0,0,0,0,0,0,0,0,0,0,0,0,0,0,0,0,0,0,0,0,0,
"(org.simpleflatmapper.csv.io.ReaderBenchmark.testFileInputStream,46f9e7e1f6fc464aa39b74927f4f338800ee25c0)",0,0,0,0,0,0,0,0,0,0,0,0,0,0,0,0,0,0,0,0,0,0,0,0,0,0,0,0,0,0,0,0,0,0,0,0,0,0,0,0,0,0,0,0,0,0,0,0,0,
"(org.simpleflatmapper.map.KeyObjectStoreGetBenchmark.testMap,46f9e7e1f6fc464aa39b74927f4f338800ee25c0)",0,0,0,0,0,0,0,0,0,0,0,0,0,0,0,0,0,0,0,0,0,0,0,0,0,0,0,0,0,0,0,0,0,0,0,0,0,0,0,0,0,0,0,0,0,0,0,0,0,
"(org.simpleflatmapper.csv.io.InputStreamBenchmark.testFileChannelViaRandomFile,46f9e7e1f6fc464aa39b74927f4f338800ee25c0)",0,0,0,0,0,0,0,0,0,0,0,0,0,0,0,0,0,0,0,0,0,0,0,0,0,0,0,0,0,0,0,0,0,0,0,0,0,0,0,0,0,0,0,0,0,0,0,0,0,
"(org.simpleflatmapper.reflect.GetterIntBenchmark.testMethodHandler,46f9e7e1f6fc464aa39b74927f4f338800ee25c0)",0,0,0,0,0,0,0,0,0,0,0,0,0,0,0,0,0,0,0,0,0,0,0,0,0,0,0,0,0,0,0,0,0,0,0,0,0,0,0,0,0,0,0,0,0,0,0,0,0,
"(org.simpleflatmapper.reflect.GetterStringBenchmark.testDirect,46f9e7e1f6fc464aa39b74927f4f338800ee25c0)",0,0,0,0,0,0,0,0,0,0,0,0,0,0,0,0,0,0,0,0,0,0,0,0,0,0,0,0,0,0,0,0,0,0,0,0,0,0,0,0,0,0,0,0,0,0,0,0,0,
"(org.simpleflatmapper.io.CharReadingBenchmark.memoryMappedFile,46f9e7e1f6fc464aa39b74927f4f338800ee25c0)",0,0,0,0,0,0,0,0,0,0,0,0,0,0,0,0,0,0,0,0,0,0,0,0,0,0,0,0,0,0,0,0,0,0,0,0,0,0,0,0,0,0,0,0,0,0,0,0,0,
"(org.simpleflatmapper.reflect.GetterStringBenchmark.testAsm,46f9e7e1f6fc464aa39b74927f4f338800ee25c0)",0,0,0,0,0,0,0,0,0,0,0,0,0,0,0,0,0,0,0,0,0,0,0,0,0,0,0,0,0,0,0,0,0,0,0,0,0,0,0,0,0,0,0,0,0,0,0,0,0,
"(org.simpleflatmapper.reflect.GetterIntBenchmark.testMethod,46f9e7e1f6fc464aa39b74927f4f338800ee25c0)",0,0,0,0,0,0,0,0,0,0,0,0,0,0,0,0,0,0,0,0,0,0,0,0,0,0,0,0,0,0,0,0,0,0,0,0,0,0,0,0,0,0,0,0,0,0,0,0,0,
"(org.simpleflatmapper.reflect.GetterStringBenchmark.testMethodHandlerField,46f9e7e1f6fc464aa39b74927f4f338800ee25c0)",0,0,0,0,0,0,0,0,0,0,0,0,0,0,0,0,0,0,0,0,0,0,0,0,0,0,0,0,0,0,0,0,0,0,0,0,0,0,0,0,0,0,0,0,0,0,0,0,0,
"(org.simpleflatmapper.reflect.GetterIntBenchmark.testMethodHandlerExact,46f9e7e1f6fc464aa39b74927f4f338800ee25c0)",0,0,0,0,0,0,0,0,0,0,0,0,0,0,0,0,0,0,0,0,0,0,0,0,0,0,0,0,0,0,0,0,0,0,0,0,0,0,0,0,0,0,0,0,0,0,0,0,0,
"(org.simpleflatmapper.csv.UnescapeBenchmark.unescape,46f9e7e1f6fc464aa39b74927f4f338800ee25c0)",0,0,0,0,0,0,0,0,0,0,0,0,0,0,0,0,0,0,0,0,0,0,0,0,0,0,0,0,0,0,0,0,0,0,0,0,0,0,0,0,0,0,0,0,0,0,0,0,0,
"(org.simpleflatmapper.map.KeyObjectStorePutBenchmark.testKeyObjectStore,46f9e7e1f6fc464aa39b74927f4f338800ee25c0)",0,0,0,0,0,0,0,0,0,0,0,0,0,0,0,0,0,0,0,0,0,0,0,0,0,0,0,0,0,0,0,0,0,0,0,0,0,0,0,0,0,0,0,0,0,0,0,0,0,
"(org.simpleflatmapper.csv.DiscriminatorBenchmark.testNoDiscriminator,46f9e7e1f6fc464aa39b74927f4f338800ee25c0)",0,0,0,0,0,0,0,1,0,0,0,0,0,0,0,0,0,0,0,0,0,0,2,0,0,0,0,0,0,0,0,0,0,0,0,0,0,0,0,0,0,0,0,0,0,0,0,0,3,
"(org.simpleflatmapper.csv.io.ReaderBenchmark.testInputStreamReaderFromChannelInputStream,46f9e7e1f6fc464aa39b74927f4f338800ee25c0)",0,0,0,0,0,0,0,0,0,0,0,0,0,0,0,0,0,0,0,0,0,0,0,0,0,0,0,0,0,0,0,0,0,0,0,0,0,0,0,0,0,0,0,0,0,0,0,0,0,
"(org.simpleflatmapper.io.CharReadingBenchmark.memoryMappedFileBytes,46f9e7e1f6fc464aa39b74927f4f338800ee25c0)",0,0,0,0,0,0,0,0,0,0,0,0,0,0,0,0,0,0,0,0,0,0,0,0,0,0,0,0,0,0,0,0,0,0,0,0,0,0,0,0,0,0,0,0,0,0,0,0,0,
"(org.simpleflatmapper.reflect.GetterStringBenchmark.testMethodHandlerExact,46f9e7e1f6fc464aa39b74927f4f338800ee25c0)",0,0,0,0,0,0,0,0,0,0,0,0,0,0,0,0,0,0,0,0,0,0,0,0,0,0,0,0,0,0,0,0,0,0,0,0,0,0,0,0,0,0,0,0,0,0,0,0,0,
"(org.simpleflatmapper.csv.DiscriminatorBenchmark.testWithDiscriminatorWithPartialKeys,46f9e7e1f6fc464aa39b74927f4f338800ee25c0)",0,0,0,0,0,0,0,1,0,0,0,0,0,0,0,0,0,0,0,0,0,0,2,0,0,0,0,0,0,0,0,0,0,0,0,0,0,0,0,0,0,0,0,0,0,0,0,0,3,
"(org.simpleflatmapper.csv.io.ReaderBenchmark.testFiles,46f9e7e1f6fc464aa39b74927f4f338800ee25c0)",0,0,0,0,0,0,0,0,0,0,0,0,0,0,0,0,0,0,0,0,0,0,0,0,0,0,0,0,0,0,0,0,0,0,0,0,0,0,0,0,0,0,0,0,0,0,0,0,0,
"(org.simpleflatmapper.csv.io.InputStreamBenchmark.testFiles,46f9e7e1f6fc464aa39b74927f4f338800ee25c0)",0,0,0,0,0,0,0,0,0,0,0,0,0,0,0,0,0,0,0,0,0,0,0,0,0,0,0,0,0,0,0,0,0,0,0,0,0,0,0,0,0,0,0,0,0,0,0,0,0,
"(org.simpleflatmapper.reflect.GetterIntBenchmark.testMethodHandlerField,46f9e7e1f6fc464aa39b74927f4f338800ee25c0)",0,0,0,0,0,0,0,0,0,0,0,0,0,0,0,0,0,0,0,0,0,0,0,0,0,0,0,0,0,0,0,0,0,0,0,0,0,0,0,0,0,0,0,0,0,0,0,0,0,
"(org.simpleflatmapper.csv.CsvParserBenchmark.parse,45b89c0dc83c4c3535997f408e0bf66061371b2d)",0,0,0,0,0,0,0,0,0,0,0,0,0,0,0,0,0,0,0,0,0,0,0,0,0,0,0,0,0,0,0,0,0,0,0,0,0,0,0,0,0,0,0,0,0,0,0,0,0,
"(org.simpleflatmapper.csv.CsvParserBenchmark.parsePipe,45b89c0dc83c4c3535997f408e0bf66061371b2d)",0,0,0,0,0,0,0,0,0,0,0,0,0,0,0,0,0,0,0,0,0,0,0,0,0,0,0,0,0,0,0,0,0,0,0,0,0,0,0,0,0,0,0,0,0,0,0,0,0,
"(org.simpleflatmapper.map.MapperCacheBenchmark.testGet,45b89c0dc83c4c3535997f408e0bf66061371b2d)",0,0,0,0,0,0,0,0,0,0,0,0,0,0,0,0,0,0,0,0,0,0,0,0,0,0,0,0,0,0,0,0,0,0,0,0,0,0,0,0,0,0,0,0,0,0,0,0,0,
"(org.simpleflatmapper.reflect.GetterIntBenchmark.testAsm,45b89c0dc83c4c3535997f408e0bf66061371b2d)",0,0,0,0,0,0,0,0,0,0,0,0,0,0,0,0,0,0,0,0,0,0,0,0,0,0,0,0,0,0,0,0,0,0,0,0,0,0,0,0,0,0,0,0,0,0,0,0,0,
"(org.simpleflatmapper.io.CharReadingBenchmark.fileChannelBytes,45b89c0dc83c4c3535997f408e0bf66061371b2d)",0,0,0,0,0,0,0,0,0,0,0,0,0,0,0,0,0,0,0,0,0,0,0,0,0,0,0,0,0,0,0,0,0,0,0,0,0,0,0,0,0,0,0,0,0,0,0,0,0,
"(org.simpleflatmapper.utils.UUIDBenchMarkRead.testByteBufferRead,45b89c0dc83c4c3535997f408e0bf66061371b2d)",0,0,0,0,0,0,0,0,0,0,0,0,0,0,0,0,0,0,0,0,0,0,0,0,0,0,0,0,0,0,0,0,0,0,0,0,0,0,0,0,0,0,0,0,0,0,0,0,0,
"(org.simpleflatmapper.map.KeyObjectStoreGetBenchmark.testKeyObjectStore,45b89c0dc83c4c3535997f408e0bf66061371b2d)",0,0,0,0,0,0,0,0,0,0,0,0,0,0,0,0,0,0,0,0,0,0,0,0,0,0,0,0,0,0,0,0,0,0,0,0,0,0,0,0,0,0,0,0,0,0,0,0,0,
"(org.simpleflatmapper.csv.io.InputStreamBenchmark.testFileInputStream,45b89c0dc83c4c3535997f408e0bf66061371b2d)",0,0,0,0,0,0,0,0,0,0,0,0,0,0,0,0,0,0,0,0,0,0,0,0,0,0,0,0,0,0,0,0,0,0,0,0,0,0,0,0,0,0,0,0,0,0,0,0,0,
"(org.simpleflatmapper.io.CharReadingBenchmark.intputStreamBytes,45b89c0dc83c4c3535997f408e0bf66061371b2d)",0,0,0,0,0,0,0,0,0,0,0,0,0,0,0,0,0,0,0,0,0,0,0,0,0,0,0,0,0,0,0,0,0,0,0,0,0,0,0,0,0,0,0,0,0,0,0,0,0,
"(org.simpleflatmapper.reflect.GetterStringBenchmark.testMethodHandler,45b89c0dc83c4c3535997f408e0bf66061371b2d)",0,0,0,0,0,0,0,0,0,0,0,0,0,0,0,0,0,0,0,0,0,0,0,0,0,0,0,0,0,0,0,0,0,0,0,0,0,0,0,0,0,0,0,0,0,0,0,0,0,
"(org.simpleflatmapper.reflect.GetterStringBenchmark.testMethod,45b89c0dc83c4c3535997f408e0bf66061371b2d)",0,0,0,0,0,0,0,0,0,0,0,0,0,0,0,0,0,0,0,0,0,0,0,0,0,0,0,0,0,0,0,0,0,0,0,0,0,0,0,0,0,0,0,0,0,0,0,0,0,
"(org.simpleflatmapper.csv.DiscriminatorBenchmark.testWithDiscriminatorWithKeys,45b89c0dc83c4c3535997f408e0bf66061371b2d)",0,0,0,0,0,0,0,0,0,0,0,0,0,0,0,0,0,0,0,0,0,0,0,0,0,0,0,0,0,0,0,0,0,0,0,0,0,0,0,0,0,0,0,0,0,0,0,0,0,
"(org.simpleflatmapper.csv.CsvParserBenchmark.parseTrim,45b89c0dc83c4c3535997f408e0bf66061371b2d)",0,0,0,0,0,0,0,0,0,0,0,0,0,0,0,0,0,0,0,0,0,0,0,0,0,0,0,0,0,0,0,0,0,0,0,0,0,0,0,0,0,0,0,0,0,0,0,0,0,
"(org.simpleflatmapper.csv.DiscriminatorBenchmark.testWithDiscriminator,45b89c0dc83c4c3535997f408e0bf66061371b2d)",0,0,0,0,0,0,0,0,0,0,0,0,0,0,0,0,0,0,0,0,0,0,0,0,0,0,0,0,0,0,0,0,0,0,0,0,0,0,0,0,0,0,0,0,0,0,0,0,0,
"(org.simpleflatmapper.csv.io.ReaderBenchmark.testFileChannelViaRandomFile,45b89c0dc83c4c3535997f408e0bf66061371b2d)",0,0,0,0,0,0,0,0,0,0,0,0,0,0,0,0,0,0,0,0,0,0,0,0,0,0,0,0,0,0,0,0,0,0,0,0,0,0,0,0,0,0,0,0,0,0,0,0,0,
"(org.simpleflatmapper.map.KeyObjectStorePutBenchmark.testMap,45b89c0dc83c4c3535997f408e0bf66061371b2d)",0,0,0,0,0,0,0,0,0,0,0,0,0,0,0,0,0,0,0,0,0,0,0,0,0,0,0,0,0,0,0,0,0,0,0,0,0,0,0,0,0,0,0,0,0,0,0,0,0,
"(org.simpleflatmapper.utils.UUIDBenchMarkRead.testBytesRead,45b89c0dc83c4c3535997f408e0bf66061371b2d)",0,0,0,0,0,0,0,0,0,0,0,0,0,0,0,0,0,0,0,0,0,0,0,0,0,0,0,0,0,0,0,0,0,0,0,0,0,0,0,0,0,0,0,0,0,0,0,0,0,
"(org.simpleflatmapper.csv.CsvParserBenchmark.parseQuote,45b89c0dc83c4c3535997f408e0bf66061371b2d)",0,0,0,0,0,0,0,0,0,0,0,0,0,0,0,0,0,0,0,0,0,0,0,0,0,0,0,0,0,0,0,0,0,0,0,0,0,0,0,0,0,0,0,0,0,0,0,0,0,
"(org.simpleflatmapper.utils.UUIDBenchMarkWrite.testByteBufferRead,45b89c0dc83c4c3535997f408e0bf66061371b2d)",0,0,0,0,0,0,0,0,0,0,0,0,0,0,0,0,0,0,0,0,0,0,0,0,0,0,0,0,0,0,0,0,0,0,0,0,0,0,0,0,0,0,0,0,0,0,0,0,0,
"(org.simpleflatmapper.reflect.GetterIntBenchmark.testDirect,45b89c0dc83c4c3535997f408e0bf66061371b2d)",0,0,0,0,0,0,0,0,0,0,0,0,0,0,0,0,0,0,0,0,0,0,0,0,0,0,0,0,0,0,0,0,0,0,0,0,0,0,0,0,0,0,0,0,0,0,0,0,0,
"(org.simpleflatmapper.csv.io.InputStreamBenchmark.testFileChannel,45b89c0dc83c4c3535997f408e0bf66061371b2d)",0,0,0,0,0,0,0,0,0,0,0,0,0,0,0,0,0,0,0,0,0,0,0,0,0,0,0,0,0,0,0,0,0,0,0,0,0,0,0,0,0,0,0,0,0,0,0,0,0,
"(org.simpleflatmapper.reflect.GetterStringBenchmark.testField,45b89c0dc83c4c3535997f408e0bf66061371b2d)",0,0,0,0,0,0,0,0,0,0,0,0,0,0,0,0,0,0,0,0,0,0,0,0,0,0,0,0,0,0,0,0,0,0,0,0,0,0,0,0,0,0,0,0,0,0,0,0,0,
"(org.simpleflatmapper.utils.UUIDBenchMarkWrite.testBytesRead,45b89c0dc83c4c3535997f408e0bf66061371b2d)",0,0,0,0,0,0,0,0,0,0,0,0,0,0,0,0,0,0,0,0,0,0,0,0,0,0,0,0,0,0,0,0,0,0,0,0,0,0,0,0,0,0,0,0,0,0,0,0,0,
"(org.simpleflatmapper.reflect.GetterIntBenchmark.testField,45b89c0dc83c4c3535997f408e0bf66061371b2d)",0,0,0,0,0,0,0,0,0,0,0,0,0,0,0,0,0,0,0,0,0,0,0,0,0,0,0,0,0,0,0,0,0,0,0,0,0,0,0,0,0,0,0,0,0,0,0,0,0,
"(org.simpleflatmapper.csv.io.ReaderBenchmark.testFileChannel,45b89c0dc83c4c3535997f408e0bf66061371b2d)",0,0,0,0,0,0,0,0,0,0,0,0,0,0,0,0,0,0,0,0,0,0,0,0,0,0,0,0,0,0,0,0,0,0,0,0,0,0,0,0,0,0,0,0,0,0,0,0,0,
"(org.simpleflatmapper.io.CharReadingBenchmark.reader,45b89c0dc83c4c3535997f408e0bf66061371b2d)",0,0,0,0,0,0,0,0,0,0,0,0,0,0,0,0,0,0,0,0,0,0,0,0,0,0,0,0,0,0,0,0,0,0,0,0,0,0,0,0,0,0,0,0,0,0,0,0,0,
"(org.simpleflatmapper.csv.CsvParserBenchmark.parsePipeQuote,45b89c0dc83c4c3535997f408e0bf66061371b2d)",0,0,0,0,0,0,0,0,0,0,0,0,0,0,0,0,0,0,0,0,0,0,0,0,0,0,0,0,0,0,0,0,0,0,0,0,0,0,0,0,0,0,0,0,0,0,0,0,0,
"(org.simpleflatmapper.csv.io.ReaderBenchmark.testFileInputStream,45b89c0dc83c4c3535997f408e0bf66061371b2d)",0,0,0,0,0,0,0,0,0,0,0,0,0,0,0,0,0,0,0,0,0,0,0,0,0,0,0,0,0,0,0,0,0,0,0,0,0,0,0,0,0,0,0,0,0,0,0,0,0,
"(org.simpleflatmapper.map.KeyObjectStoreGetBenchmark.testMap,45b89c0dc83c4c3535997f408e0bf66061371b2d)",0,0,0,0,0,0,0,0,0,0,0,0,0,0,0,0,0,0,0,0,0,0,0,0,0,0,0,0,0,0,0,0,0,0,0,0,0,0,0,0,0,0,0,0,0,0,0,0,0,
"(org.simpleflatmapper.csv.io.InputStreamBenchmark.testFileChannelViaRandomFile,45b89c0dc83c4c3535997f408e0bf66061371b2d)",0,0,0,0,0,0,0,0,0,0,0,0,0,0,0,0,0,0,0,0,0,0,0,0,0,0,0,0,0,0,0,0,0,0,0,0,0,0,0,0,0,0,0,0,0,0,0,0,0,
"(org.simpleflatmapper.reflect.GetterIntBenchmark.testMethodHandler,45b89c0dc83c4c3535997f408e0bf66061371b2d)",0,0,0,0,0,0,0,0,0,0,0,0,0,0,0,0,0,0,0,0,0,0,0,0,0,0,0,0,0,0,0,0,0,0,0,0,0,0,0,0,0,0,0,0,0,0,0,0,0,
"(org.simpleflatmapper.reflect.GetterStringBenchmark.testDirect,45b89c0dc83c4c3535997f408e0bf66061371b2d)",0,0,0,0,0,0,0,0,0,0,0,0,0,0,0,0,0,0,0,0,0,0,0,0,0,0,0,0,0,0,0,0,0,0,0,0,0,0,0,0,0,0,0,0,0,0,0,0,0,
"(org.simpleflatmapper.io.CharReadingBenchmark.memoryMappedFile,45b89c0dc83c4c3535997f408e0bf66061371b2d)",0,0,0,0,0,0,0,0,0,0,0,0,0,0,0,0,0,0,0,0,0,0,0,0,0,0,0,0,0,0,0,0,0,0,0,0,0,0,0,0,0,0,0,0,0,0,0,0,0,
"(org.simpleflatmapper.reflect.GetterStringBenchmark.testAsm,45b89c0dc83c4c3535997f408e0bf66061371b2d)",0,0,0,0,0,0,0,0,0,0,0,0,0,0,0,0,0,0,0,0,0,0,0,0,0,0,0,0,0,0,0,0,0,0,0,0,0,0,0,0,0,0,0,0,0,0,0,0,0,
"(org.simpleflatmapper.reflect.GetterIntBenchmark.testMethod,45b89c0dc83c4c3535997f408e0bf66061371b2d)",0,0,0,0,0,0,0,0,0,0,0,0,0,0,0,0,0,0,0,0,0,0,0,0,0,0,0,0,0,0,0,0,0,0,0,0,0,0,0,0,0,0,0,0,0,0,0,0,0,
"(org.simpleflatmapper.reflect.GetterStringBenchmark.testMethodHandlerField,45b89c0dc83c4c3535997f408e0bf66061371b2d)",0,0,0,0,0,0,0,0,0,0,0,0,0,0,0,0,0,0,0,0,0,0,0,0,0,0,0,0,0,0,0,0,0,0,0,0,0,0,0,0,0,0,0,0,0,0,0,0,0,
"(org.simpleflatmapper.reflect.GetterIntBenchmark.testMethodHandlerExact,45b89c0dc83c4c3535997f408e0bf66061371b2d)",0,0,0,0,0,0,0,0,0,0,0,0,0,0,0,0,0,0,0,0,0,0,0,0,0,0,0,0,0,0,0,0,0,0,0,0,0,0,0,0,0,0,0,0,0,0,0,0,0,
"(org.simpleflatmapper.csv.UnescapeBenchmark.unescape,45b89c0dc83c4c3535997f408e0bf66061371b2d)",0,0,0,0,0,0,0,0,0,0,0,0,0,0,0,0,0,0,0,0,0,0,0,0,0,0,0,0,0,0,0,0,0,0,0,0,0,0,0,0,0,0,0,0,0,0,0,0,0,
"(org.simpleflatmapper.map.KeyObjectStorePutBenchmark.testKeyObjectStore,45b89c0dc83c4c3535997f408e0bf66061371b2d)",0,0,0,0,0,0,0,0,0,0,0,0,0,0,0,0,0,0,0,0,0,0,0,0,0,0,0,0,0,0,0,0,0,0,0,0,0,0,0,0,0,0,0,0,0,0,0,0,0,
"(org.simpleflatmapper.csv.DiscriminatorBenchmark.testNoDiscriminator,45b89c0dc83c4c3535997f408e0bf66061371b2d)",0,0,0,0,0,0,0,0,0,0,0,0,0,0,0,0,0,0,0,0,0,0,0,0,0,0,0,0,0,0,0,0,0,0,0,0,0,0,0,0,0,0,0,0,0,0,0,0,0,
"(org.simpleflatmapper.csv.io.ReaderBenchmark.testInputStreamReaderFromChannelInputStream,45b89c0dc83c4c3535997f408e0bf66061371b2d)",0,0,0,0,0,0,0,0,0,0,0,0,0,0,0,0,0,0,0,0,0,0,0,0,0,0,0,0,0,0,0,0,0,0,0,0,0,0,0,0,0,0,0,0,0,0,0,0,0,
"(org.simpleflatmapper.io.CharReadingBenchmark.memoryMappedFileBytes,45b89c0dc83c4c3535997f408e0bf66061371b2d)",0,0,0,0,0,0,0,0,0,0,0,0,0,0,0,0,0,0,0,0,0,0,0,0,0,0,0,0,0,0,0,0,0,0,0,0,0,0,0,0,0,0,0,0,0,0,0,0,0,
"(org.simpleflatmapper.reflect.GetterStringBenchmark.testMethodHandlerExact,45b89c0dc83c4c3535997f408e0bf66061371b2d)",0,0,0,0,0,0,0,0,0,0,0,0,0,0,0,0,0,0,0,0,0,0,0,0,0,0,0,0,0,0,0,0,0,0,0,0,0,0,0,0,0,0,0,0,0,0,0,0,0,
"(org.simpleflatmapper.csv.DiscriminatorBenchmark.testWithDiscriminatorWithPartialKeys,45b89c0dc83c4c3535997f408e0bf66061371b2d)",0,0,0,0,0,0,0,0,0,0,0,0,0,0,0,0,0,0,0,0,0,0,0,0,0,0,0,0,0,0,0,0,0,0,0,0,0,0,0,0,0,0,0,0,0,0,0,0,0,
"(org.simpleflatmapper.csv.io.ReaderBenchmark.testFiles,45b89c0dc83c4c3535997f408e0bf66061371b2d)",0,0,0,0,0,0,0,0,0,0,0,0,0,0,0,0,0,0,0,0,0,0,0,0,0,0,0,0,0,0,0,0,0,0,0,0,0,0,0,0,0,0,0,0,0,0,0,0,0,
"(org.simpleflatmapper.csv.io.InputStreamBenchmark.testFiles,45b89c0dc83c4c3535997f408e0bf66061371b2d)",0,0,0,0,0,0,0,0,0,0,0,0,0,0,0,0,0,0,0,0,0,0,0,0,0,0,0,0,0,0,0,0,0,0,0,0,0,0,0,0,0,0,0,0,0,0,0,0,0,
"(org.simpleflatmapper.reflect.GetterIntBenchmark.testMethodHandlerField,45b89c0dc83c4c3535997f408e0bf66061371b2d)",0,0,0,0,0,0,0,0,0,0,0,0,0,0,0,0,0,0,0,0,0,0,0,0,0,0,0,0,0,0,0,0,0,0,0,0,0,0,0,0,0,0,0,0,0,0,0,0,0,
