"(Benchmark_method, commit)",Move Class,Add Parameter,Change Variable Type,Add Method Annotation,Change Return Type,Change Attribute Type,Change Parameter Type,Extract Method,Extract Variable,Move Source Folder,Modify Method Annotation,Extract And Move Method,Inline Method,Move Attribute,Remove Parameter,Inline Variable,Extract Class,Add Attribute Annotation,Parameterize Variable,Remove Method Annotation,Pull Up Method,Move And Inline Method,Add Class Annotation,Move Method,Push Down Method,Replace Variable With Attribute,Modify Class Annotation,Extract Superclass,Pull Up Attribute,Change Package,Remove Class Annotation,Remove Attribute Annotation,Merge Parameter,Extract Interface,Extract Subclass,Push Down Attribute,Extract Attribute,Merge Variable,Split Attribute,Merge Attribute,Reorder Parameter,Remove Parameter Annotation,sum,delta
"(io.debezium.performance.connector.mysql.parser.MySqlDdlParserPerf.antlr,f4246df6e436343b3c08080452be92542ad39859)",0,0,0,0,0,0,0,0,0,0,0,0,0,0,0,0,0,0,0,0,0,0,0,0,0,0,0,0,0,0,0,0,0,0,0,0,0,0,0,0,0,0,0,
"(io.debezium.performance.connector.mysql.parser.MySqlDdlParserPerf.antlr,b5921d2600c8411a803ba44967fef5ec4c94c9d4)",0,0,0,0,0,0,0,0,0,0,0,0,0,0,0,0,0,0,0,0,0,0,0,0,0,0,0,0,0,0,0,0,0,0,0,0,0,0,0,0,0,0,0,
"(io.debezium.performance.core.FilterSmtPerf.java,b5921d2600c8411a803ba44967fef5ec4c94c9d4)",0,0,0,0,0,0,0,0,0,0,0,0,0,0,0,0,0,0,0,0,0,0,0,0,0,0,0,0,0,0,0,0,0,0,0,0,0,0,0,0,0,0,0,
"(io.debezium.performance.core.FilterSmtPerf.javascript,b5921d2600c8411a803ba44967fef5ec4c94c9d4)",0,0,0,0,0,0,0,0,0,0,0,0,0,0,0,0,0,0,0,0,0,0,0,0,0,0,0,0,0,0,0,0,0,0,0,0,0,0,0,0,0,0,0,
"(io.debezium.performance.core.FilterSmtPerf.groovy,b5921d2600c8411a803ba44967fef5ec4c94c9d4)",0,0,0,0,0,0,0,0,0,0,0,0,0,0,0,0,0,0,0,0,0,0,0,0,0,0,0,0,0,0,0,0,0,0,0,0,0,0,0,0,0,0,0,
"(io.debezium.performance.connector.mysql.parser.MySqlDdlParserPerf.antlr,bcae276234b37a66322336cca817d8bdcb2e00a2)",0,0,0,0,0,0,0,0,0,0,0,0,0,0,0,0,0,0,0,0,0,0,0,0,0,0,0,0,0,0,0,0,0,0,0,0,0,0,0,0,0,0,0,
"(io.debezium.performance.core.FilterSmtPerf.java,bcae276234b37a66322336cca817d8bdcb2e00a2)",0,0,0,0,0,0,0,0,0,0,0,0,0,0,0,0,0,0,0,0,0,0,0,0,0,0,0,0,0,0,0,0,0,0,0,0,0,0,0,0,0,0,0,
"(io.debezium.performance.core.FilterSmtPerf.javascript,bcae276234b37a66322336cca817d8bdcb2e00a2)",0,0,0,0,0,0,0,0,0,0,0,0,0,0,0,0,0,0,0,0,0,0,0,0,0,0,0,0,0,0,0,0,0,0,0,0,0,0,0,0,0,0,0,
"(io.debezium.performance.core.FilterSmtPerf.groovy,bcae276234b37a66322336cca817d8bdcb2e00a2)",0,0,0,0,0,0,0,0,0,0,0,0,0,0,0,0,0,0,0,0,0,0,0,0,0,0,0,0,0,0,0,0,0,0,0,0,0,0,0,0,0,0,0,
"(io.debezium.performance.connector.mysql.parser.MySqlDdlParserPerf.antlr,ff51e99b6ff8b439d5cf5143526a9a3050e286d1)",0,0,0,0,0,0,0,0,0,0,0,0,0,0,0,0,0,0,0,0,0,0,0,0,0,0,0,0,0,0,0,0,0,0,0,0,0,0,0,0,0,0,0,
"(io.debezium.performance.core.SmtOverheadPerf.base,77662a0dde9dac8ed8ec6506f7e4a02f644696c1)",0,0,0,0,0,0,0,0,0,0,0,0,0,0,0,0,0,0,0,0,0,0,0,0,0,0,0,0,0,0,0,0,0,0,0,0,0,0,0,0,0,0,0,
"(io.debezium.performance.core.FilterSmtPerf.javascript,77662a0dde9dac8ed8ec6506f7e4a02f644696c1)",0,0,0,0,0,0,0,0,0,0,0,0,0,0,0,0,0,0,0,0,0,0,0,0,0,0,0,0,0,0,0,0,0,0,0,0,0,0,0,0,0,0,0,
"(io.debezium.performance.core.FilterSmtPerf.groovy,77662a0dde9dac8ed8ec6506f7e4a02f644696c1)",0,0,0,0,0,0,0,0,0,0,0,0,0,0,0,0,0,0,0,0,0,0,0,0,0,0,0,0,0,0,0,0,0,0,0,0,0,0,0,0,0,0,0,
"(io.debezium.performance.core.SmtOverheadPerf.noop,77662a0dde9dac8ed8ec6506f7e4a02f644696c1)",0,0,0,0,0,0,0,0,0,0,0,0,0,0,0,0,0,0,0,0,0,0,0,0,0,0,0,0,0,0,0,0,0,0,0,0,0,0,0,0,0,0,0,
"(io.debezium.performance.core.SmtOverheadPerf.newRecord,77662a0dde9dac8ed8ec6506f7e4a02f644696c1)",0,0,0,0,0,0,0,0,0,0,0,0,0,0,0,0,0,0,0,0,0,0,0,0,0,0,0,0,0,0,0,0,0,0,0,0,0,0,0,0,0,0,0,
"(io.debezium.performance.connector.mysql.parser.MySqlDdlParserPerf.antlr,77662a0dde9dac8ed8ec6506f7e4a02f644696c1)",0,0,0,0,0,0,0,0,0,0,0,0,0,0,0,0,0,0,0,0,0,0,0,0,0,0,0,0,0,0,0,0,0,0,0,0,0,0,0,0,0,0,0,
"(io.debezium.performance.core.FilterSmtPerf.java,77662a0dde9dac8ed8ec6506f7e4a02f644696c1)",0,0,0,0,0,0,0,0,0,0,0,0,0,0,0,0,0,0,0,0,0,0,0,0,0,0,0,0,0,0,0,0,0,0,0,0,0,0,0,0,0,0,0,
"(io.debezium.performance.connector.mysql.parser.MySqlDdlParserPerf.antlr,e350d74b172bb9505916c8b59556ceb565afd646)",0,0,0,0,0,0,0,0,0,0,0,0,0,0,0,0,0,0,0,0,0,0,0,0,0,0,0,0,0,0,0,0,0,0,0,0,0,0,0,0,0,0,0,
"(io.debezium.performance.core.FilterSmtPerf.java,e350d74b172bb9505916c8b59556ceb565afd646)",0,0,0,0,0,0,0,0,0,0,0,0,0,0,0,0,0,0,0,0,0,0,0,0,0,0,0,0,0,0,0,0,0,0,0,0,0,0,0,0,0,0,0,
"(io.debezium.performance.core.FilterSmtPerf.javascript,e350d74b172bb9505916c8b59556ceb565afd646)",0,0,0,0,0,0,0,0,0,0,0,0,0,0,0,0,0,0,0,0,0,0,0,0,0,0,0,0,0,0,0,0,0,0,0,0,0,0,0,0,0,0,0,
"(io.debezium.performance.core.FilterSmtPerf.groovy,e350d74b172bb9505916c8b59556ceb565afd646)",0,0,0,0,0,0,0,0,0,0,0,0,0,0,0,0,0,0,0,0,0,0,0,0,0,0,0,0,0,0,0,0,0,0,0,0,0,0,0,0,0,0,0,
"(io.debezium.performance.connector.mysql.parser.MySqlDdlParserPerf.antlr,13d638fd43e497c6fe7ff3bf47d0abaf7eceab39)",0,0,0,0,0,0,0,0,0,0,0,0,0,0,0,0,0,0,0,0,0,0,0,0,0,0,0,0,0,0,0,0,0,0,0,0,0,0,0,0,0,0,0,
"(io.debezium.performance.connector.mysql.parser.MySqlDdlParserPerf.antlr,b44c9fd04f553ee0081af08b2653099fe3d2fe74)",0,0,0,0,0,0,0,0,0,0,0,0,0,0,0,0,0,0,0,0,0,0,0,0,0,0,0,0,0,0,0,0,0,0,0,0,0,0,0,0,0,0,0,
"(io.debezium.performance.connector.mysql.parser.MySqlDdlParserPerf.legacy,b44c9fd04f553ee0081af08b2653099fe3d2fe74)",0,0,0,0,0,0,0,0,0,0,0,0,0,0,0,0,0,0,0,0,0,0,0,0,0,0,0,0,0,0,0,0,0,0,0,0,0,0,0,0,0,0,0,
"(io.debezium.performance.connector.mysql.parser.MySqlDdlParserPerf.antlr,6787d17d547c19285254c3a96ea0ef8c78b1d25f)",0,0,0,0,0,0,0,0,0,0,0,0,0,0,0,0,0,0,0,0,0,0,0,0,0,0,0,0,0,0,0,0,0,0,0,0,0,0,0,0,0,0,0,
"(io.debezium.performance.connector.mysql.parser.MySqlDdlParserPerf.legacy,6787d17d547c19285254c3a96ea0ef8c78b1d25f)",0,0,0,0,0,0,0,0,0,0,0,0,0,0,0,0,0,0,0,0,0,0,0,0,0,0,0,0,0,0,0,0,0,0,0,0,0,0,0,0,0,0,0,
"(io.debezium.performance.connector.mysql.parser.MySqlDdlParserPerf.antlr,3ceb6ced3ea937acad8c817dadba70f5d1e16712)",0,0,0,0,0,0,0,0,0,0,0,0,0,0,0,0,0,0,0,0,0,0,0,0,0,0,0,0,0,0,0,0,0,0,0,0,0,0,0,0,0,0,0,
"(io.debezium.performance.core.FilterSmtPerf.java,3ceb6ced3ea937acad8c817dadba70f5d1e16712)",0,0,0,0,0,0,0,0,0,0,0,0,0,0,0,0,0,0,0,0,0,0,0,0,0,0,0,0,0,0,0,0,0,0,0,0,0,0,0,0,0,0,0,
"(io.debezium.performance.core.FilterSmtPerf.javascript,3ceb6ced3ea937acad8c817dadba70f5d1e16712)",0,0,0,0,0,0,0,0,0,0,0,0,0,0,0,0,0,0,0,0,0,0,0,0,0,0,0,0,0,0,0,0,0,0,0,0,0,0,0,0,0,0,0,
"(io.debezium.performance.core.FilterSmtPerf.groovy,3ceb6ced3ea937acad8c817dadba70f5d1e16712)",0,0,0,0,0,0,0,0,0,0,0,0,0,0,0,0,0,0,0,0,0,0,0,0,0,0,0,0,0,0,0,0,0,0,0,0,0,0,0,0,0,0,0,
"(io.debezium.performance.core.SmtOverheadPerf.base,2c5c09358719112b25031e1ffa94de519a98bd8e)",0,0,0,0,0,0,0,0,0,0,0,0,0,0,0,0,0,0,0,0,0,0,0,0,0,0,0,0,0,0,0,0,0,0,0,0,0,0,0,0,0,0,0,
"(io.debezium.performance.core.FilterSmtPerf.javascript,2c5c09358719112b25031e1ffa94de519a98bd8e)",0,0,0,0,0,0,0,0,0,0,0,0,0,0,0,0,0,0,0,0,0,0,0,0,0,0,0,0,0,0,0,0,0,0,0,0,0,0,0,0,0,0,0,
"(io.debezium.performance.core.FilterSmtPerf.groovy,2c5c09358719112b25031e1ffa94de519a98bd8e)",0,0,0,0,0,0,0,0,0,0,0,0,0,0,0,0,0,0,0,0,0,0,0,0,0,0,0,0,0,0,0,0,0,0,0,0,0,0,0,0,0,0,0,
"(io.debezium.performance.core.SmtOverheadPerf.noop,2c5c09358719112b25031e1ffa94de519a98bd8e)",0,0,0,0,0,0,0,0,0,0,0,0,0,0,0,0,0,0,0,0,0,0,0,0,0,0,0,0,0,0,0,0,0,0,0,0,0,0,0,0,0,0,0,
"(io.debezium.performance.core.SmtOverheadPerf.newRecord,2c5c09358719112b25031e1ffa94de519a98bd8e)",0,0,0,0,0,0,0,0,0,0,0,0,0,0,0,0,0,0,0,0,0,0,0,0,0,0,0,0,0,0,0,0,0,0,0,0,0,0,0,0,0,0,0,
"(io.debezium.performance.connector.mysql.parser.MySqlDdlParserPerf.antlr,2c5c09358719112b25031e1ffa94de519a98bd8e)",0,0,0,0,0,0,0,0,0,0,0,0,0,0,0,0,0,0,0,0,0,0,0,0,0,0,0,0,0,0,0,0,0,0,0,0,0,0,0,0,0,0,0,
"(io.debezium.performance.core.FilterSmtPerf.java,2c5c09358719112b25031e1ffa94de519a98bd8e)",0,0,0,0,0,0,0,0,0,0,0,0,0,0,0,0,0,0,0,0,0,0,0,0,0,0,0,0,0,0,0,0,0,0,0,0,0,0,0,0,0,0,0,
"(io.debezium.performance.connector.mysql.parser.MySqlDdlParserPerf.antlr,edb116677dcae4ef9554c98f8556738bfc411706)",0,0,0,0,0,0,0,0,0,0,0,0,0,0,0,0,0,0,0,0,0,0,0,0,0,0,0,0,0,0,0,0,0,0,0,0,0,0,0,0,0,0,0,
"(io.debezium.performance.connector.mysql.parser.MySqlDdlParserPerf.legacy,edb116677dcae4ef9554c98f8556738bfc411706)",0,0,0,0,0,0,0,0,0,0,0,0,0,0,0,0,0,0,0,0,0,0,0,0,0,0,0,0,0,0,0,0,0,0,0,0,0,0,0,0,0,0,0,
"(io.debezium.performance.connector.mysql.parser.MySqlDdlParserPerf.antlr,9586be7d4e341502910572329d758ba2673d5afc)",0,0,0,0,0,0,0,0,0,0,0,0,0,0,0,0,0,0,0,0,0,0,0,0,0,0,0,0,0,0,0,0,0,0,0,0,0,0,0,0,0,0,0,
"(io.debezium.performance.connector.mysql.parser.MySqlDdlParserPerf.antlr,365eb0d76e7b73e70e09fcc798100dcc106304ff)",0,0,0,0,0,0,0,0,0,0,0,0,0,0,0,0,0,0,0,0,0,0,0,0,0,0,0,0,0,0,0,0,0,0,0,0,0,0,0,0,0,0,0,
"(io.debezium.performance.connector.mysql.parser.MySqlDdlParserPerf.antlr,ae4b5d6764aa3e2fdaee19a45b65e5910ac9f554)",0,0,0,0,0,0,0,0,0,0,0,0,0,0,0,0,0,0,0,0,0,0,0,0,0,0,0,0,0,0,0,0,0,0,0,0,0,0,0,0,0,0,0,
"(io.debezium.performance.connector.mysql.parser.MySqlDdlParserPerf.antlr,03ce403972b6d744632918490f6a5f7110d61a94)",0,0,0,0,0,0,0,0,0,0,0,0,0,0,0,0,0,0,0,0,0,0,0,0,0,0,0,0,0,0,0,0,0,0,0,0,0,0,0,0,0,0,0,
"(io.debezium.performance.core.FilterSmtPerf.java,03ce403972b6d744632918490f6a5f7110d61a94)",0,0,0,0,0,0,0,0,0,0,0,0,0,0,0,0,0,0,0,0,0,0,0,0,0,0,0,0,0,0,0,0,0,0,0,0,0,0,0,0,0,0,0,
"(io.debezium.performance.core.FilterSmtPerf.javascript,03ce403972b6d744632918490f6a5f7110d61a94)",0,0,0,0,0,0,0,0,0,0,0,0,0,0,0,0,0,0,0,0,0,0,0,0,0,0,0,0,0,0,0,0,0,0,0,0,0,0,0,0,0,0,0,
"(io.debezium.performance.core.FilterSmtPerf.groovy,03ce403972b6d744632918490f6a5f7110d61a94)",0,0,0,0,0,0,0,0,0,0,0,0,0,0,0,0,0,0,0,0,0,0,0,0,0,0,0,0,0,0,0,0,0,0,0,0,0,0,0,0,0,0,0,
"(io.debezium.performance.connector.mysql.parser.MySqlDdlParserPerf.antlr,16620f0bf949fb393ee1282c7cbb2c86f0edf6a0)",0,0,0,0,0,0,0,0,0,0,0,0,0,0,0,0,0,0,0,0,0,0,0,0,0,0,0,0,0,0,0,0,0,0,0,0,0,0,0,0,0,0,0,
"(io.debezium.performance.connector.mysql.parser.MySqlDdlParserPerf.legacy,16620f0bf949fb393ee1282c7cbb2c86f0edf6a0)",0,0,0,0,0,0,0,0,0,0,0,0,0,0,0,0,0,0,0,0,0,0,0,0,0,0,0,0,0,0,0,0,0,0,0,0,0,0,0,0,0,0,0,
"(io.debezium.performance.connector.mysql.parser.MySqlDdlParserPerf.antlr,cb9e916616585e4bbcf2dbb39e3ec0902b72cfca)",0,0,0,0,0,0,0,0,0,0,0,0,0,0,0,0,0,0,0,0,0,0,0,0,0,0,0,0,0,0,0,0,0,0,0,0,0,0,0,0,0,0,0,
"(io.debezium.performance.core.SmtOverheadPerf.base,ac0d9ede8abc212eab61eed5ce2110d4d61fd3e7)",0,0,0,0,0,0,0,0,0,0,0,0,0,0,0,0,0,0,0,0,0,0,0,0,0,0,0,0,0,0,0,0,0,0,0,0,0,0,0,0,0,0,0,
"(io.debezium.performance.core.FilterSmtPerf.javascript,ac0d9ede8abc212eab61eed5ce2110d4d61fd3e7)",0,0,0,0,0,0,0,0,0,0,0,0,0,0,0,0,0,0,0,0,0,0,0,0,0,0,0,0,0,0,0,0,0,0,0,0,0,0,0,0,0,0,0,
"(io.debezium.performance.core.FilterSmtPerf.groovy,ac0d9ede8abc212eab61eed5ce2110d4d61fd3e7)",0,0,0,0,0,0,0,0,0,0,0,0,0,0,0,0,0,0,0,0,0,0,0,0,0,0,0,0,0,0,0,0,0,0,0,0,0,0,0,0,0,0,0,
"(io.debezium.performance.core.SmtOverheadPerf.noop,ac0d9ede8abc212eab61eed5ce2110d4d61fd3e7)",0,0,0,0,0,0,0,0,0,0,0,0,0,0,0,0,0,0,0,0,0,0,0,0,0,0,0,0,0,0,0,0,0,0,0,0,0,0,0,0,0,0,0,
"(io.debezium.performance.core.SmtOverheadPerf.newRecord,ac0d9ede8abc212eab61eed5ce2110d4d61fd3e7)",0,0,0,0,0,0,0,0,0,0,0,0,0,0,0,0,0,0,0,0,0,0,0,0,0,0,0,0,0,0,0,0,0,0,0,0,0,0,0,0,0,0,0,
"(io.debezium.performance.connector.mysql.parser.MySqlDdlParserPerf.antlr,ac0d9ede8abc212eab61eed5ce2110d4d61fd3e7)",0,0,0,0,0,0,0,0,0,0,0,0,0,0,0,0,0,0,0,0,0,0,0,0,0,0,0,0,0,0,0,0,0,0,0,0,0,0,0,0,0,0,0,
"(io.debezium.performance.core.FilterSmtPerf.java,ac0d9ede8abc212eab61eed5ce2110d4d61fd3e7)",0,0,0,0,0,0,0,0,0,0,0,0,0,0,0,0,0,0,0,0,0,0,0,0,0,0,0,0,0,0,0,0,0,0,0,0,0,0,0,0,0,0,0,
"(io.debezium.performance.connector.mysql.parser.MySqlDdlParserPerf.antlr,050c192dd73aa0703ef4395c208e3026d189b4d1)",0,0,0,0,0,0,0,0,0,0,0,0,0,0,0,0,0,0,0,0,0,0,0,0,0,0,0,0,0,0,0,0,0,0,0,0,0,0,0,0,0,0,0,
"(io.debezium.performance.connector.mysql.parser.MySqlDdlParserPerf.legacy,050c192dd73aa0703ef4395c208e3026d189b4d1)",0,0,0,0,0,0,0,0,0,0,0,0,0,0,0,0,0,0,0,0,0,0,0,0,0,0,0,0,0,0,0,0,0,0,0,0,0,0,0,0,0,0,0,
"(io.debezium.performance.core.SmtOverheadPerf.base,45a6f9bef163d71d1833a5053faf06ad14dd7e27)",0,0,0,0,0,0,0,0,0,0,0,0,0,0,0,0,0,0,0,0,0,0,0,0,0,0,0,0,0,0,0,0,0,0,0,0,0,0,0,0,0,0,0,
"(io.debezium.performance.core.FilterSmtPerf.javascript,45a6f9bef163d71d1833a5053faf06ad14dd7e27)",0,0,0,0,0,0,0,0,0,0,0,0,0,0,0,0,0,0,0,0,0,0,0,0,0,0,0,0,0,0,0,0,0,0,0,0,0,0,0,0,0,0,0,
"(io.debezium.performance.core.FilterSmtPerf.groovy,45a6f9bef163d71d1833a5053faf06ad14dd7e27)",0,0,0,0,0,0,0,0,0,0,0,0,0,0,0,0,0,0,0,0,0,0,0,0,0,0,0,0,0,0,0,0,0,0,0,0,0,0,0,0,0,0,0,
"(io.debezium.performance.core.SmtOverheadPerf.noop,45a6f9bef163d71d1833a5053faf06ad14dd7e27)",0,0,0,0,0,0,0,0,0,0,0,0,0,0,0,0,0,0,0,0,0,0,0,0,0,0,0,0,0,0,0,0,0,0,0,0,0,0,0,0,0,0,0,
"(io.debezium.performance.core.SmtOverheadPerf.newRecord,45a6f9bef163d71d1833a5053faf06ad14dd7e27)",0,0,0,0,0,0,0,0,0,0,0,0,0,0,0,0,0,0,0,0,0,0,0,0,0,0,0,0,0,0,0,0,0,0,0,0,0,0,0,0,0,0,0,
"(io.debezium.performance.connector.mysql.parser.MySqlDdlParserPerf.antlr,45a6f9bef163d71d1833a5053faf06ad14dd7e27)",0,0,0,0,0,0,0,0,0,0,0,0,0,0,0,0,0,0,0,0,0,0,0,0,0,0,0,0,0,0,0,0,0,0,0,0,0,0,0,0,0,0,0,
"(io.debezium.performance.core.FilterSmtPerf.java,45a6f9bef163d71d1833a5053faf06ad14dd7e27)",0,0,0,0,0,0,0,0,0,0,0,0,0,0,0,0,0,0,0,0,0,0,0,0,0,0,0,0,0,0,0,0,0,0,0,0,0,0,0,0,0,0,0,
"(io.debezium.performance.connector.mysql.parser.MySqlDdlParserPerf.antlr,0d60e602438696b90d22ab76230d9aa1460fb96d)",0,0,0,0,0,0,0,0,0,0,0,0,0,0,0,0,0,0,0,0,0,0,0,0,0,0,0,0,0,0,0,0,0,0,0,0,0,0,0,0,0,0,0,
"(io.debezium.performance.connector.mysql.parser.MySqlDdlParserPerf.legacy,0d60e602438696b90d22ab76230d9aa1460fb96d)",0,0,0,0,0,0,0,0,0,0,0,0,0,0,0,0,0,0,0,0,0,0,0,0,0,0,0,0,0,0,0,0,0,0,0,0,0,0,0,0,0,0,0,
"(io.debezium.performance.connector.mysql.parser.MySqlDdlParserPerf.antlr,2c4cb832590037f9ae5781639aebd827fed5c6dd)",0,0,0,0,0,0,0,0,0,0,0,0,0,0,0,0,0,0,0,0,0,0,0,0,0,0,0,0,0,0,0,0,0,0,0,0,0,0,0,0,0,0,0,
"(io.debezium.performance.connector.mysql.parser.MySqlDdlParserPerf.antlr,d82307c3319a72243163829c86326976fb6d1ac8)",0,0,0,0,0,0,0,0,0,0,0,0,0,0,0,0,0,0,0,0,0,0,0,0,0,0,0,0,0,0,0,0,0,0,0,0,0,0,0,0,0,0,0,
"(io.debezium.performance.core.FilterSmtPerf.java,d82307c3319a72243163829c86326976fb6d1ac8)",0,0,0,0,0,0,0,0,0,0,0,0,0,0,0,0,0,0,0,0,0,0,0,0,0,0,0,0,0,0,0,0,0,0,0,0,0,0,0,0,0,0,0,
"(io.debezium.performance.core.FilterSmtPerf.javascript,d82307c3319a72243163829c86326976fb6d1ac8)",0,0,0,0,0,0,0,0,0,0,0,0,0,0,0,0,0,0,0,0,0,0,0,0,0,0,0,0,0,0,0,0,0,0,0,0,0,0,0,0,0,0,0,
"(io.debezium.performance.core.FilterSmtPerf.groovy,d82307c3319a72243163829c86326976fb6d1ac8)",0,0,0,0,0,0,0,0,0,0,0,0,0,0,0,0,0,0,0,0,0,0,0,0,0,0,0,0,0,0,0,0,0,0,0,0,0,0,0,0,0,0,0,
"(io.debezium.performance.connector.mysql.parser.MySqlDdlParserPerf.antlr,6e9e803e736a331993e6b4391f71f6cd5bbd55a0)",0,0,0,0,0,0,0,0,0,0,0,0,0,0,0,0,0,0,0,0,0,0,0,0,0,0,0,0,0,0,0,0,0,0,0,0,0,0,0,0,0,0,0,
"(io.debezium.performance.connector.mysql.parser.MySqlDdlParserPerf.legacy,6e9e803e736a331993e6b4391f71f6cd5bbd55a0)",0,0,0,0,0,0,0,0,0,0,0,0,0,0,0,0,0,0,0,0,0,0,0,0,0,0,0,0,0,0,0,0,0,0,0,0,0,0,0,0,0,0,0,
"(io.debezium.performance.connector.mysql.parser.MySqlDdlParserPerf.antlr,a8bb0079a4d1be3c70320fe98f55a1cc84b9e153)",0,0,0,0,0,0,0,0,0,0,0,0,0,0,0,0,0,0,0,0,0,0,0,0,0,0,0,0,0,0,0,0,0,0,0,0,0,0,0,0,0,0,0,
"(io.debezium.performance.connector.mysql.parser.MySqlDdlParserPerf.antlr,f974f9f4abae0cba0387abeb4d179039dcbb1f91)",0,0,0,0,0,0,0,0,0,0,0,0,0,0,0,0,0,0,0,0,0,0,0,0,0,0,0,0,0,0,0,0,0,0,0,0,0,0,0,0,0,0,0,
"(io.debezium.performance.core.FilterSmtPerf.java,f974f9f4abae0cba0387abeb4d179039dcbb1f91)",0,0,0,0,0,0,0,0,0,0,0,0,0,0,0,0,0,0,0,0,0,0,0,0,0,0,0,0,0,0,0,0,0,0,0,0,0,0,0,0,0,0,0,
"(io.debezium.performance.core.FilterSmtPerf.javascript,f974f9f4abae0cba0387abeb4d179039dcbb1f91)",0,0,0,0,0,0,0,0,0,0,0,0,0,0,0,0,0,0,0,0,0,0,0,0,0,0,0,0,0,0,0,0,0,0,0,0,0,0,0,0,0,0,0,
"(io.debezium.performance.core.FilterSmtPerf.groovy,f974f9f4abae0cba0387abeb4d179039dcbb1f91)",0,0,0,0,0,0,0,0,0,0,0,0,0,0,0,0,0,0,0,0,0,0,0,0,0,0,0,0,0,0,0,0,0,0,0,0,0,0,0,0,0,0,0,
"(io.debezium.performance.core.SmtOverheadPerf.base,1fdad23087055de69b83e9961cce9a504b4d11fa)",0,0,0,0,0,0,0,0,0,0,0,0,0,0,0,0,0,0,0,0,0,0,0,0,0,0,0,0,0,0,0,0,0,0,0,0,0,0,0,0,0,0,0,
"(io.debezium.performance.core.FilterSmtPerf.javascript,1fdad23087055de69b83e9961cce9a504b4d11fa)",0,0,0,0,0,0,0,0,0,0,0,0,0,0,0,0,0,0,0,0,0,0,0,0,0,0,0,0,0,0,0,0,0,0,0,0,0,0,0,0,0,0,0,
"(io.debezium.performance.core.FilterSmtPerf.groovy,1fdad23087055de69b83e9961cce9a504b4d11fa)",0,0,0,0,0,0,0,0,0,0,0,0,0,0,0,0,0,0,0,0,0,0,0,0,0,0,0,0,0,0,0,0,0,0,0,0,0,0,0,0,0,0,0,
"(io.debezium.performance.core.SmtOverheadPerf.noop,1fdad23087055de69b83e9961cce9a504b4d11fa)",0,0,0,0,0,0,0,0,0,0,0,0,0,0,0,0,0,0,0,0,0,0,0,0,0,0,0,0,0,0,0,0,0,0,0,0,0,0,0,0,0,0,0,
"(io.debezium.performance.core.SmtOverheadPerf.newRecord,1fdad23087055de69b83e9961cce9a504b4d11fa)",0,0,0,0,0,0,0,0,0,0,0,0,0,0,0,0,0,0,0,0,0,0,0,0,0,0,0,0,0,0,0,0,0,0,0,0,0,0,0,0,0,0,0,
"(io.debezium.performance.connector.mysql.parser.MySqlDdlParserPerf.antlr,1fdad23087055de69b83e9961cce9a504b4d11fa)",0,0,0,0,0,0,0,0,0,0,0,0,0,0,0,0,0,0,0,0,0,0,0,0,0,0,0,0,0,0,0,0,0,0,0,0,0,0,0,0,0,0,0,
"(io.debezium.performance.core.FilterSmtPerf.java,1fdad23087055de69b83e9961cce9a504b4d11fa)",0,0,0,0,0,0,0,0,0,0,0,0,0,0,0,0,0,0,0,0,0,0,0,0,0,0,0,0,0,0,0,0,0,0,0,0,0,0,0,0,0,0,0,
"(io.debezium.performance.connector.mysql.parser.MySqlDdlParserPerf.antlr,2f92553d8f67d8dbf947fa0277a14c5dd5df05d7)",0,0,0,0,0,0,0,0,0,0,0,0,0,0,0,0,0,0,0,0,0,0,0,0,0,0,0,0,0,0,0,0,0,0,0,0,0,0,0,0,0,0,0,
"(io.debezium.performance.connector.mysql.parser.MySqlDdlParserPerf.antlr,5d01f409f073c5b76f47119c507e6bc26cf1c5c7)",0,0,0,0,0,0,0,0,0,0,0,0,0,0,0,0,0,0,0,0,0,0,0,0,0,0,0,0,0,0,0,0,0,0,0,0,0,0,0,0,0,0,0,
"(io.debezium.performance.connector.mysql.parser.MySqlDdlParserPerf.antlr,4ed8b4636c6e47edf1fa2427392ac3d993f1009b)",0,0,0,0,0,0,0,0,0,0,0,0,0,0,0,0,0,0,0,0,0,0,0,0,0,0,0,0,0,0,0,0,0,0,0,0,0,0,0,0,0,0,0,
"(io.debezium.performance.connector.mysql.parser.MySqlDdlParserPerf.antlr,bff7eea7347e40a59f484cdd68e2b055f6c5954a)",0,0,0,0,0,0,0,0,0,0,0,0,0,0,0,0,0,0,0,0,0,0,0,0,0,0,0,0,0,0,0,0,0,0,0,0,0,0,0,0,0,0,0,
"(io.debezium.performance.connector.mysql.parser.MySqlDdlParserPerf.legacy,bff7eea7347e40a59f484cdd68e2b055f6c5954a)",0,0,0,0,0,0,0,0,0,0,0,0,0,0,0,0,0,0,0,0,0,0,0,0,0,0,0,0,0,0,0,0,0,0,0,0,0,0,0,0,0,0,0,
"(io.debezium.performance.connector.mysql.parser.MySqlDdlParserPerf.antlr,c5ecff4be623abc7393cc67b706c94dce5db002f)",0,0,0,0,0,0,0,0,0,0,0,0,0,0,0,0,0,0,0,0,0,0,0,0,0,0,0,0,0,0,0,0,0,0,0,0,0,0,0,0,0,0,0,
"(io.debezium.performance.connector.mysql.parser.MySqlDdlParserPerf.legacy,c5ecff4be623abc7393cc67b706c94dce5db002f)",0,0,0,0,0,0,0,0,0,0,0,0,0,0,0,0,0,0,0,0,0,0,0,0,0,0,0,0,0,0,0,0,0,0,0,0,0,0,0,0,0,0,0,
"(io.debezium.performance.connector.mysql.parser.MySqlDdlParserPerf.antlr,90d2e24788956fa6f93c6d64f5e05dfb9102ae03)",0,0,0,0,0,0,0,0,0,0,0,0,0,0,0,0,0,0,0,0,0,0,0,0,0,0,0,0,0,0,0,0,0,0,0,0,0,0,0,0,0,0,0,
"(io.debezium.performance.core.FilterSmtPerf.java,90d2e24788956fa6f93c6d64f5e05dfb9102ae03)",0,0,0,0,0,0,0,0,0,0,0,0,0,0,0,0,0,0,0,0,0,0,0,0,0,0,0,0,0,0,0,0,0,0,0,0,0,0,0,0,0,0,0,
"(io.debezium.performance.core.FilterSmtPerf.javascript,90d2e24788956fa6f93c6d64f5e05dfb9102ae03)",0,0,0,0,0,0,0,0,0,0,0,0,0,0,0,0,0,0,0,0,0,0,0,0,0,0,0,0,0,0,0,0,0,0,0,0,0,0,0,0,0,0,0,
"(io.debezium.performance.core.FilterSmtPerf.groovy,90d2e24788956fa6f93c6d64f5e05dfb9102ae03)",0,0,0,0,0,0,0,0,0,0,0,0,0,0,0,0,0,0,0,0,0,0,0,0,0,0,0,0,0,0,0,0,0,0,0,0,0,0,0,0,0,0,0,
"(io.debezium.performance.core.SmtOverheadPerf.base,971635626d2007b3708f45542b9b609c121e2c32)",0,0,0,0,0,0,0,0,0,0,0,0,0,0,0,0,0,0,0,0,0,0,0,0,0,0,0,0,0,0,0,0,0,0,0,0,0,0,0,0,0,0,0,
"(io.debezium.performance.core.FilterSmtPerf.javascript,971635626d2007b3708f45542b9b609c121e2c32)",0,0,0,0,0,0,0,0,0,0,0,0,0,0,0,0,0,0,0,0,0,0,0,0,0,0,0,0,0,0,0,0,0,0,0,0,0,0,0,0,0,0,0,
"(io.debezium.performance.core.FilterSmtPerf.groovy,971635626d2007b3708f45542b9b609c121e2c32)",0,0,0,0,0,0,0,0,0,0,0,0,0,0,0,0,0,0,0,0,0,0,0,0,0,0,0,0,0,0,0,0,0,0,0,0,0,0,0,0,0,0,0,
"(io.debezium.performance.core.SmtOverheadPerf.noop,971635626d2007b3708f45542b9b609c121e2c32)",0,0,0,0,0,0,0,0,0,0,0,0,0,0,0,0,0,0,0,0,0,0,0,0,0,0,0,0,0,0,0,0,0,0,0,0,0,0,0,0,0,0,0,
"(io.debezium.performance.core.SmtOverheadPerf.newRecord,971635626d2007b3708f45542b9b609c121e2c32)",0,0,0,0,0,0,0,0,0,0,0,0,0,0,0,0,0,0,0,0,0,0,0,0,0,0,0,0,0,0,0,0,0,0,0,0,0,0,0,0,0,0,0,
"(io.debezium.performance.connector.mysql.parser.MySqlDdlParserPerf.antlr,971635626d2007b3708f45542b9b609c121e2c32)",0,0,0,0,0,0,0,0,0,0,0,0,0,0,0,0,0,0,0,0,0,0,0,0,0,0,0,0,0,0,0,0,0,0,0,0,0,0,0,0,0,0,0,
"(io.debezium.performance.core.FilterSmtPerf.java,971635626d2007b3708f45542b9b609c121e2c32)",0,0,0,0,0,0,0,0,0,0,0,0,0,0,0,0,0,0,0,0,0,0,0,0,0,0,0,0,0,0,0,0,0,0,0,0,0,0,0,0,0,0,0,
"(io.debezium.performance.connector.mysql.parser.MySqlDdlParserPerf.antlr,de20969fc369b43a474cc7aa938982029737eab8)",0,0,0,0,0,0,0,0,0,0,0,0,0,0,0,0,0,0,0,0,0,0,0,0,0,0,0,0,0,0,0,0,0,0,0,0,0,0,0,0,0,0,0,
"(io.debezium.performance.connector.mysql.parser.MySqlDdlParserPerf.legacy,de20969fc369b43a474cc7aa938982029737eab8)",0,0,0,0,0,0,0,0,0,0,0,0,0,0,0,0,0,0,0,0,0,0,0,0,0,0,0,0,0,0,0,0,0,0,0,0,0,0,0,0,0,0,0,
"(io.debezium.performance.connector.mysql.parser.MySqlDdlParserPerf.antlr,08ef1418d94f58cf932e8460cd8125ed0333fc6d)",0,0,0,0,0,0,0,0,0,0,0,0,0,0,0,0,0,0,0,0,0,0,0,0,0,0,0,0,0,0,0,0,0,0,0,0,0,0,0,0,0,0,0,
"(io.debezium.performance.connector.mysql.parser.MySqlDdlParserPerf.antlr,8e21139ca3ee140a07b99cbfb87b6a92b1253308)",0,0,0,0,0,0,0,0,0,0,0,0,0,0,0,0,0,0,0,0,0,0,0,0,0,0,0,0,0,0,0,0,0,0,0,0,0,0,0,0,0,0,0,
"(io.debezium.performance.connector.mysql.parser.MySqlDdlParserPerf.legacy,8e21139ca3ee140a07b99cbfb87b6a92b1253308)",0,0,0,0,0,0,0,0,0,0,0,0,0,0,0,0,0,0,0,0,0,0,0,0,0,0,0,0,0,0,0,0,0,0,0,0,0,0,0,0,0,0,0,
"(io.debezium.performance.connector.mysql.parser.MySqlDdlParserPerf.antlr,8a22b6666fbb9c98ec2d0bf4f95a3eb78720105f)",0,0,0,0,0,0,0,0,0,0,0,0,0,0,0,0,0,0,0,0,0,0,0,0,0,0,0,0,0,0,0,0,0,0,0,0,0,0,0,0,0,0,0,
"(io.debezium.performance.connector.mysql.parser.MySqlDdlParserPerf.legacy,8a22b6666fbb9c98ec2d0bf4f95a3eb78720105f)",0,0,0,0,0,0,0,0,0,0,0,0,0,0,0,0,0,0,0,0,0,0,0,0,0,0,0,0,0,0,0,0,0,0,0,0,0,0,0,0,0,0,0,
"(io.debezium.performance.connector.mysql.parser.MySqlDdlParserPerf.antlr,80855ae2c162f26b344ab266c9526656e797ea64)",0,0,0,0,0,0,0,0,0,0,0,0,0,0,0,0,0,0,0,0,0,0,0,0,0,0,0,0,0,0,0,0,0,0,0,0,0,0,0,0,0,0,0,
"(io.debezium.performance.connector.mysql.parser.MySqlDdlParserPerf.legacy,80855ae2c162f26b344ab266c9526656e797ea64)",0,0,0,0,0,0,0,0,0,0,0,0,0,0,0,0,0,0,0,0,0,0,0,0,0,0,0,0,0,0,0,0,0,0,0,0,0,0,0,0,0,0,0,
"(io.debezium.performance.connector.mysql.parser.MySqlDdlParserPerf.antlr,efa22016a85fbab8b713976d064c059c1ca408a5)",0,0,0,0,0,0,0,0,0,0,0,0,0,0,0,0,0,0,0,0,0,0,0,0,0,0,0,0,0,0,0,0,0,0,0,0,0,0,0,0,0,0,0,
"(io.debezium.performance.connector.mysql.parser.MySqlDdlParserPerf.antlr,e2c74111ad7f958d6d0d64f89155f70ce8917c61)",0,0,0,0,0,0,0,0,0,0,0,0,0,0,0,0,0,0,0,0,0,0,0,0,0,0,0,0,0,0,0,0,0,0,0,0,0,0,0,0,0,0,0,
"(io.debezium.performance.connector.mysql.parser.MySqlDdlParserPerf.antlr,bbfbdf6fab1f77357b0ee2d10c9416aa21cd546a)",0,0,0,0,0,0,0,0,0,0,0,0,0,0,0,0,0,0,0,0,0,0,0,0,0,0,0,0,0,0,0,0,0,0,0,0,0,0,0,0,0,0,0,
"(io.debezium.performance.connector.mysql.parser.MySqlDdlParserPerf.legacy,bbfbdf6fab1f77357b0ee2d10c9416aa21cd546a)",0,0,0,0,0,0,0,0,0,0,0,0,0,0,0,0,0,0,0,0,0,0,0,0,0,0,0,0,0,0,0,0,0,0,0,0,0,0,0,0,0,0,0,
"(io.debezium.performance.core.SmtOverheadPerf.base,c74579c1df7a62ee0ea6796c01b0e692beb91f4c)",0,0,0,0,0,0,0,0,0,0,0,0,0,0,0,0,0,0,0,0,0,0,0,0,0,0,0,0,0,0,0,0,0,0,0,0,0,0,0,0,0,0,0,
"(io.debezium.performance.core.FilterSmtPerf.javascript,c74579c1df7a62ee0ea6796c01b0e692beb91f4c)",0,0,0,0,0,0,0,0,0,0,0,0,0,0,0,0,0,0,0,0,0,0,0,0,0,0,0,0,0,0,0,0,0,0,0,0,0,0,0,0,0,0,0,
"(io.debezium.performance.core.FilterSmtPerf.groovy,c74579c1df7a62ee0ea6796c01b0e692beb91f4c)",0,0,0,0,0,0,0,0,0,0,0,0,0,0,0,0,0,0,0,0,0,0,0,0,0,0,0,0,0,0,0,0,0,0,0,0,0,0,0,0,0,0,0,
"(io.debezium.performance.core.SmtOverheadPerf.noop,c74579c1df7a62ee0ea6796c01b0e692beb91f4c)",0,0,0,0,0,0,0,0,0,0,0,0,0,0,0,0,0,0,0,0,0,0,0,0,0,0,0,0,0,0,0,0,0,0,0,0,0,0,0,0,0,0,0,
"(io.debezium.performance.core.SmtOverheadPerf.newRecord,c74579c1df7a62ee0ea6796c01b0e692beb91f4c)",0,0,0,0,0,0,0,0,0,0,0,0,0,0,0,0,0,0,0,0,0,0,0,0,0,0,0,0,0,0,0,0,0,0,0,0,0,0,0,0,0,0,0,
"(io.debezium.performance.connector.mysql.parser.MySqlDdlParserPerf.antlr,c74579c1df7a62ee0ea6796c01b0e692beb91f4c)",0,0,0,0,0,0,0,0,0,0,0,0,0,0,0,0,0,0,0,0,0,0,0,0,0,0,0,0,0,0,0,0,0,0,0,0,0,0,0,0,0,0,0,
"(io.debezium.performance.core.FilterSmtPerf.java,c74579c1df7a62ee0ea6796c01b0e692beb91f4c)",0,0,0,0,0,0,0,0,0,0,0,0,0,0,0,0,0,0,0,0,0,0,0,0,0,0,0,0,0,0,0,0,0,0,0,0,0,0,0,0,0,0,0,
"(io.debezium.performance.connector.mysql.parser.MySqlDdlParserPerf.antlr,61ff10a771c562de2471e0f1a2b5866842ac24ab)",0,0,0,0,0,0,0,0,0,0,0,0,0,0,0,0,0,0,0,0,0,0,0,0,0,0,0,0,0,0,0,0,0,0,0,0,0,0,0,0,0,0,0,
"(io.debezium.performance.connector.mysql.parser.MySqlDdlParserPerf.legacy,61ff10a771c562de2471e0f1a2b5866842ac24ab)",0,0,0,0,0,0,0,0,0,0,0,0,0,0,0,0,0,0,0,0,0,0,0,0,0,0,0,0,0,0,0,0,0,0,0,0,0,0,0,0,0,0,0,
"(io.debezium.performance.connector.mysql.parser.MySqlDdlParserPerf.antlr,46de58ae757e4e3d851e62560d5e219170f75b8c)",0,0,0,0,0,0,0,0,0,0,0,0,0,0,0,0,0,0,0,0,0,0,0,0,0,0,0,0,0,0,0,0,0,0,0,0,0,0,0,0,0,0,0,
"(io.debezium.performance.connector.mysql.parser.MySqlDdlParserPerf.antlr,9b90f10331f92c61196f58d302f37ab02754bb08)",0,0,0,0,0,0,0,0,0,0,0,0,0,0,0,0,0,0,0,0,0,0,0,0,0,0,0,0,0,0,0,0,0,0,0,0,0,0,0,0,0,0,0,
"(io.debezium.performance.connector.mysql.parser.MySqlDdlParserPerf.legacy,9b90f10331f92c61196f58d302f37ab02754bb08)",0,0,0,0,0,0,0,0,0,0,0,0,0,0,0,0,0,0,0,0,0,0,0,0,0,0,0,0,0,0,0,0,0,0,0,0,0,0,0,0,0,0,0,
"(io.debezium.performance.connector.mysql.parser.MySqlDdlParserPerf.antlr,cf4db8c1a169ce1fb1b88e17f294f05916465b27)",0,0,0,0,0,0,0,0,0,0,0,0,0,0,0,0,0,0,0,0,0,0,0,0,0,0,0,0,0,0,0,0,0,0,0,0,0,0,0,0,0,0,0,
"(io.debezium.performance.connector.mysql.parser.MySqlDdlParserPerf.antlr,135e66dd0d48b84f5cf248fb073a5c0235c22c3a)",0,0,0,0,0,0,0,0,0,0,0,0,0,0,0,0,0,0,0,0,0,0,0,0,0,0,0,0,0,0,0,0,0,0,0,0,0,0,0,0,0,0,0,
"(io.debezium.performance.connector.mysql.parser.MySqlDdlParserPerf.antlr,c4f975bd0a04410ac8f4d7112f31ba3c95553885)",0,0,0,0,0,0,0,0,0,0,0,0,0,0,0,0,1,0,0,0,0,0,0,0,0,0,0,0,0,0,0,0,0,0,0,0,0,0,0,0,0,0,1,
"(io.debezium.performance.core.FilterSmtPerf.java,c4f975bd0a04410ac8f4d7112f31ba3c95553885)",0,0,0,0,0,0,0,0,0,0,0,0,0,0,0,0,0,0,0,0,0,0,0,0,0,0,0,0,0,0,0,0,0,0,0,0,0,0,0,0,0,0,0,
"(io.debezium.performance.core.FilterSmtPerf.javascript,c4f975bd0a04410ac8f4d7112f31ba3c95553885)",0,0,0,0,0,0,0,0,0,0,0,0,0,0,0,0,0,0,0,0,0,0,0,0,0,0,0,0,0,0,0,0,0,0,0,0,0,0,0,0,0,0,0,
"(io.debezium.performance.core.FilterSmtPerf.groovy,c4f975bd0a04410ac8f4d7112f31ba3c95553885)",0,0,0,0,0,0,0,0,0,0,0,0,0,0,0,0,0,0,0,0,0,0,0,0,0,0,0,0,0,0,0,0,0,0,0,0,0,0,0,0,0,0,0,
"(io.debezium.performance.connector.mysql.parser.MySqlDdlParserPerf.antlr,c74040058754709ce0dab36abad75260a9da122b)",0,0,0,0,0,0,0,0,0,0,0,0,0,0,0,0,0,0,0,0,0,0,0,0,0,0,0,0,0,0,0,0,0,0,0,0,0,0,0,0,0,0,0,
"(io.debezium.performance.connector.mysql.parser.MySqlDdlParserPerf.legacy,c74040058754709ce0dab36abad75260a9da122b)",0,0,0,0,0,0,0,0,0,0,0,0,0,0,0,0,0,0,0,0,0,0,0,0,0,0,0,0,0,0,0,0,0,0,0,0,0,0,0,0,0,0,0,
"(io.debezium.performance.connector.mysql.parser.MySqlDdlParserPerf.antlr,e7fd7acab8507831ff06bbf048068a917fe507a0)",0,0,0,0,0,0,0,0,0,0,0,0,0,0,0,0,0,0,0,0,0,0,0,0,0,0,0,0,0,0,0,0,0,0,0,0,0,0,0,0,0,0,0,
"(io.debezium.performance.connector.mysql.parser.MySqlDdlParserPerf.antlr,2a486ecfffc8cf5e96e1287ab82a0447f4a1ec23)",0,0,0,0,0,0,0,0,0,0,0,0,0,0,0,0,0,0,0,0,0,0,0,0,0,0,0,0,0,0,0,0,0,0,0,0,0,0,0,0,0,0,0,
"(io.debezium.performance.connector.mysql.parser.MySqlDdlParserPerf.legacy,2a486ecfffc8cf5e96e1287ab82a0447f4a1ec23)",0,0,0,0,0,0,0,0,0,0,0,0,0,0,0,0,0,0,0,0,0,0,0,0,0,0,0,0,0,0,0,0,0,0,0,0,0,0,0,0,0,0,0,
"(io.debezium.performance.core.SmtOverheadPerf.base,825ffe38480360f3743ebf727cbf5b6337376072)",0,0,0,0,0,0,0,0,0,0,0,0,0,0,0,0,0,0,0,0,0,0,0,0,0,0,0,0,0,0,0,0,0,0,0,0,0,0,0,0,0,0,0,
"(io.debezium.performance.core.FilterSmtPerf.javascript,825ffe38480360f3743ebf727cbf5b6337376072)",0,0,0,0,0,0,0,0,0,0,0,0,0,0,0,0,0,0,0,0,0,0,0,0,0,0,0,0,0,0,0,0,0,0,0,0,0,0,0,0,0,0,0,
"(io.debezium.performance.core.FilterSmtPerf.groovy,825ffe38480360f3743ebf727cbf5b6337376072)",0,0,0,0,0,0,0,0,0,0,0,0,0,0,0,0,0,0,0,0,0,0,0,0,0,0,0,0,0,0,0,0,0,0,0,0,0,0,0,0,0,0,0,
"(io.debezium.performance.core.SmtOverheadPerf.noop,825ffe38480360f3743ebf727cbf5b6337376072)",0,0,0,0,0,0,0,0,0,0,0,0,0,0,0,0,0,0,0,0,0,0,0,0,0,0,0,0,0,0,0,0,0,0,0,0,0,0,0,0,0,0,0,
"(io.debezium.performance.core.SmtOverheadPerf.newRecord,825ffe38480360f3743ebf727cbf5b6337376072)",0,0,0,0,0,0,0,0,0,0,0,0,0,0,0,0,0,0,0,0,0,0,0,0,0,0,0,0,0,0,0,0,0,0,0,0,0,0,0,0,0,0,0,
"(io.debezium.performance.connector.mysql.parser.MySqlDdlParserPerf.antlr,825ffe38480360f3743ebf727cbf5b6337376072)",0,0,0,0,0,0,0,0,0,0,0,0,0,0,0,0,0,0,0,0,0,0,0,0,0,0,0,0,0,0,0,0,0,0,0,0,0,0,0,0,0,0,0,
"(io.debezium.performance.core.FilterSmtPerf.java,825ffe38480360f3743ebf727cbf5b6337376072)",0,0,0,0,0,0,0,0,0,0,0,0,0,0,0,0,0,0,0,0,0,0,0,0,0,0,0,0,0,0,0,0,0,0,0,0,0,0,0,0,0,0,0,
"(io.debezium.performance.connector.mysql.parser.MySqlDdlParserPerf.antlr,46111505ed0cd318a2f353365a68d2c62c029099)",0,0,0,0,0,0,0,0,0,0,0,0,0,0,0,0,0,0,0,0,0,0,0,0,0,0,0,0,0,0,0,0,0,0,0,0,0,0,0,0,0,0,0,
"(io.debezium.performance.connector.mysql.parser.MySqlDdlParserPerf.legacy,46111505ed0cd318a2f353365a68d2c62c029099)",0,0,0,0,0,0,0,0,0,0,0,0,0,0,0,0,0,0,0,0,0,0,0,0,0,0,0,0,0,0,0,0,0,0,0,0,0,0,0,0,0,0,0,
"(io.debezium.performance.connector.mysql.parser.MySqlDdlParserPerf.antlr,f89fc0bb147c36327a3b4a2aa9a98a56c044f823)",0,0,0,0,0,0,0,0,0,0,0,0,0,0,0,0,0,0,0,0,0,0,0,0,0,0,0,0,0,0,0,0,0,0,0,0,0,0,0,0,0,0,0,
"(io.debezium.performance.connector.mysql.parser.MySqlDdlParserPerf.legacy,f89fc0bb147c36327a3b4a2aa9a98a56c044f823)",0,0,0,0,0,0,0,0,0,0,0,0,0,0,0,0,0,0,0,0,0,0,0,0,0,0,0,0,0,0,0,0,0,0,0,0,0,0,0,0,0,0,0,
"(io.debezium.performance.connector.mysql.parser.MySqlDdlParserPerf.antlr,38df24a76bf5184228c2f79ec0c86ef1b280426b)",0,0,0,0,0,0,0,0,0,0,0,0,0,0,0,0,0,0,0,0,0,0,0,0,0,0,0,0,0,0,0,0,0,0,0,0,0,0,0,0,0,0,0,
"(io.debezium.performance.core.SmtOverheadPerf.base,c54e377dd23234c53125d8ab668dab9cde247276)",0,0,0,0,0,0,0,0,0,0,0,0,0,0,0,0,0,0,0,0,0,0,0,0,0,0,0,0,0,0,0,0,0,0,0,0,0,0,0,0,0,0,0,
"(io.debezium.performance.core.FilterSmtPerf.javascript,c54e377dd23234c53125d8ab668dab9cde247276)",0,0,0,0,0,0,0,0,0,0,0,0,0,0,0,0,0,0,0,0,0,0,0,0,0,0,0,0,0,0,0,0,0,0,0,0,0,0,0,0,0,0,0,
"(io.debezium.performance.core.FilterSmtPerf.groovy,c54e377dd23234c53125d8ab668dab9cde247276)",0,0,0,0,0,0,0,0,0,0,0,0,0,0,0,0,0,0,0,0,0,0,0,0,0,0,0,0,0,0,0,0,0,0,0,0,0,0,0,0,0,0,0,
"(io.debezium.performance.core.SmtOverheadPerf.noop,c54e377dd23234c53125d8ab668dab9cde247276)",0,0,0,0,0,0,0,0,0,0,0,0,0,0,0,0,0,0,0,0,0,0,0,0,0,0,0,0,0,0,0,0,0,0,0,0,0,0,0,0,0,0,0,
"(io.debezium.performance.core.SmtOverheadPerf.newRecord,c54e377dd23234c53125d8ab668dab9cde247276)",0,0,0,0,0,0,0,0,0,0,0,0,0,0,0,0,0,0,0,0,0,0,0,0,0,0,0,0,0,0,0,0,0,0,0,0,0,0,0,0,0,0,0,
"(io.debezium.performance.connector.mysql.parser.MySqlDdlParserPerf.antlr,c54e377dd23234c53125d8ab668dab9cde247276)",0,0,0,0,0,0,0,0,0,0,0,0,0,0,0,0,0,0,0,0,0,0,0,0,0,0,0,0,0,0,0,0,0,0,0,0,0,0,0,0,0,0,0,
"(io.debezium.performance.core.FilterSmtPerf.java,c54e377dd23234c53125d8ab668dab9cde247276)",0,0,0,0,0,0,0,0,0,0,0,0,0,0,0,0,0,0,0,0,0,0,0,0,0,0,0,0,0,0,0,0,0,0,0,0,0,0,0,0,0,0,0,
"(io.debezium.performance.connector.mysql.parser.MySqlDdlParserPerf.antlr,3a4788cc333e397c573e5228e573ed6e98670faa)",0,0,0,0,0,0,0,0,0,0,0,0,0,0,0,0,0,0,0,0,0,0,0,0,0,0,0,0,0,0,0,0,0,0,0,0,0,0,0,0,0,0,0,
"(io.debezium.performance.connector.mysql.parser.MySqlDdlParserPerf.antlr,4e27c90028e2c5e0896bc82e8a4422fab711269d)",0,0,0,0,0,0,0,0,0,0,0,0,0,0,0,0,0,0,0,0,0,0,0,0,0,0,0,0,0,0,0,0,0,0,0,0,0,0,0,0,0,0,0,
