"(Benchmark_method, commit)",Add Method Annotation,Add Parameter,Change Variable Type,Merge Variable,Extract Class,Move Method,Move Attribute,Change Return Type,Change Attribute Type,Inline Variable,Change Parameter Type,Extract Variable,Move Class,Remove Parameter,Extract Interface,Extract Attribute,Inline Method,Extract Method,Replace Variable With Attribute,Add Attribute Annotation,Remove Attribute Annotation,Pull Up Attribute,Move And Inline Method,Extract And Move Method,Parameterize Variable,Modify Method Annotation,Remove Method Annotation,Merge Parameter,Extract Subclass,Push Down Method,Push Down Attribute,Extract Superclass,Split Attribute,Remove Class Annotation,Add Class Annotation,Pull Up Method,Split Parameter,Merge Attribute,Change Package,Reorder Parameter,Add Parameter Annotation,Remove Parameter Annotation,Modify Attribute Annotation,sum,delta
"(com.iota.iri.benchmarks.dbbenchmark.RocksDbBenchmark.dropAll,739ea7a6d47a9133ca3213b411c90d57f19fd630)",0,0,0,0,0,0,0,0,0,0,0,0,0,0,0,0,0,0,0,0,0,0,0,0,0,0,0,0,0,0,0,0,0,0,0,0,0,0,0,0,0,0,0,0,
"(com.iota.iri.benchmarks.dbbenchmark.RocksDbBenchmark.deleteBatch,739ea7a6d47a9133ca3213b411c90d57f19fd630)",0,0,0,0,0,0,0,0,0,0,0,0,0,0,0,0,0,0,0,0,0,0,0,0,0,0,0,0,0,0,0,0,0,0,0,0,0,0,0,0,0,0,0,0,
"(com.iota.iri.benchmarks.crypto.CurlBenchmark.pairCurl,739ea7a6d47a9133ca3213b411c90d57f19fd630)",0,0,0,0,0,0,0,0,0,0,0,0,0,0,0,0,0,0,0,0,0,0,0,0,0,0,0,0,0,0,0,0,0,0,0,0,0,0,0,0,0,0,0,0,
"(com.iota.iri.benchmarks.crypto.CurlBenchmark.curl,739ea7a6d47a9133ca3213b411c90d57f19fd630)",0,0,0,0,0,0,0,0,0,0,0,0,0,0,0,0,0,0,0,0,0,0,0,0,0,0,0,0,0,0,0,0,0,0,0,0,0,0,0,0,0,0,0,0,
"(com.iota.iri.benchmarks.crypto.PearlDiverBenchmark.search,739ea7a6d47a9133ca3213b411c90d57f19fd630)",0,0,0,0,0,0,0,0,0,0,0,0,0,0,0,0,0,0,0,0,0,0,0,0,0,0,0,0,0,0,0,0,0,0,0,0,0,0,0,0,0,0,0,0,
"(com.iota.iri.benchmarks.dbbenchmark.RocksDbBenchmark.deleteOneByOne,739ea7a6d47a9133ca3213b411c90d57f19fd630)",0,0,0,0,0,0,0,0,0,0,0,0,0,0,0,0,0,0,0,0,0,0,0,0,0,0,0,0,0,0,0,0,0,0,0,0,0,0,0,0,0,0,0,0,
"(com.iota.iri.benchmarks.dbbenchmark.RocksDbBenchmark.fetchOneByOne,739ea7a6d47a9133ca3213b411c90d57f19fd630)",0,0,0,0,0,0,0,0,0,0,0,0,0,0,0,0,0,0,0,0,0,0,0,0,0,0,0,0,0,0,0,0,0,0,0,0,0,0,0,0,0,0,0,0,
"(com.iota.iri.benchmarks.dbbenchmark.RocksDbBenchmark.persistOneByOne,739ea7a6d47a9133ca3213b411c90d57f19fd630)",0,0,0,0,0,0,0,0,0,0,0,0,0,0,0,0,0,0,0,0,0,0,0,0,0,0,0,0,0,0,0,0,0,0,0,0,0,0,0,0,0,0,0,0,
"(com.iota.iri.benchmarks.dbbenchmark.RocksDbBenchmark.dropAll,edfb922fd3f7dc88625e1caacd886798c39753d2)",0,0,0,0,0,0,0,0,0,0,0,0,0,0,0,0,0,0,0,0,0,0,0,0,0,0,0,0,0,0,0,0,0,0,0,0,0,0,0,0,0,0,0,0,
"(com.iota.iri.benchmarks.dbbenchmark.RocksDbBenchmark.deleteBatch,edfb922fd3f7dc88625e1caacd886798c39753d2)",0,0,0,0,0,0,0,0,0,0,0,0,0,0,0,0,0,0,0,0,0,0,0,0,0,0,0,0,0,0,0,0,0,0,0,0,0,0,0,0,0,0,0,0,
"(com.iota.iri.benchmarks.dbbenchmark.RocksDbBenchmark.deleteOneByOne,edfb922fd3f7dc88625e1caacd886798c39753d2)",0,0,0,0,0,0,0,0,0,0,0,0,0,0,0,0,0,0,0,0,0,0,0,0,0,0,0,0,0,0,0,0,0,0,0,0,0,0,0,0,0,0,0,0,
"(com.iota.iri.benchmarks.dbbenchmark.RocksDbBenchmark.fetchOneByOne,edfb922fd3f7dc88625e1caacd886798c39753d2)",0,0,0,0,0,0,0,0,0,0,0,0,0,0,0,0,0,0,0,0,0,0,0,0,0,0,0,0,0,0,0,0,0,0,0,0,0,0,0,0,0,0,0,0,
"(com.iota.iri.benchmarks.dbbenchmark.RocksDbBenchmark.persistOneByOne,edfb922fd3f7dc88625e1caacd886798c39753d2)",0,0,0,0,0,0,0,0,0,0,0,0,0,0,0,0,0,0,0,0,0,0,0,0,0,0,0,0,0,0,0,0,0,0,0,0,0,0,0,0,0,0,0,0,
"(com.iota.iri.benchmarks.dbbenchmark.RocksDbBenchmark.dropAll,28067af71bd902b673f1a84f24eee44874734d6b)",0,0,0,0,0,0,0,0,0,0,0,0,0,0,0,0,0,0,0,0,0,0,0,0,0,0,0,0,0,0,0,0,0,0,0,0,0,0,0,0,0,0,0,0,
"(com.iota.iri.benchmarks.dbbenchmark.RocksDbBenchmark.deleteBatch,28067af71bd902b673f1a84f24eee44874734d6b)",0,0,0,0,0,0,0,0,0,0,0,0,0,0,0,0,0,0,0,0,0,0,0,0,0,0,0,0,0,0,0,0,0,0,0,0,0,0,0,0,0,0,0,0,
"(com.iota.iri.benchmarks.crypto.CurlBenchmark.pairCurl,28067af71bd902b673f1a84f24eee44874734d6b)",0,0,0,0,0,0,0,0,0,0,0,0,0,0,0,0,0,0,0,0,0,0,0,0,0,0,0,0,0,0,0,0,0,0,0,0,0,0,0,0,0,0,0,0,
"(com.iota.iri.benchmarks.crypto.CurlBenchmark.curl,28067af71bd902b673f1a84f24eee44874734d6b)",0,0,0,0,0,0,0,0,0,0,0,0,0,0,0,0,0,0,0,0,0,0,0,0,0,0,0,0,0,0,0,0,0,0,0,0,0,0,0,0,0,0,0,0,
"(com.iota.iri.benchmarks.crypto.PearlDiverBenchmark.search,28067af71bd902b673f1a84f24eee44874734d6b)",0,0,0,0,0,0,0,0,0,0,0,0,0,0,0,0,0,0,0,0,0,0,0,0,0,0,0,0,0,0,0,0,0,0,0,0,0,0,0,0,0,0,0,0,
"(com.iota.iri.benchmarks.dbbenchmark.RocksDbBenchmark.deleteOneByOne,28067af71bd902b673f1a84f24eee44874734d6b)",0,0,0,0,0,0,0,0,0,0,0,0,0,0,0,0,0,0,0,0,0,0,0,0,0,0,0,0,0,0,0,0,0,0,0,0,0,0,0,0,0,0,0,0,
"(com.iota.iri.benchmarks.dbbenchmark.RocksDbBenchmark.fetchOneByOne,28067af71bd902b673f1a84f24eee44874734d6b)",0,0,0,0,0,0,0,0,0,0,0,0,0,0,0,0,0,0,0,0,0,0,0,0,0,0,0,0,0,0,0,0,0,0,0,0,0,0,0,0,0,0,0,0,
"(com.iota.iri.benchmarks.dbbenchmark.RocksDbBenchmark.persistOneByOne,28067af71bd902b673f1a84f24eee44874734d6b)",0,0,0,0,0,0,0,0,0,0,0,0,0,0,0,0,0,0,0,0,0,0,0,0,0,0,0,0,0,0,0,0,0,0,0,0,0,0,0,0,0,0,0,0,
"(com.iota.iri.benchmarks.dbbenchmark.RocksDbBenchmark.dropAll,24d37940114357595bc91d9ba431eeca47c5af1a)",0,0,0,0,0,0,0,0,0,0,0,0,0,0,0,0,0,0,0,0,0,0,0,0,0,0,0,0,0,0,0,0,0,0,0,0,0,0,0,0,0,0,0,0,
"(com.iota.iri.benchmarks.dbbenchmark.RocksDbBenchmark.deleteBatch,24d37940114357595bc91d9ba431eeca47c5af1a)",0,0,0,0,0,0,0,0,0,0,0,0,0,0,0,0,0,0,0,0,0,0,0,0,0,0,0,0,0,0,0,0,0,0,0,0,0,0,0,0,0,0,0,0,
"(com.iota.iri.benchmarks.crypto.CurlBenchmark.pairCurl,24d37940114357595bc91d9ba431eeca47c5af1a)",0,0,0,0,0,0,0,0,0,0,0,0,0,0,0,0,0,0,0,0,0,0,0,0,0,0,0,0,0,0,0,0,0,0,0,0,0,0,0,0,0,0,0,0,
"(com.iota.iri.benchmarks.crypto.CurlBenchmark.curl,24d37940114357595bc91d9ba431eeca47c5af1a)",0,0,0,0,0,0,0,0,0,0,0,0,0,0,0,0,0,0,0,0,0,0,0,0,0,0,0,0,0,0,0,0,0,0,0,0,0,0,0,0,0,0,0,0,
"(com.iota.iri.benchmarks.crypto.PearlDiverBenchmark.search,24d37940114357595bc91d9ba431eeca47c5af1a)",0,0,0,0,0,0,0,0,0,0,0,0,0,0,0,0,0,0,0,0,0,0,0,0,0,0,0,0,0,0,0,0,0,0,0,0,0,0,0,0,0,0,0,0,
"(com.iota.iri.benchmarks.dbbenchmark.RocksDbBenchmark.deleteOneByOne,24d37940114357595bc91d9ba431eeca47c5af1a)",0,0,0,0,0,0,0,0,0,0,0,0,0,0,0,0,0,0,0,0,0,0,0,0,0,0,0,0,0,0,0,0,0,0,0,0,0,0,0,0,0,0,0,0,
"(com.iota.iri.benchmarks.dbbenchmark.RocksDbBenchmark.fetchOneByOne,24d37940114357595bc91d9ba431eeca47c5af1a)",0,0,0,0,0,0,0,0,0,0,0,0,0,0,0,0,0,0,0,0,0,0,0,0,0,0,0,0,0,0,0,0,0,0,0,0,0,0,0,0,0,0,0,0,
"(com.iota.iri.benchmarks.dbbenchmark.RocksDbBenchmark.persistOneByOne,24d37940114357595bc91d9ba431eeca47c5af1a)",0,0,0,0,0,0,0,0,0,0,0,0,0,0,0,0,0,0,0,0,0,0,0,0,0,0,0,0,0,0,0,0,0,0,0,0,0,0,0,0,0,0,0,0,
"(com.iota.iri.benchmarks.dbbenchmark.RocksDbBenchmark.dropAll,39df117cdd41a16f4147cdbad1eb070cbb9642d3)",0,0,0,0,0,0,0,0,0,0,0,0,0,0,0,0,0,0,0,0,0,0,0,0,0,0,0,0,0,0,0,0,0,0,0,0,0,0,0,0,0,0,0,0,
"(com.iota.iri.benchmarks.dbbenchmark.RocksDbBenchmark.deleteBatch,39df117cdd41a16f4147cdbad1eb070cbb9642d3)",0,0,0,0,0,0,0,0,0,0,0,0,0,0,0,0,0,0,0,0,0,0,0,0,0,0,0,0,0,0,0,0,0,0,0,0,0,0,0,0,0,0,0,0,
"(com.iota.iri.benchmarks.crypto.CurlBenchmark.pairCurl,39df117cdd41a16f4147cdbad1eb070cbb9642d3)",0,0,0,0,0,0,0,0,0,0,0,0,0,0,0,0,0,0,0,0,0,0,0,0,0,0,0,0,0,0,0,0,0,0,0,0,0,0,0,0,0,0,0,0,
"(com.iota.iri.benchmarks.crypto.CurlBenchmark.curl,39df117cdd41a16f4147cdbad1eb070cbb9642d3)",0,0,0,0,0,0,0,0,0,0,0,0,0,0,0,0,0,0,0,0,0,0,0,0,0,0,0,0,0,0,0,0,0,0,0,0,0,0,0,0,0,0,0,0,
"(com.iota.iri.benchmarks.crypto.PearlDiverBenchmark.search,39df117cdd41a16f4147cdbad1eb070cbb9642d3)",0,0,0,0,0,0,0,0,0,0,0,0,0,0,0,0,0,0,0,0,0,0,0,0,0,0,0,0,0,0,0,0,0,0,0,0,0,0,0,0,0,0,0,0,
"(com.iota.iri.benchmarks.dbbenchmark.RocksDbBenchmark.deleteOneByOne,39df117cdd41a16f4147cdbad1eb070cbb9642d3)",0,0,0,0,0,0,0,0,0,0,0,0,0,0,0,0,0,0,0,0,0,0,0,0,0,0,0,0,0,0,0,0,0,0,0,0,0,0,0,0,0,0,0,0,
"(com.iota.iri.benchmarks.dbbenchmark.RocksDbBenchmark.fetchOneByOne,39df117cdd41a16f4147cdbad1eb070cbb9642d3)",0,0,0,0,0,0,0,0,0,0,0,0,0,0,0,0,0,0,0,0,0,0,0,0,0,0,0,0,0,0,0,0,0,0,0,0,0,0,0,0,0,0,0,0,
"(com.iota.iri.benchmarks.dbbenchmark.RocksDbBenchmark.persistOneByOne,39df117cdd41a16f4147cdbad1eb070cbb9642d3)",0,0,0,0,0,0,0,0,0,0,0,0,0,0,0,0,0,0,0,0,0,0,0,0,0,0,0,0,0,0,0,0,0,0,0,0,0,0,0,0,0,0,0,0,
"(com.iota.iri.benchmarks.dbbenchmark.RocksDbBenchmark.dropAll,6828cc4eb10ac0074b5bfcd53acad863fb93a32a)",0,0,0,0,0,0,0,0,0,0,0,0,0,0,0,0,0,0,0,0,0,0,0,0,0,0,0,0,0,0,0,0,0,0,0,0,0,0,0,0,0,0,0,0,
"(com.iota.iri.benchmarks.dbbenchmark.RocksDbBenchmark.deleteBatch,6828cc4eb10ac0074b5bfcd53acad863fb93a32a)",0,0,0,0,0,0,0,0,0,0,0,0,0,0,0,0,0,0,0,0,0,0,0,0,0,0,0,0,0,0,0,0,0,0,0,0,0,0,0,0,0,0,0,0,
"(com.iota.iri.benchmarks.crypto.CurlBenchmark.pairCurl,6828cc4eb10ac0074b5bfcd53acad863fb93a32a)",0,0,0,0,0,0,0,0,0,0,0,0,0,0,0,0,0,0,0,0,0,0,0,0,0,0,0,0,0,0,0,0,0,0,0,0,0,0,0,0,0,0,0,0,
"(com.iota.iri.benchmarks.crypto.CurlBenchmark.curl,6828cc4eb10ac0074b5bfcd53acad863fb93a32a)",0,0,0,0,0,0,0,0,0,0,0,0,0,0,0,0,0,0,0,0,0,0,0,0,0,0,0,0,0,0,0,0,0,0,0,0,0,0,0,0,0,0,0,0,
"(com.iota.iri.benchmarks.crypto.PearlDiverBenchmark.search,6828cc4eb10ac0074b5bfcd53acad863fb93a32a)",0,0,0,0,0,0,0,0,0,0,0,0,0,0,0,0,0,0,0,0,0,0,0,0,0,0,0,0,0,0,0,0,0,0,0,0,0,0,0,0,0,0,0,0,
"(com.iota.iri.benchmarks.dbbenchmark.RocksDbBenchmark.deleteOneByOne,6828cc4eb10ac0074b5bfcd53acad863fb93a32a)",0,0,0,0,0,0,0,0,0,0,0,0,0,0,0,0,0,0,0,0,0,0,0,0,0,0,0,0,0,0,0,0,0,0,0,0,0,0,0,0,0,0,0,0,
"(com.iota.iri.benchmarks.dbbenchmark.RocksDbBenchmark.fetchOneByOne,6828cc4eb10ac0074b5bfcd53acad863fb93a32a)",0,0,0,0,0,0,0,0,0,0,0,0,0,0,0,0,0,0,0,0,0,0,0,0,0,0,0,0,0,0,0,0,0,0,0,0,0,0,0,0,0,0,0,0,
"(com.iota.iri.benchmarks.dbbenchmark.RocksDbBenchmark.persistOneByOne,6828cc4eb10ac0074b5bfcd53acad863fb93a32a)",0,0,0,0,0,0,0,0,0,0,0,0,0,0,0,0,0,0,0,0,0,0,0,0,0,0,0,0,0,0,0,0,0,0,0,0,0,0,0,0,0,0,0,0,
"(com.iota.iri.benchmarks.dbbenchmark.RocksDbBenchmark.dropAll,1553514f19cbfcd4147df2897ed0a686cc60bd91)",0,0,0,0,0,0,0,0,0,0,0,0,0,0,0,0,0,0,0,0,0,0,0,0,0,0,0,0,0,0,0,0,0,0,0,0,0,0,0,0,0,0,0,0,
"(com.iota.iri.benchmarks.dbbenchmark.RocksDbBenchmark.deleteBatch,1553514f19cbfcd4147df2897ed0a686cc60bd91)",0,0,0,0,0,0,0,0,0,0,0,0,0,0,0,0,0,0,0,0,0,0,0,0,0,0,0,0,0,0,0,0,0,0,0,0,0,0,0,0,0,0,0,0,
"(com.iota.iri.benchmarks.dbbenchmark.RocksDbBenchmark.deleteOneByOne,1553514f19cbfcd4147df2897ed0a686cc60bd91)",0,0,0,0,0,0,0,0,0,0,0,0,0,0,0,0,0,0,0,0,0,0,0,0,0,0,0,0,0,0,0,0,0,0,0,0,0,0,0,0,0,0,0,0,
"(com.iota.iri.benchmarks.dbbenchmark.RocksDbBenchmark.fetchOneByOne,1553514f19cbfcd4147df2897ed0a686cc60bd91)",0,0,0,0,0,0,0,0,0,0,0,0,0,0,0,0,0,0,0,0,0,0,0,0,0,0,0,0,0,0,0,0,0,0,0,0,0,0,0,0,0,0,0,0,
"(com.iota.iri.benchmarks.dbbenchmark.RocksDbBenchmark.persistOneByOne,1553514f19cbfcd4147df2897ed0a686cc60bd91)",0,0,0,0,0,0,0,0,0,0,0,0,0,0,0,0,0,0,0,0,0,0,0,0,0,0,0,0,0,0,0,0,0,0,0,0,0,0,0,0,0,0,0,0,
"(com.iota.iri.benchmarks.dbbenchmark.RocksDbBenchmark.dropAll,e725213329a0307a16d8b67f3d93795bed5ad6f4)",0,0,0,0,0,0,0,0,0,0,0,0,0,0,0,0,0,0,0,0,0,0,0,0,0,0,0,0,0,0,0,0,0,0,0,0,0,0,0,0,0,0,0,0,
"(com.iota.iri.benchmarks.dbbenchmark.RocksDbBenchmark.deleteBatch,e725213329a0307a16d8b67f3d93795bed5ad6f4)",0,0,0,0,0,0,0,0,0,0,0,0,0,0,0,0,0,0,0,0,0,0,0,0,0,0,0,0,0,0,0,0,0,0,0,0,0,0,0,0,0,0,0,0,
"(com.iota.iri.benchmarks.crypto.CurlBenchmark.pairCurl,e725213329a0307a16d8b67f3d93795bed5ad6f4)",0,0,0,0,0,0,0,0,0,0,0,0,0,0,0,0,0,0,0,0,0,0,0,0,0,0,0,0,0,0,0,0,0,0,0,0,0,0,0,0,0,0,0,0,
"(com.iota.iri.benchmarks.crypto.CurlBenchmark.curl,e725213329a0307a16d8b67f3d93795bed5ad6f4)",0,0,0,0,0,0,0,0,0,0,0,0,0,0,0,0,0,0,0,0,0,0,0,0,0,0,0,0,0,0,0,0,0,0,0,0,0,0,0,0,0,0,0,0,
"(com.iota.iri.benchmarks.crypto.PearlDiverBenchmark.search,e725213329a0307a16d8b67f3d93795bed5ad6f4)",0,0,0,0,0,0,0,0,0,0,0,0,0,0,0,0,0,0,0,0,0,0,0,0,0,0,0,0,0,0,0,0,0,0,0,0,0,0,0,0,0,0,0,0,
"(com.iota.iri.benchmarks.dbbenchmark.RocksDbBenchmark.deleteOneByOne,e725213329a0307a16d8b67f3d93795bed5ad6f4)",0,0,0,0,0,0,0,0,0,0,0,0,0,0,0,0,0,0,0,0,0,0,0,0,0,0,0,0,0,0,0,0,0,0,0,0,0,0,0,0,0,0,0,0,
"(com.iota.iri.benchmarks.dbbenchmark.RocksDbBenchmark.fetchOneByOne,e725213329a0307a16d8b67f3d93795bed5ad6f4)",0,0,0,0,0,0,0,0,0,0,0,0,0,0,0,0,0,0,0,0,0,0,0,0,0,0,0,0,0,0,0,0,0,0,0,0,0,0,0,0,0,0,0,0,
"(com.iota.iri.benchmarks.dbbenchmark.RocksDbBenchmark.persistOneByOne,e725213329a0307a16d8b67f3d93795bed5ad6f4)",0,0,0,0,0,0,0,0,0,0,0,0,0,0,0,0,0,0,0,0,0,0,0,0,0,0,0,0,0,0,0,0,0,0,0,0,0,0,0,0,0,0,0,0,
"(com.iota.iri.benchmarks.dbbenchmark.RocksDbBenchmark.dropAll,7a6d6b6d647bd9fa395e8038651bba4978ec96de)",0,0,0,0,0,0,0,0,0,0,0,0,0,0,0,0,0,0,0,0,0,0,0,0,0,0,0,0,0,0,0,0,0,0,0,0,0,0,0,0,0,0,0,0,
"(com.iota.iri.benchmarks.dbbenchmark.RocksDbBenchmark.deleteBatch,7a6d6b6d647bd9fa395e8038651bba4978ec96de)",0,0,0,0,0,0,0,0,0,0,0,0,0,0,0,0,0,0,0,0,0,0,0,0,0,0,0,0,0,0,0,0,0,0,0,0,0,0,0,0,0,0,0,0,
"(com.iota.iri.benchmarks.dbbenchmark.RocksDbBenchmark.deleteOneByOne,7a6d6b6d647bd9fa395e8038651bba4978ec96de)",0,0,0,0,0,0,0,0,0,0,0,0,0,0,0,0,0,0,0,0,0,0,0,0,0,0,0,0,0,0,0,0,0,0,0,0,0,0,0,0,0,0,0,0,
"(com.iota.iri.benchmarks.dbbenchmark.RocksDbBenchmark.fetchOneByOne,7a6d6b6d647bd9fa395e8038651bba4978ec96de)",0,0,0,0,0,0,0,0,0,0,0,0,0,0,0,0,0,0,0,0,0,0,0,0,0,0,0,0,0,0,0,0,0,0,0,0,0,0,0,0,0,0,0,0,
"(com.iota.iri.benchmarks.dbbenchmark.RocksDbBenchmark.persistOneByOne,7a6d6b6d647bd9fa395e8038651bba4978ec96de)",0,0,0,0,0,0,0,0,0,0,0,0,0,0,0,0,0,0,0,0,0,0,0,0,0,0,0,0,0,0,0,0,0,0,0,0,0,0,0,0,0,0,0,0,
"(com.iota.iri.benchmarks.dbbenchmark.RocksDbBenchmark.dropAll,f00a3e6d9153ec7464a19c294b021beb0c6fe4b4)",0,0,0,0,0,0,0,0,0,0,0,0,0,0,0,0,0,0,0,0,0,0,0,0,0,0,0,0,0,0,0,0,0,0,0,0,0,0,0,0,0,0,0,0,
"(com.iota.iri.benchmarks.dbbenchmark.RocksDbBenchmark.deleteBatch,f00a3e6d9153ec7464a19c294b021beb0c6fe4b4)",0,0,0,0,0,0,0,0,0,0,0,0,0,0,0,0,0,0,0,0,0,0,0,0,0,0,0,0,0,0,0,0,0,0,0,0,0,0,0,0,0,0,0,0,
"(com.iota.iri.benchmarks.crypto.CurlBenchmark.pairCurl,f00a3e6d9153ec7464a19c294b021beb0c6fe4b4)",0,0,0,0,0,0,0,0,0,0,0,0,0,0,0,0,0,0,0,0,0,0,0,0,0,0,0,0,0,0,0,0,0,0,0,0,0,0,0,0,0,0,0,0,
"(com.iota.iri.benchmarks.crypto.CurlBenchmark.curl,f00a3e6d9153ec7464a19c294b021beb0c6fe4b4)",0,0,0,0,0,0,0,0,0,0,0,0,0,0,0,0,0,0,0,0,0,0,0,0,0,0,0,0,0,0,0,0,0,0,0,0,0,0,0,0,0,0,0,0,
"(com.iota.iri.benchmarks.crypto.PearlDiverBenchmark.search,f00a3e6d9153ec7464a19c294b021beb0c6fe4b4)",0,0,0,0,0,0,0,0,0,0,0,0,0,0,0,0,0,0,0,0,0,0,0,0,0,0,0,0,0,0,0,0,0,0,0,0,0,0,0,0,0,0,0,0,
"(com.iota.iri.benchmarks.dbbenchmark.RocksDbBenchmark.deleteOneByOne,f00a3e6d9153ec7464a19c294b021beb0c6fe4b4)",0,0,0,0,0,0,0,0,0,0,0,0,0,0,0,0,0,0,0,0,0,0,0,0,0,0,0,0,0,0,0,0,0,0,0,0,0,0,0,0,0,0,0,0,
"(com.iota.iri.benchmarks.dbbenchmark.RocksDbBenchmark.fetchOneByOne,f00a3e6d9153ec7464a19c294b021beb0c6fe4b4)",0,0,0,0,0,0,0,0,0,0,0,0,0,0,0,0,0,0,0,0,0,0,0,0,0,0,0,0,0,0,0,0,0,0,0,0,0,0,0,0,0,0,0,0,
"(com.iota.iri.benchmarks.dbbenchmark.RocksDbBenchmark.persistOneByOne,f00a3e6d9153ec7464a19c294b021beb0c6fe4b4)",0,0,0,0,0,0,0,0,0,0,0,0,0,0,0,0,0,0,0,0,0,0,0,0,0,0,0,0,0,0,0,0,0,0,0,0,0,0,0,0,0,0,0,0,
"(com.iota.iri.benchmarks.dbbenchmark.RocksDbBenchmark.dropAll,812acb55d3780669873ce1ee8f0daef2bec16a8a)",0,0,0,0,0,0,0,0,0,0,0,0,0,0,0,0,0,0,0,0,0,0,0,0,0,0,0,0,0,0,0,0,0,0,0,0,0,0,0,0,0,0,0,0,
"(com.iota.iri.benchmarks.dbbenchmark.RocksDbBenchmark.deleteBatch,812acb55d3780669873ce1ee8f0daef2bec16a8a)",0,0,0,0,0,0,0,0,0,0,0,0,0,0,0,0,0,0,0,0,0,0,0,0,0,0,0,0,0,0,0,0,0,0,0,0,0,0,0,0,0,0,0,0,
"(com.iota.iri.benchmarks.dbbenchmark.RocksDbBenchmark.deleteOneByOne,812acb55d3780669873ce1ee8f0daef2bec16a8a)",0,0,0,0,0,0,0,0,0,0,0,0,0,0,0,0,0,0,0,0,0,0,0,0,0,0,0,0,0,0,0,0,0,0,0,0,0,0,0,0,0,0,0,0,
"(com.iota.iri.benchmarks.dbbenchmark.RocksDbBenchmark.fetchOneByOne,812acb55d3780669873ce1ee8f0daef2bec16a8a)",0,0,0,0,0,0,0,0,0,0,0,0,0,0,0,0,0,0,0,0,0,0,0,0,0,0,0,0,0,0,0,0,0,0,0,0,0,0,0,0,0,0,0,0,
"(com.iota.iri.benchmarks.dbbenchmark.RocksDbBenchmark.persistOneByOne,812acb55d3780669873ce1ee8f0daef2bec16a8a)",0,0,0,0,0,0,0,0,0,0,0,0,0,0,0,0,0,0,0,0,0,0,0,0,0,0,0,0,0,0,0,0,0,0,0,0,0,0,0,0,0,0,0,0,
"(com.iota.iri.benchmarks.dbbenchmark.RocksDbBenchmark.dropAll,68874ccb925453fb4465f5ed4f528566ba82b15c)",0,0,0,0,0,0,0,0,0,0,0,0,0,0,0,0,0,0,0,0,0,0,0,0,0,0,0,0,0,0,0,0,0,0,0,0,0,0,0,0,0,0,0,0,
"(com.iota.iri.benchmarks.dbbenchmark.RocksDbBenchmark.deleteBatch,68874ccb925453fb4465f5ed4f528566ba82b15c)",0,0,0,0,0,0,0,0,0,0,0,0,0,0,0,0,0,0,0,0,0,0,0,0,0,0,0,0,0,0,0,0,0,0,0,0,0,0,0,0,0,0,0,0,
"(com.iota.iri.benchmarks.crypto.CurlBenchmark.pairCurl,68874ccb925453fb4465f5ed4f528566ba82b15c)",0,0,0,0,0,0,0,0,0,0,0,0,0,0,0,0,0,0,0,0,0,0,0,0,0,0,0,0,0,0,0,0,0,0,0,0,0,0,0,0,0,0,0,0,
"(com.iota.iri.benchmarks.crypto.CurlBenchmark.curl,68874ccb925453fb4465f5ed4f528566ba82b15c)",0,0,0,0,0,0,0,0,0,0,0,0,0,0,0,0,0,0,0,0,0,0,0,0,0,0,0,0,0,0,0,0,0,0,0,0,0,0,0,0,0,0,0,0,
"(com.iota.iri.benchmarks.crypto.PearlDiverBenchmark.search,68874ccb925453fb4465f5ed4f528566ba82b15c)",0,0,0,0,0,0,0,0,0,0,0,0,0,0,0,0,0,0,0,0,0,0,0,0,0,0,0,0,0,0,0,0,0,0,0,0,0,0,0,0,0,0,0,0,
"(com.iota.iri.benchmarks.dbbenchmark.RocksDbBenchmark.deleteOneByOne,68874ccb925453fb4465f5ed4f528566ba82b15c)",0,0,0,0,0,0,0,0,0,0,0,0,0,0,0,0,0,0,0,0,0,0,0,0,0,0,0,0,0,0,0,0,0,0,0,0,0,0,0,0,0,0,0,0,
"(com.iota.iri.benchmarks.dbbenchmark.RocksDbBenchmark.fetchOneByOne,68874ccb925453fb4465f5ed4f528566ba82b15c)",0,0,0,0,0,0,0,0,0,0,0,0,0,0,0,0,0,0,0,0,0,0,0,0,0,0,0,0,0,0,0,0,0,0,0,0,0,0,0,0,0,0,0,0,
"(com.iota.iri.benchmarks.dbbenchmark.RocksDbBenchmark.persistOneByOne,68874ccb925453fb4465f5ed4f528566ba82b15c)",0,0,0,0,0,0,0,0,0,0,0,0,0,0,0,0,0,0,0,0,0,0,0,0,0,0,0,0,0,0,0,0,0,0,0,0,0,0,0,0,0,0,0,0,
"(com.iota.iri.benchmarks.dbbenchmark.RocksDbBenchmark.dropAll,202383fd9c8deecabf8f1b0084ef64d85527037c)",0,0,0,0,0,0,0,0,0,0,0,0,0,0,0,0,0,0,0,0,0,0,0,0,0,0,0,0,0,0,0,0,0,0,0,0,0,0,0,0,0,0,0,0,
"(com.iota.iri.benchmarks.dbbenchmark.RocksDbBenchmark.deleteBatch,202383fd9c8deecabf8f1b0084ef64d85527037c)",0,0,0,0,0,0,0,0,0,0,0,0,0,0,0,0,0,0,0,0,0,0,0,0,0,0,0,0,0,0,0,0,0,0,0,0,0,0,0,0,0,0,0,0,
"(com.iota.iri.benchmarks.crypto.CurlBenchmark.pairCurl,202383fd9c8deecabf8f1b0084ef64d85527037c)",0,0,0,0,0,0,0,0,0,0,0,0,0,0,0,0,0,0,0,0,0,0,0,0,0,0,0,0,0,0,0,0,0,0,0,0,0,0,0,0,0,0,0,0,
"(com.iota.iri.benchmarks.crypto.CurlBenchmark.curl,202383fd9c8deecabf8f1b0084ef64d85527037c)",0,0,0,0,0,0,0,0,0,0,0,0,0,0,0,0,0,0,0,0,0,0,0,0,0,0,0,0,0,0,0,0,0,0,0,0,0,0,0,0,0,0,0,0,
"(com.iota.iri.benchmarks.crypto.PearlDiverBenchmark.search,202383fd9c8deecabf8f1b0084ef64d85527037c)",0,0,0,0,0,0,0,0,0,0,0,0,0,0,0,0,0,0,0,0,0,0,0,0,0,0,0,0,0,0,0,0,0,0,0,0,0,0,0,0,0,0,0,0,
"(com.iota.iri.benchmarks.dbbenchmark.RocksDbBenchmark.deleteOneByOne,202383fd9c8deecabf8f1b0084ef64d85527037c)",0,0,0,0,0,0,0,0,0,0,0,0,0,0,0,0,0,0,0,0,0,0,0,0,0,0,0,0,0,0,0,0,0,0,0,0,0,0,0,0,0,0,0,0,
"(com.iota.iri.benchmarks.dbbenchmark.RocksDbBenchmark.fetchOneByOne,202383fd9c8deecabf8f1b0084ef64d85527037c)",0,0,0,0,0,0,0,0,0,0,0,0,0,0,0,0,0,0,0,0,0,0,0,0,0,0,0,0,0,0,0,0,0,0,0,0,0,0,0,0,0,0,0,0,
"(com.iota.iri.benchmarks.dbbenchmark.RocksDbBenchmark.persistOneByOne,202383fd9c8deecabf8f1b0084ef64d85527037c)",0,0,0,0,0,0,0,0,0,0,0,0,0,0,0,0,0,0,0,0,0,0,0,0,0,0,0,0,0,0,0,0,0,0,0,0,0,0,0,0,0,0,0,0,
"(com.iota.iri.benchmarks.dbbenchmark.RocksDbBenchmark.dropAll,9df0a7f5baa66214f27ae35a42c6bbcc412b72ee)",0,0,0,0,0,0,0,0,0,0,0,0,0,0,0,0,0,0,0,0,0,0,0,0,0,0,0,0,0,0,0,0,0,0,0,0,0,0,0,0,0,0,0,0,
"(com.iota.iri.benchmarks.dbbenchmark.RocksDbBenchmark.deleteBatch,9df0a7f5baa66214f27ae35a42c6bbcc412b72ee)",0,0,0,0,0,0,0,0,0,0,0,0,0,0,0,0,0,0,0,0,0,0,0,0,0,0,0,0,0,0,0,0,0,0,0,0,0,0,0,0,0,0,0,0,
"(com.iota.iri.benchmarks.dbbenchmark.RocksDbBenchmark.deleteOneByOne,9df0a7f5baa66214f27ae35a42c6bbcc412b72ee)",0,0,0,0,0,0,0,0,0,0,0,0,0,0,0,0,0,0,0,0,0,0,0,0,0,0,0,0,0,0,0,0,0,0,0,0,0,0,0,0,0,0,0,0,
"(com.iota.iri.benchmarks.dbbenchmark.RocksDbBenchmark.fetchOneByOne,9df0a7f5baa66214f27ae35a42c6bbcc412b72ee)",0,0,0,0,0,0,0,0,0,0,0,0,0,0,0,0,0,0,0,0,0,0,0,0,0,0,0,0,0,0,0,0,0,0,0,0,0,0,0,0,0,0,0,0,
"(com.iota.iri.benchmarks.dbbenchmark.RocksDbBenchmark.persistOneByOne,9df0a7f5baa66214f27ae35a42c6bbcc412b72ee)",0,0,0,0,0,0,0,0,0,0,0,0,0,0,0,0,0,0,0,0,0,0,0,0,0,0,0,0,0,0,0,0,0,0,0,0,0,0,0,0,0,0,0,0,
"(com.iota.iri.benchmarks.dbbenchmark.RocksDbBenchmark.dropAll,9e984ecd6a41104b957357f0dcdad540e5ccafac)",0,0,0,0,0,0,0,0,0,0,0,0,0,0,0,0,0,0,0,0,0,0,0,0,0,0,0,0,0,0,0,0,0,0,0,0,0,0,0,0,0,0,0,0,
"(com.iota.iri.benchmarks.dbbenchmark.RocksDbBenchmark.deleteBatch,9e984ecd6a41104b957357f0dcdad540e5ccafac)",0,0,0,0,0,0,0,0,0,0,0,0,0,0,0,0,0,0,0,0,0,0,0,0,0,0,0,0,0,0,0,0,0,0,0,0,0,0,0,0,0,0,0,0,
"(com.iota.iri.benchmarks.crypto.CurlBenchmark.pairCurl,9e984ecd6a41104b957357f0dcdad540e5ccafac)",0,0,0,0,0,0,0,0,0,0,0,0,0,0,0,0,0,0,0,0,0,0,0,0,0,0,0,0,0,0,0,0,0,0,0,0,0,0,0,0,0,0,0,0,
"(com.iota.iri.benchmarks.crypto.CurlBenchmark.curl,9e984ecd6a41104b957357f0dcdad540e5ccafac)",0,0,0,0,0,0,0,0,0,0,0,0,0,0,0,0,0,0,0,0,0,0,0,0,0,0,0,0,0,0,0,0,0,0,0,0,0,0,0,0,0,0,0,0,
"(com.iota.iri.benchmarks.crypto.PearlDiverBenchmark.search,9e984ecd6a41104b957357f0dcdad540e5ccafac)",0,0,0,0,0,0,0,0,0,0,0,0,0,0,0,0,0,0,0,0,0,0,0,0,0,0,0,0,0,0,0,0,0,0,0,0,0,0,0,0,0,0,0,0,
"(com.iota.iri.benchmarks.dbbenchmark.RocksDbBenchmark.deleteOneByOne,9e984ecd6a41104b957357f0dcdad540e5ccafac)",0,0,0,0,0,0,0,0,0,0,0,0,0,0,0,0,0,0,0,0,0,0,0,0,0,0,0,0,0,0,0,0,0,0,0,0,0,0,0,0,0,0,0,0,
"(com.iota.iri.benchmarks.dbbenchmark.RocksDbBenchmark.fetchOneByOne,9e984ecd6a41104b957357f0dcdad540e5ccafac)",0,0,0,0,0,0,0,0,0,0,0,0,0,0,0,0,0,0,0,0,0,0,0,0,0,0,0,0,0,0,0,0,0,0,0,0,0,0,0,0,0,0,0,0,
"(com.iota.iri.benchmarks.dbbenchmark.RocksDbBenchmark.persistOneByOne,9e984ecd6a41104b957357f0dcdad540e5ccafac)",0,0,0,0,0,0,0,0,0,0,0,0,0,0,0,0,0,0,0,0,0,0,0,0,0,0,0,0,0,0,0,0,0,0,0,0,0,0,0,0,0,0,0,0,
"(com.iota.iri.benchmarks.dbbenchmark.RocksDbBenchmark.dropAll,3e824a6695e8ef6f91f419357d5afc67f10fc5a2)",0,0,0,0,0,0,0,0,0,0,0,0,0,0,0,0,0,0,0,0,0,0,0,0,0,0,0,0,0,0,0,0,0,0,0,0,0,0,0,0,0,0,0,0,
"(com.iota.iri.benchmarks.dbbenchmark.RocksDbBenchmark.deleteBatch,3e824a6695e8ef6f91f419357d5afc67f10fc5a2)",0,0,0,0,0,0,0,0,0,0,0,0,0,0,0,0,0,0,0,0,0,0,0,0,0,0,0,0,0,0,0,0,0,0,0,0,0,0,0,0,0,0,0,0,
"(com.iota.iri.benchmarks.crypto.CurlBenchmark.pairCurl,3e824a6695e8ef6f91f419357d5afc67f10fc5a2)",0,0,0,0,0,0,0,0,0,0,0,0,0,0,0,0,0,0,0,0,0,0,0,0,0,0,0,0,0,0,0,0,0,0,0,0,0,0,0,0,0,0,0,0,
"(com.iota.iri.benchmarks.crypto.CurlBenchmark.curl,3e824a6695e8ef6f91f419357d5afc67f10fc5a2)",0,0,0,0,0,0,0,0,0,0,0,0,0,0,0,0,0,0,0,0,0,0,0,0,0,0,0,0,0,0,0,0,0,0,0,0,0,0,0,0,0,0,0,0,
"(com.iota.iri.benchmarks.crypto.PearlDiverBenchmark.search,3e824a6695e8ef6f91f419357d5afc67f10fc5a2)",0,0,0,0,0,0,0,0,0,0,0,0,0,0,0,0,0,0,0,0,0,0,0,0,0,0,0,0,0,0,0,0,0,0,0,0,0,0,0,0,0,0,0,0,
"(com.iota.iri.benchmarks.dbbenchmark.RocksDbBenchmark.deleteOneByOne,3e824a6695e8ef6f91f419357d5afc67f10fc5a2)",0,0,0,0,0,0,0,0,0,0,0,0,0,0,0,0,0,0,0,0,0,0,0,0,0,0,0,0,0,0,0,0,0,0,0,0,0,0,0,0,0,0,0,0,
"(com.iota.iri.benchmarks.dbbenchmark.RocksDbBenchmark.fetchOneByOne,3e824a6695e8ef6f91f419357d5afc67f10fc5a2)",0,0,0,0,0,0,0,0,0,0,0,0,0,0,0,0,0,0,0,0,0,0,0,0,0,0,0,0,0,0,0,0,0,0,0,0,0,0,0,0,0,0,0,0,
"(com.iota.iri.benchmarks.dbbenchmark.RocksDbBenchmark.persistOneByOne,3e824a6695e8ef6f91f419357d5afc67f10fc5a2)",0,0,0,0,0,0,0,0,0,0,0,0,0,0,0,0,0,0,0,0,0,0,0,0,0,0,0,0,0,0,0,0,0,0,0,0,0,0,0,0,0,0,0,0,
"(com.iota.iri.benchmarks.dbbenchmark.RocksDbBenchmark.dropAll,4571abc55afc04caf84041c6b963ff845b354cc5)",0,0,0,0,0,0,0,0,0,0,0,0,0,0,0,0,0,0,0,0,0,0,0,0,0,0,0,0,0,0,0,0,0,0,0,0,0,0,0,0,0,0,0,0,
"(com.iota.iri.benchmarks.dbbenchmark.RocksDbBenchmark.deleteBatch,4571abc55afc04caf84041c6b963ff845b354cc5)",0,0,0,0,0,0,0,0,0,0,0,0,0,0,0,0,0,0,0,0,0,0,0,0,0,0,0,0,0,0,0,0,0,0,0,0,0,0,0,0,0,0,0,0,
"(com.iota.iri.benchmarks.crypto.CurlBenchmark.pairCurl,4571abc55afc04caf84041c6b963ff845b354cc5)",0,0,0,0,0,0,0,0,0,0,0,0,0,0,0,0,0,0,0,0,0,0,0,0,0,0,0,0,0,0,0,0,0,0,0,0,0,0,0,0,0,0,0,0,
"(com.iota.iri.benchmarks.crypto.CurlBenchmark.curl,4571abc55afc04caf84041c6b963ff845b354cc5)",0,0,0,0,0,0,0,0,0,0,0,0,0,0,0,0,0,0,0,0,0,0,0,0,0,0,0,0,0,0,0,0,0,0,0,0,0,0,0,0,0,0,0,0,
"(com.iota.iri.benchmarks.crypto.PearlDiverBenchmark.search,4571abc55afc04caf84041c6b963ff845b354cc5)",0,0,0,0,0,0,0,0,0,0,0,0,0,0,0,0,0,0,0,0,0,0,0,0,0,0,0,0,0,0,0,0,0,0,0,0,0,0,0,0,0,0,0,0,
"(com.iota.iri.benchmarks.dbbenchmark.RocksDbBenchmark.deleteOneByOne,4571abc55afc04caf84041c6b963ff845b354cc5)",0,0,0,0,0,0,0,0,0,0,0,0,0,0,0,0,0,0,0,0,0,0,0,0,0,0,0,0,0,0,0,0,0,0,0,0,0,0,0,0,0,0,0,0,
"(com.iota.iri.benchmarks.dbbenchmark.RocksDbBenchmark.fetchOneByOne,4571abc55afc04caf84041c6b963ff845b354cc5)",0,0,0,0,0,0,0,0,0,0,0,0,0,0,0,0,0,0,0,0,0,0,0,0,0,0,0,0,0,0,0,0,0,0,0,0,0,0,0,0,0,0,0,0,
"(com.iota.iri.benchmarks.dbbenchmark.RocksDbBenchmark.persistOneByOne,4571abc55afc04caf84041c6b963ff845b354cc5)",0,0,0,0,0,0,0,0,0,0,0,0,0,0,0,0,0,0,0,0,0,0,0,0,0,0,0,0,0,0,0,0,0,0,0,0,0,0,0,0,0,0,0,0,
"(com.iota.iri.benchmarks.dbbenchmark.RocksDbBenchmark.dropAll,382372cf63f302682dabaeea84b459c6d475c3e2)",0,0,0,0,0,0,0,0,0,0,0,0,0,0,0,0,0,0,0,0,0,0,0,0,0,0,0,0,0,0,0,0,0,0,0,0,0,0,0,0,0,0,0,0,
"(com.iota.iri.benchmarks.dbbenchmark.RocksDbBenchmark.deleteBatch,382372cf63f302682dabaeea84b459c6d475c3e2)",0,0,0,0,0,0,0,0,0,0,0,0,0,0,0,0,0,0,0,0,0,0,0,0,0,0,0,0,0,0,0,0,0,0,0,0,0,0,0,0,0,0,0,0,
"(com.iota.iri.benchmarks.crypto.CurlBenchmark.pairCurl,382372cf63f302682dabaeea84b459c6d475c3e2)",0,0,0,0,0,0,0,0,0,0,0,0,0,0,0,0,0,0,0,0,0,0,0,0,0,0,0,0,0,0,0,0,0,0,0,0,0,0,0,0,0,0,0,0,
"(com.iota.iri.benchmarks.crypto.CurlBenchmark.curl,382372cf63f302682dabaeea84b459c6d475c3e2)",0,0,0,0,0,0,0,0,0,0,0,0,0,0,0,0,0,0,0,0,0,0,0,0,0,0,0,0,0,0,0,0,0,0,0,0,0,0,0,0,0,0,0,0,
"(com.iota.iri.benchmarks.crypto.PearlDiverBenchmark.search,382372cf63f302682dabaeea84b459c6d475c3e2)",0,0,0,0,0,0,0,0,0,0,0,0,0,0,0,0,0,0,0,0,0,0,0,0,0,0,0,0,0,0,0,0,0,0,0,0,0,0,0,0,0,0,0,0,
"(com.iota.iri.benchmarks.dbbenchmark.RocksDbBenchmark.deleteOneByOne,382372cf63f302682dabaeea84b459c6d475c3e2)",0,0,0,0,0,0,0,0,0,0,0,0,0,0,0,0,0,0,0,0,0,0,0,0,0,0,0,0,0,0,0,0,0,0,0,0,0,0,0,0,0,0,0,0,
"(com.iota.iri.benchmarks.dbbenchmark.RocksDbBenchmark.fetchOneByOne,382372cf63f302682dabaeea84b459c6d475c3e2)",0,1,0,0,1,0,0,0,0,0,0,0,0,0,0,0,0,0,0,0,0,0,0,0,0,0,0,0,0,0,0,0,0,0,0,0,0,0,0,0,0,0,0,2,
"(com.iota.iri.benchmarks.dbbenchmark.RocksDbBenchmark.persistOneByOne,382372cf63f302682dabaeea84b459c6d475c3e2)",0,0,0,0,1,0,0,0,0,0,0,0,0,0,0,0,0,0,0,0,0,0,0,0,0,0,0,0,0,0,0,0,0,0,0,0,0,0,0,0,0,0,0,1,
"(com.iota.iri.benchmarks.dbbenchmark.RocksDbBenchmark.dropAll,423f1367a965a8db84161c33b6efb6d22eb7c7bf)",0,0,0,0,0,0,0,0,0,0,0,0,0,0,0,0,0,0,0,0,0,0,0,0,0,0,0,0,0,0,0,0,0,0,0,0,0,0,0,0,0,0,0,0,
"(com.iota.iri.benchmarks.dbbenchmark.RocksDbBenchmark.deleteBatch,423f1367a965a8db84161c33b6efb6d22eb7c7bf)",0,0,0,0,0,0,0,0,0,0,0,0,0,0,0,0,0,0,0,0,0,0,0,0,0,0,0,0,0,0,0,0,0,0,0,0,0,0,0,0,0,0,0,0,
"(com.iota.iri.benchmarks.dbbenchmark.RocksDbBenchmark.deleteOneByOne,423f1367a965a8db84161c33b6efb6d22eb7c7bf)",0,0,0,0,0,0,0,0,0,0,0,0,0,0,0,0,0,0,0,0,0,0,0,0,0,0,0,0,0,0,0,0,0,0,0,0,0,0,0,0,0,0,0,0,
"(com.iota.iri.benchmarks.dbbenchmark.RocksDbBenchmark.fetchOneByOne,423f1367a965a8db84161c33b6efb6d22eb7c7bf)",0,0,0,0,0,0,0,0,0,0,0,0,0,0,0,0,0,0,0,0,0,0,0,0,0,0,0,0,0,0,0,0,0,0,0,0,0,0,0,0,0,0,0,0,
"(com.iota.iri.benchmarks.dbbenchmark.RocksDbBenchmark.persistOneByOne,423f1367a965a8db84161c33b6efb6d22eb7c7bf)",0,0,0,0,0,0,0,0,0,0,0,0,0,0,0,0,0,0,0,0,0,0,0,0,0,0,0,0,0,0,0,0,0,0,0,0,0,0,0,0,0,0,0,0,
"(com.iota.iri.benchmarks.dbbenchmark.RocksDbBenchmark.dropAll,cbc5afc799e5aac7d021a8a2a9fcc2c9e6199e77)",0,0,0,0,0,0,0,0,0,0,0,0,0,0,0,0,0,0,0,0,0,0,0,0,0,0,0,0,0,0,0,0,0,0,0,0,0,0,0,0,0,0,0,0,
"(com.iota.iri.benchmarks.dbbenchmark.RocksDbBenchmark.deleteBatch,cbc5afc799e5aac7d021a8a2a9fcc2c9e6199e77)",0,0,0,0,0,0,0,0,0,0,0,0,0,0,0,0,0,0,0,0,0,0,0,0,0,0,0,0,0,0,0,0,0,0,0,0,0,0,0,0,0,0,0,0,
"(com.iota.iri.benchmarks.crypto.CurlBenchmark.pairCurl,cbc5afc799e5aac7d021a8a2a9fcc2c9e6199e77)",0,0,0,0,0,0,0,0,0,0,0,0,0,0,0,0,0,0,0,0,0,0,0,0,0,0,0,0,0,0,0,0,0,0,0,0,0,0,0,0,0,0,0,0,
"(com.iota.iri.benchmarks.crypto.CurlBenchmark.curl,cbc5afc799e5aac7d021a8a2a9fcc2c9e6199e77)",0,0,0,0,0,0,0,0,0,0,0,0,0,0,0,0,0,0,0,0,0,0,0,0,0,0,0,0,0,0,0,0,0,0,0,0,0,0,0,0,0,0,0,0,
"(com.iota.iri.benchmarks.crypto.PearlDiverBenchmark.search,cbc5afc799e5aac7d021a8a2a9fcc2c9e6199e77)",0,0,0,0,0,0,0,0,0,0,0,0,0,0,0,0,0,0,0,0,0,0,0,0,0,0,0,0,0,0,0,0,0,0,0,0,0,0,0,0,0,0,0,0,
"(com.iota.iri.benchmarks.dbbenchmark.RocksDbBenchmark.deleteOneByOne,cbc5afc799e5aac7d021a8a2a9fcc2c9e6199e77)",0,0,0,0,0,0,0,0,0,0,0,0,0,0,0,0,0,0,0,0,0,0,0,0,0,0,0,0,0,0,0,0,0,0,0,0,0,0,0,0,0,0,0,0,
"(com.iota.iri.benchmarks.dbbenchmark.RocksDbBenchmark.fetchOneByOne,cbc5afc799e5aac7d021a8a2a9fcc2c9e6199e77)",0,0,0,0,0,0,0,0,0,0,0,0,0,0,0,0,0,0,0,0,0,0,0,0,0,0,0,0,0,0,0,0,0,0,0,0,0,0,0,0,0,0,0,0,
"(com.iota.iri.benchmarks.dbbenchmark.RocksDbBenchmark.persistOneByOne,cbc5afc799e5aac7d021a8a2a9fcc2c9e6199e77)",0,0,0,0,0,0,0,0,0,0,0,0,0,0,0,0,0,0,0,0,0,0,0,0,0,0,0,0,0,0,0,0,0,0,0,0,0,0,0,0,0,0,0,0,
"(com.iota.iri.benchmarks.dbbenchmark.RocksDbBenchmark.dropAll,e683f722716bd20fec38aa8bd00e9d34be78f521)",0,0,0,0,0,0,0,0,0,0,0,0,0,0,0,0,0,0,0,0,0,0,0,0,0,0,0,0,0,0,0,0,0,0,0,0,0,0,0,0,0,0,0,0,
"(com.iota.iri.benchmarks.dbbenchmark.RocksDbBenchmark.deleteBatch,e683f722716bd20fec38aa8bd00e9d34be78f521)",0,0,0,0,0,0,0,0,0,0,0,0,0,0,0,0,0,0,0,0,0,0,0,0,0,0,0,0,0,0,0,0,0,0,0,0,0,0,0,0,0,0,0,0,
"(com.iota.iri.benchmarks.crypto.CurlBenchmark.pairCurl,e683f722716bd20fec38aa8bd00e9d34be78f521)",0,0,0,0,0,0,0,0,0,0,0,0,0,0,0,0,0,0,0,0,0,0,0,0,0,0,0,0,0,0,0,0,0,0,0,0,0,0,0,0,0,0,0,0,
"(com.iota.iri.benchmarks.crypto.CurlBenchmark.curl,e683f722716bd20fec38aa8bd00e9d34be78f521)",0,0,0,0,0,0,0,0,0,0,0,0,0,0,0,0,0,0,0,0,0,0,0,0,0,0,0,0,0,0,0,0,0,0,0,0,0,0,0,0,0,0,0,0,
"(com.iota.iri.benchmarks.crypto.PearlDiverBenchmark.search,e683f722716bd20fec38aa8bd00e9d34be78f521)",0,0,0,0,0,0,0,0,0,0,0,0,0,0,0,0,0,0,0,0,0,0,0,0,0,0,0,0,0,0,0,0,0,0,0,0,0,0,0,0,0,0,0,0,
"(com.iota.iri.benchmarks.dbbenchmark.RocksDbBenchmark.deleteOneByOne,e683f722716bd20fec38aa8bd00e9d34be78f521)",0,0,0,0,0,0,0,0,0,0,0,0,0,0,0,0,0,0,0,0,0,0,0,0,0,0,0,0,0,0,0,0,0,0,0,0,0,0,0,0,0,0,0,0,
"(com.iota.iri.benchmarks.dbbenchmark.RocksDbBenchmark.fetchOneByOne,e683f722716bd20fec38aa8bd00e9d34be78f521)",0,0,0,0,0,0,0,0,0,0,0,0,0,0,0,0,0,0,0,0,0,0,0,0,0,0,0,0,0,0,0,0,0,0,0,0,0,0,0,0,0,0,0,0,
"(com.iota.iri.benchmarks.dbbenchmark.RocksDbBenchmark.persistOneByOne,e683f722716bd20fec38aa8bd00e9d34be78f521)",0,0,0,0,0,0,0,0,0,0,0,0,0,0,0,0,0,0,0,0,0,0,0,0,0,0,0,0,0,0,0,0,0,0,0,0,0,0,0,0,0,0,0,0,
"(com.iota.iri.benchmarks.dbbenchmark.RocksDbBenchmark.dropAll,4fe4786e7206cb00160fec7d0c342af2f64f41e1)",0,0,0,0,0,0,0,0,0,0,0,0,0,0,0,0,0,0,0,0,0,0,0,0,0,0,0,0,0,0,0,0,0,0,0,0,0,0,0,0,0,0,0,0,
"(com.iota.iri.benchmarks.dbbenchmark.RocksDbBenchmark.deleteBatch,4fe4786e7206cb00160fec7d0c342af2f64f41e1)",0,0,0,0,0,0,0,0,0,0,0,0,0,0,0,0,0,0,0,0,0,0,0,0,0,0,0,0,0,0,0,0,0,0,0,0,0,0,0,0,0,0,0,0,
"(com.iota.iri.benchmarks.crypto.CurlBenchmark.pairCurl,4fe4786e7206cb00160fec7d0c342af2f64f41e1)",0,0,0,0,0,0,0,0,0,0,0,0,0,0,0,0,0,0,0,0,0,0,0,0,0,0,0,0,0,0,0,0,0,0,0,0,0,0,0,0,0,0,0,0,
"(com.iota.iri.benchmarks.crypto.CurlBenchmark.curl,4fe4786e7206cb00160fec7d0c342af2f64f41e1)",0,0,0,0,0,0,0,0,0,0,0,0,0,0,0,0,0,0,0,0,0,0,0,0,0,0,0,0,0,0,0,0,0,0,0,0,0,0,0,0,0,0,0,0,
"(com.iota.iri.benchmarks.crypto.PearlDiverBenchmark.search,4fe4786e7206cb00160fec7d0c342af2f64f41e1)",0,0,0,0,0,0,0,0,0,0,0,0,0,0,0,0,0,0,0,0,0,0,0,0,0,0,0,0,0,0,0,0,0,0,0,0,0,0,0,0,0,0,0,0,
"(com.iota.iri.benchmarks.dbbenchmark.RocksDbBenchmark.deleteOneByOne,4fe4786e7206cb00160fec7d0c342af2f64f41e1)",0,0,0,0,0,0,0,0,0,0,0,0,0,0,0,0,0,0,0,0,0,0,0,0,0,0,0,0,0,0,0,0,0,0,0,0,0,0,0,0,0,0,0,0,
"(com.iota.iri.benchmarks.dbbenchmark.RocksDbBenchmark.fetchOneByOne,4fe4786e7206cb00160fec7d0c342af2f64f41e1)",0,0,0,0,0,0,0,0,0,0,0,0,0,0,0,0,0,0,0,0,0,0,0,0,0,0,0,0,0,0,0,0,0,0,0,0,0,0,0,0,0,0,0,0,
"(com.iota.iri.benchmarks.dbbenchmark.RocksDbBenchmark.persistOneByOne,4fe4786e7206cb00160fec7d0c342af2f64f41e1)",0,0,0,0,0,0,0,0,0,0,0,0,0,0,0,0,0,0,0,0,0,0,0,0,0,0,0,0,0,0,0,0,0,0,0,0,0,0,0,0,0,0,0,0,
"(com.iota.iri.benchmarks.dbbenchmark.RocksDbBenchmark.dropAll,30c062ddabc52f3c365dbc1b15d6f14015128573)",0,0,0,0,0,0,0,0,0,0,0,0,0,0,0,0,0,0,0,0,0,0,0,0,0,0,0,0,0,0,0,0,0,0,0,0,0,0,0,0,0,0,0,0,
"(com.iota.iri.benchmarks.dbbenchmark.RocksDbBenchmark.deleteBatch,30c062ddabc52f3c365dbc1b15d6f14015128573)",0,0,0,0,0,0,0,0,0,0,0,0,0,0,0,0,0,0,0,0,0,0,0,0,0,0,0,0,0,0,0,0,0,0,0,0,0,0,0,0,0,0,0,0,
"(com.iota.iri.benchmarks.crypto.CurlBenchmark.pairCurl,30c062ddabc52f3c365dbc1b15d6f14015128573)",0,0,0,0,0,0,0,0,0,0,0,0,0,0,0,0,0,0,0,0,0,0,0,0,0,0,0,0,0,0,0,0,0,0,0,0,0,0,0,0,0,0,0,0,
"(com.iota.iri.benchmarks.crypto.CurlBenchmark.curl,30c062ddabc52f3c365dbc1b15d6f14015128573)",0,0,0,0,0,0,0,0,0,0,0,0,0,0,0,0,0,0,0,0,0,0,0,0,0,0,0,0,0,0,0,0,0,0,0,0,0,0,0,0,0,0,0,0,
"(com.iota.iri.benchmarks.crypto.PearlDiverBenchmark.search,30c062ddabc52f3c365dbc1b15d6f14015128573)",0,0,0,0,0,0,0,0,0,0,0,0,0,0,0,0,0,0,0,0,0,0,0,0,0,0,0,0,0,0,0,0,0,0,0,0,0,0,0,0,0,0,0,0,
"(com.iota.iri.benchmarks.dbbenchmark.RocksDbBenchmark.deleteOneByOne,30c062ddabc52f3c365dbc1b15d6f14015128573)",0,0,0,0,0,0,0,0,0,0,0,0,0,0,0,0,0,0,0,0,0,0,0,0,0,0,0,0,0,0,0,0,0,0,0,0,0,0,0,0,0,0,0,0,
"(com.iota.iri.benchmarks.dbbenchmark.RocksDbBenchmark.fetchOneByOne,30c062ddabc52f3c365dbc1b15d6f14015128573)",0,0,0,0,0,0,0,0,0,0,0,0,0,0,0,0,0,0,0,0,0,0,0,0,0,0,0,0,0,0,0,0,0,0,0,0,0,0,0,0,0,0,0,0,
"(com.iota.iri.benchmarks.dbbenchmark.RocksDbBenchmark.persistOneByOne,30c062ddabc52f3c365dbc1b15d6f14015128573)",0,0,0,0,0,0,0,0,0,0,0,0,0,0,0,0,0,0,0,0,0,0,0,0,0,0,0,0,0,0,0,0,0,0,0,0,0,0,0,0,0,0,0,0,
"(com.iota.iri.benchmarks.dbbenchmark.RocksDbBenchmark.dropAll,b41def136c502833adc8ab61702ade58b6a2c674)",0,0,0,0,0,0,0,0,0,0,0,0,0,0,0,0,0,0,0,0,0,0,0,0,0,0,0,0,0,0,0,0,0,0,0,0,0,0,0,0,0,0,0,0,
"(com.iota.iri.benchmarks.dbbenchmark.RocksDbBenchmark.deleteBatch,b41def136c502833adc8ab61702ade58b6a2c674)",0,0,0,0,0,0,0,0,0,0,0,0,0,0,0,0,0,0,0,0,0,0,0,0,0,0,0,0,0,0,0,0,0,0,0,0,0,0,0,0,0,0,0,0,
"(com.iota.iri.benchmarks.crypto.CurlBenchmark.pairCurl,b41def136c502833adc8ab61702ade58b6a2c674)",0,0,0,0,0,0,0,0,0,0,0,0,0,0,0,0,0,0,0,0,0,0,0,0,0,0,0,0,0,0,0,0,0,0,0,0,0,0,0,0,0,0,0,0,
"(com.iota.iri.benchmarks.crypto.CurlBenchmark.curl,b41def136c502833adc8ab61702ade58b6a2c674)",0,0,0,0,0,0,0,0,0,0,0,0,0,0,0,0,0,0,0,0,0,0,0,0,0,0,0,0,0,0,0,0,0,0,0,0,0,0,0,0,0,0,0,0,
"(com.iota.iri.benchmarks.crypto.PearlDiverBenchmark.search,b41def136c502833adc8ab61702ade58b6a2c674)",0,0,0,0,0,0,0,0,0,0,0,0,0,0,0,0,0,0,0,0,0,0,0,0,0,0,0,0,0,0,0,0,0,0,0,0,0,0,0,0,0,0,0,0,
"(com.iota.iri.benchmarks.dbbenchmark.RocksDbBenchmark.deleteOneByOne,b41def136c502833adc8ab61702ade58b6a2c674)",0,0,0,0,0,0,0,0,0,0,0,0,0,0,0,0,0,0,0,0,0,0,0,0,0,0,0,0,0,0,0,0,0,0,0,0,0,0,0,0,0,0,0,0,
"(com.iota.iri.benchmarks.dbbenchmark.RocksDbBenchmark.fetchOneByOne,b41def136c502833adc8ab61702ade58b6a2c674)",0,0,0,0,0,0,0,0,0,0,0,0,0,0,0,0,0,0,0,0,0,0,0,0,0,0,0,0,0,0,0,0,0,0,0,0,0,0,0,0,0,0,0,0,
"(com.iota.iri.benchmarks.dbbenchmark.RocksDbBenchmark.persistOneByOne,b41def136c502833adc8ab61702ade58b6a2c674)",0,0,0,0,0,0,0,0,0,0,0,0,0,0,0,0,0,0,0,0,0,0,0,0,0,0,0,0,0,0,0,0,0,0,0,0,0,0,0,0,0,0,0,0,
"(com.iota.iri.benchmarks.dbbenchmark.RocksDbBenchmark.dropAll,779681214384853da98ea2958a3bfb19c05ad785)",0,0,0,0,0,0,0,0,0,0,0,0,0,0,0,0,0,0,0,0,0,0,0,0,0,0,0,0,0,0,0,0,0,0,0,0,0,0,0,0,0,0,0,0,
"(com.iota.iri.benchmarks.dbbenchmark.RocksDbBenchmark.deleteBatch,779681214384853da98ea2958a3bfb19c05ad785)",0,0,0,0,0,0,0,0,0,0,0,0,0,0,0,0,0,0,0,0,0,0,0,0,0,0,0,0,0,0,0,0,0,0,0,0,0,0,0,0,0,0,0,0,
"(com.iota.iri.benchmarks.dbbenchmark.RocksDbBenchmark.deleteOneByOne,779681214384853da98ea2958a3bfb19c05ad785)",0,0,0,0,0,0,0,0,0,0,0,0,0,0,0,0,0,0,0,0,0,0,0,0,0,0,0,0,0,0,0,0,0,0,0,0,0,0,0,0,0,0,0,0,
"(com.iota.iri.benchmarks.dbbenchmark.RocksDbBenchmark.fetchOneByOne,779681214384853da98ea2958a3bfb19c05ad785)",0,0,0,0,0,0,0,0,0,0,0,0,0,0,0,0,0,0,0,0,0,0,0,0,0,0,0,0,0,0,0,0,0,0,0,0,0,0,0,0,0,0,0,0,
"(com.iota.iri.benchmarks.dbbenchmark.RocksDbBenchmark.persistOneByOne,779681214384853da98ea2958a3bfb19c05ad785)",0,0,0,0,0,0,0,0,0,0,0,0,0,0,0,0,0,0,0,0,0,0,0,0,0,0,0,0,0,0,0,0,0,0,0,0,0,0,0,0,0,0,0,0,
"(com.iota.iri.benchmarks.dbbenchmark.RocksDbBenchmark.dropAll,8d2e10a015e05f711d0f698702e65890cc03e0ef)",0,0,0,0,0,0,0,0,0,0,0,0,0,0,0,0,0,0,0,0,0,0,0,0,0,0,0,0,0,0,0,0,0,0,0,0,0,0,0,0,0,0,0,0,
"(com.iota.iri.benchmarks.dbbenchmark.RocksDbBenchmark.deleteBatch,8d2e10a015e05f711d0f698702e65890cc03e0ef)",0,0,0,0,0,0,0,0,0,0,0,0,0,0,0,0,0,0,0,0,0,0,0,0,0,0,0,0,0,0,0,0,0,0,0,0,0,0,0,0,0,0,0,0,
"(com.iota.iri.benchmarks.crypto.CurlBenchmark.pairCurl,8d2e10a015e05f711d0f698702e65890cc03e0ef)",0,0,0,0,0,0,0,0,0,0,0,0,0,0,0,0,0,0,0,0,0,0,0,0,0,0,0,0,0,0,0,0,0,0,0,0,0,0,0,0,0,0,0,0,
"(com.iota.iri.benchmarks.crypto.CurlBenchmark.curl,8d2e10a015e05f711d0f698702e65890cc03e0ef)",0,0,0,0,0,0,0,0,0,0,0,0,0,0,0,0,0,0,0,0,0,0,0,0,0,0,0,0,0,0,0,0,0,0,0,0,0,0,0,0,0,0,0,0,
"(com.iota.iri.benchmarks.crypto.PearlDiverBenchmark.search,8d2e10a015e05f711d0f698702e65890cc03e0ef)",0,0,0,0,0,0,0,0,0,0,0,0,0,0,0,0,0,0,0,0,0,0,0,0,0,0,0,0,0,0,0,0,0,0,0,0,0,0,0,0,0,0,0,0,
"(com.iota.iri.benchmarks.dbbenchmark.RocksDbBenchmark.deleteOneByOne,8d2e10a015e05f711d0f698702e65890cc03e0ef)",0,0,0,0,0,0,0,0,0,0,0,0,0,0,0,0,0,0,0,0,0,0,0,0,0,0,0,0,0,0,0,0,0,0,0,0,0,0,0,0,0,0,0,0,
"(com.iota.iri.benchmarks.dbbenchmark.RocksDbBenchmark.fetchOneByOne,8d2e10a015e05f711d0f698702e65890cc03e0ef)",0,0,0,0,0,0,0,0,0,0,0,0,0,0,0,0,0,0,0,0,0,0,0,0,0,0,0,0,0,0,0,0,0,0,0,0,0,0,0,0,0,0,0,0,
"(com.iota.iri.benchmarks.dbbenchmark.RocksDbBenchmark.persistOneByOne,8d2e10a015e05f711d0f698702e65890cc03e0ef)",0,0,0,0,0,0,0,0,0,0,0,0,0,0,0,0,0,0,0,0,0,0,0,0,0,0,0,0,0,0,0,0,0,0,0,0,0,0,0,0,0,0,0,0,
