"(Benchmark_method, commit)",Remove Method Annotation,Change Attribute Type,Change Parameter Type,Modify Class Annotation,Change Return Type,Extract Variable,Add Method Annotation,Extract Method,Change Variable Type,Move Class,Extract Superclass,Extract Class,Move Method,Move Attribute,Extract Interface,Add Class Annotation,Remove Class Annotation,Add Parameter,Modify Method Annotation,Remove Attribute Annotation,Pull Up Method,Remove Parameter,Replace Variable With Attribute,Move And Inline Method,Inline Variable,Add Attribute Annotation,Parameterize Variable,Inline Method,Extract And Move Method,Extract Subclass,Push Down Method,Push Down Attribute,Merge Parameter,Extract Attribute,Remove Parameter Annotation,Modify Parameter Annotation,Add Parameter Annotation,Add Variable Annotation,Change Package,Pull Up Attribute,Move Source Folder,Reorder Parameter,Merge Attribute,sum,delta
"(org.jdbi.v3.benchmark.CaseInsensitiveStringEqualsBenchmark.collatorEqualsOther,a1d9933f8c9854dd587ca4f685b29d9f9ad029a7)",0,0,0,0,0,0,0,0,0,0,0,0,0,0,0,0,0,0,0,0,0,0,0,0,0,0,0,0,0,0,0,0,0,0,0,0,0,0,0,0,0,0,0,0,
"(org.jdbi.v3.core.EnumBenchmark.mapEnumCaseInsensitive,a1d9933f8c9854dd587ca4f685b29d9f9ad029a7)",0,0,0,0,0,0,0,0,0,0,0,0,0,0,0,0,0,0,0,0,0,0,0,0,0,0,0,0,0,0,0,0,0,0,0,0,0,0,0,0,0,0,0,0,
"(org.jdbi.v3.benchmark.CaseInsensitiveStringEqualsBenchmark.equalsIgnoreCaseOther,a1d9933f8c9854dd587ca4f685b29d9f9ad029a7)",0,0,0,0,0,0,0,0,0,0,0,0,0,0,0,0,0,0,0,0,0,0,0,0,0,0,0,0,0,0,0,0,0,0,0,0,0,0,0,0,0,0,0,0,
"(org.jdbi.v3.benchmark.BeanBindingBenchmark.oneJdbi,a1d9933f8c9854dd587ca4f685b29d9f9ad029a7)",0,0,0,0,0,0,0,0,0,0,0,0,0,0,0,0,0,0,0,0,0,0,0,0,0,0,0,0,0,0,0,0,0,0,0,0,0,0,0,0,0,0,0,0,
"(org.jdbi.v3.benchmark.QualifiersBenchmark.mapUnqualifiedBean,a1d9933f8c9854dd587ca4f685b29d9f9ad029a7)",0,0,0,0,0,0,0,0,0,0,0,0,0,0,0,0,0,0,0,0,0,0,0,0,0,0,0,0,0,0,0,0,0,0,0,0,0,0,0,0,0,0,0,0,
"(org.jdbi.v3.benchmark.BeanBindingBenchmark.batchJdbc,a1d9933f8c9854dd587ca4f685b29d9f9ad029a7)",0,0,0,0,0,0,0,0,0,0,0,0,0,0,0,0,0,0,0,0,0,0,0,0,0,0,0,0,0,0,0,0,0,0,0,0,0,0,0,0,0,0,0,0,
"(org.jdbi.v3.benchmark.EnumMapperBenchmark.mapByOrdinal,a1d9933f8c9854dd587ca4f685b29d9f9ad029a7)",0,0,0,0,0,0,0,0,0,0,0,0,0,0,0,0,0,0,0,0,0,0,0,0,0,0,0,0,0,0,0,0,0,0,0,0,0,0,0,0,0,0,0,0,
"(org.jdbi.v3.benchmark.CaseInsensitiveStringEqualsBenchmark.toLowerCaseEqualsRandomCase,a1d9933f8c9854dd587ca4f685b29d9f9ad029a7)",0,0,0,0,0,0,0,0,0,0,0,0,0,0,0,0,0,0,0,0,0,0,0,0,0,0,0,0,0,0,0,0,0,0,0,0,0,0,0,0,0,0,0,0,
"(org.jdbi.v3.benchmark.CaseInsensitiveStringEqualsBenchmark.stringEquals,a1d9933f8c9854dd587ca4f685b29d9f9ad029a7)",0,0,0,0,0,0,0,0,0,0,0,0,0,0,0,0,0,0,0,0,0,0,0,0,0,0,0,0,0,0,0,0,0,0,0,0,0,0,0,0,0,0,0,0,
"(org.jdbi.v3.benchmark.CaseInsensitiveStringEqualsBenchmark.equalsIgnoreCaseRandomCase,a1d9933f8c9854dd587ca4f685b29d9f9ad029a7)",0,0,0,0,0,0,0,0,0,0,0,0,0,0,0,0,0,0,0,0,0,0,0,0,0,0,0,0,0,0,0,0,0,0,0,0,0,0,0,0,0,0,0,0,
"(org.jdbi.v3.benchmark.QualifiersBenchmark.getQualifiersAnnotated,a1d9933f8c9854dd587ca4f685b29d9f9ad029a7)",0,0,0,0,0,0,0,0,0,0,0,0,0,0,0,0,0,0,0,0,0,0,0,0,0,0,0,0,0,0,0,0,0,0,0,0,0,0,0,0,0,0,0,0,
"(org.jdbi.v3.benchmark.QualifiersBenchmark.getQualifiersUnannotated,a1d9933f8c9854dd587ca4f685b29d9f9ad029a7)",0,0,0,0,0,0,0,0,0,0,0,0,0,0,0,0,0,0,0,0,0,0,0,0,0,0,0,0,0,0,0,0,0,0,0,0,0,0,0,0,0,0,0,0,
"(org.jdbi.v3.benchmark.QualifiersBenchmark.mapQualifiedBean,a1d9933f8c9854dd587ca4f685b29d9f9ad029a7)",0,0,0,0,0,0,0,0,0,0,0,0,0,0,0,0,0,0,0,0,0,0,0,0,0,0,0,0,0,0,0,0,0,0,0,0,0,0,0,0,0,0,0,0,
"(org.jdbi.v3.benchmark.CaseInsensitiveStringEqualsBenchmark.stringNotEquals,a1d9933f8c9854dd587ca4f685b29d9f9ad029a7)",0,0,0,0,0,0,0,0,0,0,0,0,0,0,0,0,0,0,0,0,0,0,0,0,0,0,0,0,0,0,0,0,0,0,0,0,0,0,0,0,0,0,0,0,
"(org.jdbi.v3.benchmark.CaseInsensitiveStringEqualsBenchmark.toLowerCaseEqualsOther,a1d9933f8c9854dd587ca4f685b29d9f9ad029a7)",0,0,0,0,0,0,0,0,0,0,0,0,0,0,0,0,0,0,0,0,0,0,0,0,0,0,0,0,0,0,0,0,0,0,0,0,0,0,0,0,0,0,0,0,
"(org.jdbi.v3.benchmark.CaseInsensitiveStringEqualsBenchmark.equalsIgnoreCaseCopy,a1d9933f8c9854dd587ca4f685b29d9f9ad029a7)",0,0,0,0,0,0,0,0,0,0,0,0,0,0,0,0,0,0,0,0,0,0,0,0,0,0,0,0,0,0,0,0,0,0,0,0,0,0,0,0,0,0,0,0,
"(org.jdbi.v3.benchmark.EnumMapperBenchmark.mapByExactName,a1d9933f8c9854dd587ca4f685b29d9f9ad029a7)",0,0,0,0,0,0,0,0,0,0,0,0,0,0,0,0,0,0,0,0,0,0,0,0,0,0,0,0,0,0,0,0,0,0,0,0,0,0,0,0,0,0,0,0,
"(org.jdbi.v3.benchmark.BeanBindingBenchmark.batchJdbiNamed,a1d9933f8c9854dd587ca4f685b29d9f9ad029a7)",0,0,0,0,0,0,0,0,0,0,0,0,0,0,0,0,0,0,0,0,0,0,0,0,0,0,0,0,0,0,0,0,0,0,0,0,0,0,0,0,0,0,0,0,
"(org.jdbi.v3.benchmark.EnumMapperBenchmark.mapByRandomCaseName,a1d9933f8c9854dd587ca4f685b29d9f9ad029a7)",0,0,0,0,0,0,0,0,0,0,0,0,0,0,0,0,0,0,0,0,0,0,0,0,0,0,0,0,0,0,0,0,0,0,0,0,0,0,0,0,0,0,0,0,
"(org.jdbi.v3.benchmark.BeanBindingBenchmark.oneJdbc,a1d9933f8c9854dd587ca4f685b29d9f9ad029a7)",0,0,0,0,0,0,0,0,0,0,0,0,0,0,0,0,0,0,0,0,0,0,0,0,0,0,0,0,0,0,0,0,0,0,0,0,0,0,0,0,0,0,0,0,
"(org.jdbi.v3.benchmark.BeanBindingBenchmark.batchJdbiPositional,a1d9933f8c9854dd587ca4f685b29d9f9ad029a7)",0,0,0,0,0,0,0,0,0,0,0,0,0,0,0,0,0,0,0,0,0,0,0,0,0,0,0,0,0,0,0,0,0,0,0,0,0,0,0,0,0,0,0,0,
"(org.jdbi.v3.benchmark.CaseInsensitiveStringEqualsBenchmark.toLowerCaseEqualsCopy,a1d9933f8c9854dd587ca4f685b29d9f9ad029a7)",0,0,0,0,0,0,0,0,0,0,0,0,0,0,0,0,0,0,0,0,0,0,0,0,0,0,0,0,0,0,0,0,0,0,0,0,0,0,0,0,0,0,0,0,
"(org.jdbi.v3.benchmark.CaseInsensitiveStringEqualsBenchmark.collatorEqualsCopy,a1d9933f8c9854dd587ca4f685b29d9f9ad029a7)",0,0,0,0,0,0,0,0,0,0,0,0,0,0,0,0,0,0,0,0,0,0,0,0,0,0,0,0,0,0,0,0,0,0,0,0,0,0,0,0,0,0,0,0,
"(org.jdbi.v3.core.EnumBenchmark.mapEnumCaseSensitive,a1d9933f8c9854dd587ca4f685b29d9f9ad029a7)",0,0,0,0,0,0,0,0,0,0,0,0,0,0,0,0,0,0,0,0,0,0,0,0,0,0,0,0,0,0,0,0,0,0,0,0,0,0,0,0,0,0,0,0,
"(org.jdbi.v3.benchmark.BeanBindingBenchmark.batchJdbiBean,a1d9933f8c9854dd587ca4f685b29d9f9ad029a7)",0,0,0,0,0,0,0,0,0,0,0,0,0,0,0,0,0,0,0,0,0,0,0,0,0,0,0,0,0,0,0,0,0,0,0,0,0,0,0,0,0,0,0,0,
"(org.jdbi.v3.benchmark.BeanBindingBenchmark.batchJdbiMap,a1d9933f8c9854dd587ca4f685b29d9f9ad029a7)",0,0,0,0,0,0,0,0,0,0,0,0,0,0,0,0,0,0,0,0,0,0,0,0,0,0,0,0,0,0,0,0,0,0,0,0,0,0,0,0,0,0,0,0,
"(org.jdbi.v3.benchmark.CaseInsensitiveStringEqualsBenchmark.collatorEqualsRandomCase,a1d9933f8c9854dd587ca4f685b29d9f9ad029a7)",0,0,0,0,0,0,0,0,0,0,0,0,0,0,0,0,0,0,0,0,0,0,0,0,0,0,0,0,0,0,0,0,0,0,0,0,0,0,0,0,0,0,0,0,
"(org.jdbi.v3.benchmark.CaseInsensitiveStringEqualsBenchmark.collatorEqualsOther,3e9705feba669c288fcd9ca9b6aa41db375217e1)",0,0,0,0,0,0,0,0,0,0,0,0,0,0,0,0,0,0,0,0,0,0,0,0,0,0,0,0,0,0,0,0,0,0,0,0,0,0,0,0,0,0,0,0,
"(org.jdbi.v3.core.EnumBenchmark.mapEnumCaseInsensitive,3e9705feba669c288fcd9ca9b6aa41db375217e1)",0,0,0,0,0,0,1,0,0,0,1,0,0,0,0,0,0,0,0,0,2,0,0,0,0,0,0,0,0,0,0,0,0,0,0,0,0,0,0,0,0,0,0,4,
"(org.jdbi.v3.benchmark.CaseInsensitiveStringEqualsBenchmark.equalsIgnoreCaseOther,3e9705feba669c288fcd9ca9b6aa41db375217e1)",0,0,0,0,0,0,0,0,0,0,0,0,0,0,0,0,0,0,0,0,0,0,0,0,0,0,0,0,0,0,0,0,0,0,0,0,0,0,0,0,0,0,0,0,
"(org.jdbi.v3.benchmark.QualifiersBenchmark.mapUnqualifiedBean,3e9705feba669c288fcd9ca9b6aa41db375217e1)",0,0,0,0,0,0,1,0,0,0,1,0,0,0,0,0,0,0,0,0,2,0,0,0,0,0,0,0,0,0,0,0,0,0,0,0,0,0,0,0,0,0,0,4,
"(org.jdbi.v3.benchmark.EnumMapperBenchmark.mapByOrdinal,3e9705feba669c288fcd9ca9b6aa41db375217e1)",0,0,0,0,0,0,1,0,0,0,1,0,0,0,0,0,0,0,0,0,2,0,0,0,0,0,0,0,0,0,0,0,0,0,0,0,0,0,0,0,0,0,0,4,
"(org.jdbi.v3.benchmark.CaseInsensitiveStringEqualsBenchmark.toLowerCaseEqualsRandomCase,3e9705feba669c288fcd9ca9b6aa41db375217e1)",0,0,0,0,0,0,0,0,0,0,0,0,0,0,0,0,0,0,0,0,0,0,0,0,0,0,0,0,0,0,0,0,0,0,0,0,0,0,0,0,0,0,0,0,
"(org.jdbi.v3.benchmark.CaseInsensitiveStringEqualsBenchmark.stringEquals,3e9705feba669c288fcd9ca9b6aa41db375217e1)",0,0,0,0,0,0,0,0,0,0,0,0,0,0,0,0,0,0,0,0,0,0,0,0,0,0,0,0,0,0,0,0,0,0,0,0,0,0,0,0,0,0,0,0,
"(org.jdbi.v3.benchmark.CaseInsensitiveStringEqualsBenchmark.equalsIgnoreCaseRandomCase,3e9705feba669c288fcd9ca9b6aa41db375217e1)",0,0,0,0,0,0,0,0,0,0,0,0,0,0,0,0,0,0,0,0,0,0,0,0,0,0,0,0,0,0,0,0,0,0,0,0,0,0,0,0,0,0,0,0,
"(org.jdbi.v3.benchmark.QualifiersBenchmark.getQualifiersAnnotated,3e9705feba669c288fcd9ca9b6aa41db375217e1)",0,0,0,0,0,0,0,0,0,0,0,0,0,0,0,0,0,0,0,0,0,0,0,0,0,0,0,0,0,0,0,0,0,0,0,0,0,0,0,0,0,0,0,0,
"(org.jdbi.v3.benchmark.QualifiersBenchmark.getQualifiersUnannotated,3e9705feba669c288fcd9ca9b6aa41db375217e1)",0,0,0,0,0,0,0,0,0,0,0,0,0,0,0,0,0,0,0,0,0,0,0,0,0,0,0,0,0,0,0,0,0,0,0,0,0,0,0,0,0,0,0,0,
"(org.jdbi.v3.benchmark.QualifiersBenchmark.mapQualifiedBean,3e9705feba669c288fcd9ca9b6aa41db375217e1)",0,0,0,0,0,0,1,0,0,0,1,0,0,0,0,0,0,0,0,0,2,0,0,0,0,0,0,0,0,0,0,0,0,0,0,0,0,0,0,0,0,0,0,4,
"(org.jdbi.v3.benchmark.CaseInsensitiveStringEqualsBenchmark.stringNotEquals,3e9705feba669c288fcd9ca9b6aa41db375217e1)",0,0,0,0,0,0,0,0,0,0,0,0,0,0,0,0,0,0,0,0,0,0,0,0,0,0,0,0,0,0,0,0,0,0,0,0,0,0,0,0,0,0,0,0,
"(org.jdbi.v3.benchmark.CaseInsensitiveStringEqualsBenchmark.toLowerCaseEqualsOther,3e9705feba669c288fcd9ca9b6aa41db375217e1)",0,0,0,0,0,0,0,0,0,0,0,0,0,0,0,0,0,0,0,0,0,0,0,0,0,0,0,0,0,0,0,0,0,0,0,0,0,0,0,0,0,0,0,0,
"(org.jdbi.v3.benchmark.CaseInsensitiveStringEqualsBenchmark.equalsIgnoreCaseCopy,3e9705feba669c288fcd9ca9b6aa41db375217e1)",0,0,0,0,0,0,0,0,0,0,0,0,0,0,0,0,0,0,0,0,0,0,0,0,0,0,0,0,0,0,0,0,0,0,0,0,0,0,0,0,0,0,0,0,
"(org.jdbi.v3.benchmark.EnumMapperBenchmark.mapByExactName,3e9705feba669c288fcd9ca9b6aa41db375217e1)",0,0,0,0,0,0,1,0,0,0,1,0,0,0,0,0,0,0,0,0,2,0,0,0,0,0,0,0,0,0,0,0,0,0,0,0,0,0,0,0,0,0,0,4,
"(org.jdbi.v3.benchmark.EnumMapperBenchmark.mapByRandomCaseName,3e9705feba669c288fcd9ca9b6aa41db375217e1)",0,0,0,0,0,0,1,0,0,0,1,0,0,0,0,0,0,0,0,0,2,0,0,0,0,0,0,0,0,0,0,0,0,0,0,0,0,0,0,0,0,0,0,4,
"(org.jdbi.v3.benchmark.CaseInsensitiveStringEqualsBenchmark.toLowerCaseEqualsCopy,3e9705feba669c288fcd9ca9b6aa41db375217e1)",0,0,0,0,0,0,0,0,0,0,0,0,0,0,0,0,0,0,0,0,0,0,0,0,0,0,0,0,0,0,0,0,0,0,0,0,0,0,0,0,0,0,0,0,
"(org.jdbi.v3.benchmark.CaseInsensitiveStringEqualsBenchmark.collatorEqualsCopy,3e9705feba669c288fcd9ca9b6aa41db375217e1)",0,0,0,0,0,0,0,0,0,0,0,0,0,0,0,0,0,0,0,0,0,0,0,0,0,0,0,0,0,0,0,0,0,0,0,0,0,0,0,0,0,0,0,0,
"(org.jdbi.v3.core.EnumBenchmark.mapEnumCaseSensitive,3e9705feba669c288fcd9ca9b6aa41db375217e1)",0,0,0,0,0,0,1,0,0,0,1,0,0,0,0,0,0,0,0,0,2,0,0,0,0,0,0,0,0,0,0,0,0,0,0,0,0,0,0,0,0,0,0,4,
"(org.jdbi.v3.benchmark.CaseInsensitiveStringEqualsBenchmark.collatorEqualsRandomCase,3e9705feba669c288fcd9ca9b6aa41db375217e1)",0,0,0,0,0,0,0,0,0,0,0,0,0,0,0,0,0,0,0,0,0,0,0,0,0,0,0,0,0,0,0,0,0,0,0,0,0,0,0,0,0,0,0,0,
"(org.jdbi.v3.benchmark.CaseInsensitiveStringEqualsBenchmark.collatorEqualsOther,8016ed891f3f1b26da448567347e23a98fcb45cd)",0,0,0,0,0,0,0,0,0,0,0,0,0,0,0,0,0,0,0,0,0,0,0,0,0,0,0,0,0,0,0,0,0,0,0,0,0,0,0,0,0,0,0,0,
"(org.jdbi.v3.core.EnumBenchmark.mapEnumCaseInsensitive,8016ed891f3f1b26da448567347e23a98fcb45cd)",0,0,0,0,0,0,0,0,0,0,0,0,0,0,0,0,0,0,0,0,0,0,0,0,0,0,0,0,0,0,0,0,0,0,0,0,0,0,0,0,0,0,0,0,
"(org.jdbi.v3.benchmark.CaseInsensitiveStringEqualsBenchmark.equalsIgnoreCaseOther,8016ed891f3f1b26da448567347e23a98fcb45cd)",0,0,0,0,0,0,0,0,0,0,0,0,0,0,0,0,0,0,0,0,0,0,0,0,0,0,0,0,0,0,0,0,0,0,0,0,0,0,0,0,0,0,0,0,
"(org.jdbi.v3.benchmark.QualifiersBenchmark.mapUnqualifiedBean,8016ed891f3f1b26da448567347e23a98fcb45cd)",0,0,0,0,0,0,0,0,0,0,0,0,0,0,0,0,0,0,0,0,0,0,0,0,0,0,0,0,0,0,0,0,0,0,0,0,0,0,0,0,0,0,0,0,
"(org.jdbi.v3.benchmark.EnumMapperBenchmark.mapByOrdinal,8016ed891f3f1b26da448567347e23a98fcb45cd)",0,0,0,0,0,0,0,0,0,0,0,0,0,0,0,0,0,0,0,0,0,0,0,0,0,0,0,0,0,0,0,0,0,0,0,0,0,0,0,0,0,0,0,0,
"(org.jdbi.v3.benchmark.CaseInsensitiveStringEqualsBenchmark.toLowerCaseEqualsRandomCase,8016ed891f3f1b26da448567347e23a98fcb45cd)",0,0,0,0,0,0,0,0,0,0,0,0,0,0,0,0,0,0,0,0,0,0,0,0,0,0,0,0,0,0,0,0,0,0,0,0,0,0,0,0,0,0,0,0,
"(org.jdbi.v3.benchmark.CaseInsensitiveStringEqualsBenchmark.stringEquals,8016ed891f3f1b26da448567347e23a98fcb45cd)",0,0,0,0,0,0,0,0,0,0,0,0,0,0,0,0,0,0,0,0,0,0,0,0,0,0,0,0,0,0,0,0,0,0,0,0,0,0,0,0,0,0,0,0,
"(org.jdbi.v3.benchmark.CaseInsensitiveStringEqualsBenchmark.equalsIgnoreCaseRandomCase,8016ed891f3f1b26da448567347e23a98fcb45cd)",0,0,0,0,0,0,0,0,0,0,0,0,0,0,0,0,0,0,0,0,0,0,0,0,0,0,0,0,0,0,0,0,0,0,0,0,0,0,0,0,0,0,0,0,
"(org.jdbi.v3.benchmark.QualifiersBenchmark.getQualifiersAnnotated,8016ed891f3f1b26da448567347e23a98fcb45cd)",0,0,0,0,0,0,0,0,0,0,0,0,0,0,0,0,0,0,0,0,0,0,0,0,0,0,0,0,0,0,0,0,0,0,0,0,0,0,0,0,0,0,0,0,
"(org.jdbi.v3.benchmark.QualifiersBenchmark.getQualifiersUnannotated,8016ed891f3f1b26da448567347e23a98fcb45cd)",0,0,0,0,0,0,0,0,0,0,0,0,0,0,0,0,0,0,0,0,0,0,0,0,0,0,0,0,0,0,0,0,0,0,0,0,0,0,0,0,0,0,0,0,
"(org.jdbi.v3.benchmark.QualifiersBenchmark.mapQualifiedBean,8016ed891f3f1b26da448567347e23a98fcb45cd)",0,0,0,0,0,0,0,0,0,0,0,0,0,0,0,0,0,0,0,0,0,0,0,0,0,0,0,0,0,0,0,0,0,0,0,0,0,0,0,0,0,0,0,0,
"(org.jdbi.v3.benchmark.CaseInsensitiveStringEqualsBenchmark.stringNotEquals,8016ed891f3f1b26da448567347e23a98fcb45cd)",0,0,0,0,0,0,0,0,0,0,0,0,0,0,0,0,0,0,0,0,0,0,0,0,0,0,0,0,0,0,0,0,0,0,0,0,0,0,0,0,0,0,0,0,
"(org.jdbi.v3.benchmark.CaseInsensitiveStringEqualsBenchmark.toLowerCaseEqualsOther,8016ed891f3f1b26da448567347e23a98fcb45cd)",0,0,0,0,0,0,0,0,0,0,0,0,0,0,0,0,0,0,0,0,0,0,0,0,0,0,0,0,0,0,0,0,0,0,0,0,0,0,0,0,0,0,0,0,
"(org.jdbi.v3.benchmark.CaseInsensitiveStringEqualsBenchmark.equalsIgnoreCaseCopy,8016ed891f3f1b26da448567347e23a98fcb45cd)",0,0,0,0,0,0,0,0,0,0,0,0,0,0,0,0,0,0,0,0,0,0,0,0,0,0,0,0,0,0,0,0,0,0,0,0,0,0,0,0,0,0,0,0,
"(org.jdbi.v3.benchmark.EnumMapperBenchmark.mapByExactName,8016ed891f3f1b26da448567347e23a98fcb45cd)",0,0,0,0,0,0,0,0,0,0,0,0,0,0,0,0,0,0,0,0,0,0,0,0,0,0,0,0,0,0,0,0,0,0,0,0,0,0,0,0,0,0,0,0,
"(org.jdbi.v3.benchmark.EnumMapperBenchmark.mapByRandomCaseName,8016ed891f3f1b26da448567347e23a98fcb45cd)",0,0,0,0,0,0,0,0,0,0,0,0,0,0,0,0,0,0,0,0,0,0,0,0,0,0,0,0,0,0,0,0,0,0,0,0,0,0,0,0,0,0,0,0,
"(org.jdbi.v3.benchmark.CaseInsensitiveStringEqualsBenchmark.toLowerCaseEqualsCopy,8016ed891f3f1b26da448567347e23a98fcb45cd)",0,0,0,0,0,0,0,0,0,0,0,0,0,0,0,0,0,0,0,0,0,0,0,0,0,0,0,0,0,0,0,0,0,0,0,0,0,0,0,0,0,0,0,0,
"(org.jdbi.v3.benchmark.CaseInsensitiveStringEqualsBenchmark.collatorEqualsCopy,8016ed891f3f1b26da448567347e23a98fcb45cd)",0,0,0,0,0,0,0,0,0,0,0,0,0,0,0,0,0,0,0,0,0,0,0,0,0,0,0,0,0,0,0,0,0,0,0,0,0,0,0,0,0,0,0,0,
"(org.jdbi.v3.core.EnumBenchmark.mapEnumCaseSensitive,8016ed891f3f1b26da448567347e23a98fcb45cd)",0,0,0,0,0,0,0,0,0,0,0,0,0,0,0,0,0,0,0,0,0,0,0,0,0,0,0,0,0,0,0,0,0,0,0,0,0,0,0,0,0,0,0,0,
"(org.jdbi.v3.benchmark.CaseInsensitiveStringEqualsBenchmark.collatorEqualsRandomCase,8016ed891f3f1b26da448567347e23a98fcb45cd)",0,0,0,0,0,0,0,0,0,0,0,0,0,0,0,0,0,0,0,0,0,0,0,0,0,0,0,0,0,0,0,0,0,0,0,0,0,0,0,0,0,0,0,0,
"(org.jdbi.v3.benchmark.CaseInsensitiveStringEqualsBenchmark.collatorEqualsOther,8c1228a27b25ca3bd285f76c3a3d0ed092b61195)",0,0,0,0,0,0,0,0,0,0,0,0,0,0,0,0,0,0,0,0,0,0,0,0,0,0,0,0,0,0,0,0,0,0,0,0,0,0,0,0,0,0,0,0,
"(org.jdbi.v3.core.EnumBenchmark.mapEnumCaseInsensitive,8c1228a27b25ca3bd285f76c3a3d0ed092b61195)",0,0,0,0,0,0,0,0,0,0,0,0,0,0,0,0,0,0,0,0,0,0,0,0,0,0,0,0,0,0,0,0,0,0,0,0,0,0,0,0,0,0,0,0,
"(org.jdbi.v3.benchmark.CaseInsensitiveStringEqualsBenchmark.equalsIgnoreCaseOther,8c1228a27b25ca3bd285f76c3a3d0ed092b61195)",0,0,0,0,0,0,0,0,0,0,0,0,0,0,0,0,0,0,0,0,0,0,0,0,0,0,0,0,0,0,0,0,0,0,0,0,0,0,0,0,0,0,0,0,
"(org.jdbi.v3.benchmark.QualifiersBenchmark.mapUnqualifiedBean,8c1228a27b25ca3bd285f76c3a3d0ed092b61195)",0,0,0,0,0,0,0,0,0,0,0,0,0,0,0,0,0,0,0,0,0,0,0,0,0,0,0,0,0,0,0,0,0,0,0,0,0,0,0,0,0,0,0,0,
"(org.jdbi.v3.benchmark.EnumMapperBenchmark.mapByOrdinal,8c1228a27b25ca3bd285f76c3a3d0ed092b61195)",0,0,0,0,0,0,0,0,0,0,0,0,0,0,0,0,0,0,0,0,0,0,0,0,0,0,0,0,0,0,0,0,0,0,0,0,0,0,0,0,0,0,0,0,
"(org.jdbi.v3.benchmark.CaseInsensitiveStringEqualsBenchmark.toLowerCaseEqualsRandomCase,8c1228a27b25ca3bd285f76c3a3d0ed092b61195)",0,0,0,0,0,0,0,0,0,0,0,0,0,0,0,0,0,0,0,0,0,0,0,0,0,0,0,0,0,0,0,0,0,0,0,0,0,0,0,0,0,0,0,0,
"(org.jdbi.v3.benchmark.CaseInsensitiveStringEqualsBenchmark.stringEquals,8c1228a27b25ca3bd285f76c3a3d0ed092b61195)",0,0,0,0,0,0,0,0,0,0,0,0,0,0,0,0,0,0,0,0,0,0,0,0,0,0,0,0,0,0,0,0,0,0,0,0,0,0,0,0,0,0,0,0,
"(org.jdbi.v3.benchmark.CaseInsensitiveStringEqualsBenchmark.equalsIgnoreCaseRandomCase,8c1228a27b25ca3bd285f76c3a3d0ed092b61195)",0,0,0,0,0,0,0,0,0,0,0,0,0,0,0,0,0,0,0,0,0,0,0,0,0,0,0,0,0,0,0,0,0,0,0,0,0,0,0,0,0,0,0,0,
"(org.jdbi.v3.benchmark.QualifiersBenchmark.getQualifiersAnnotated,8c1228a27b25ca3bd285f76c3a3d0ed092b61195)",0,0,0,0,0,0,0,0,0,0,0,0,0,0,0,0,0,0,0,0,0,0,0,0,0,0,0,0,0,0,0,0,0,0,0,0,0,0,0,0,0,0,0,0,
"(org.jdbi.v3.benchmark.QualifiersBenchmark.getQualifiersUnannotated,8c1228a27b25ca3bd285f76c3a3d0ed092b61195)",0,0,0,0,0,0,0,0,0,0,0,0,0,0,0,0,0,0,0,0,0,0,0,0,0,0,0,0,0,0,0,0,0,0,0,0,0,0,0,0,0,0,0,0,
"(org.jdbi.v3.benchmark.QualifiersBenchmark.mapQualifiedBean,8c1228a27b25ca3bd285f76c3a3d0ed092b61195)",0,0,0,0,0,0,0,0,0,0,0,0,0,0,0,0,0,0,0,0,0,0,0,0,0,0,0,0,0,0,0,0,0,0,0,0,0,0,0,0,0,0,0,0,
"(org.jdbi.v3.benchmark.CaseInsensitiveStringEqualsBenchmark.stringNotEquals,8c1228a27b25ca3bd285f76c3a3d0ed092b61195)",0,0,0,0,0,0,0,0,0,0,0,0,0,0,0,0,0,0,0,0,0,0,0,0,0,0,0,0,0,0,0,0,0,0,0,0,0,0,0,0,0,0,0,0,
"(org.jdbi.v3.benchmark.CaseInsensitiveStringEqualsBenchmark.toLowerCaseEqualsOther,8c1228a27b25ca3bd285f76c3a3d0ed092b61195)",0,0,0,0,0,0,0,0,0,0,0,0,0,0,0,0,0,0,0,0,0,0,0,0,0,0,0,0,0,0,0,0,0,0,0,0,0,0,0,0,0,0,0,0,
"(org.jdbi.v3.benchmark.CaseInsensitiveStringEqualsBenchmark.equalsIgnoreCaseCopy,8c1228a27b25ca3bd285f76c3a3d0ed092b61195)",0,0,0,0,0,0,0,0,0,0,0,0,0,0,0,0,0,0,0,0,0,0,0,0,0,0,0,0,0,0,0,0,0,0,0,0,0,0,0,0,0,0,0,0,
"(org.jdbi.v3.benchmark.EnumMapperBenchmark.mapByExactName,8c1228a27b25ca3bd285f76c3a3d0ed092b61195)",0,0,0,0,0,0,0,0,0,0,0,0,0,0,0,0,0,0,0,0,0,0,0,0,0,0,0,0,0,0,0,0,0,0,0,0,0,0,0,0,0,0,0,0,
"(org.jdbi.v3.benchmark.EnumMapperBenchmark.mapByRandomCaseName,8c1228a27b25ca3bd285f76c3a3d0ed092b61195)",0,0,0,0,0,0,0,0,0,0,0,0,0,0,0,0,0,0,0,0,0,0,0,0,0,0,0,0,0,0,0,0,0,0,0,0,0,0,0,0,0,0,0,0,
"(org.jdbi.v3.benchmark.CaseInsensitiveStringEqualsBenchmark.toLowerCaseEqualsCopy,8c1228a27b25ca3bd285f76c3a3d0ed092b61195)",0,0,0,0,0,0,0,0,0,0,0,0,0,0,0,0,0,0,0,0,0,0,0,0,0,0,0,0,0,0,0,0,0,0,0,0,0,0,0,0,0,0,0,0,
"(org.jdbi.v3.benchmark.CaseInsensitiveStringEqualsBenchmark.collatorEqualsCopy,8c1228a27b25ca3bd285f76c3a3d0ed092b61195)",0,0,0,0,0,0,0,0,0,0,0,0,0,0,0,0,0,0,0,0,0,0,0,0,0,0,0,0,0,0,0,0,0,0,0,0,0,0,0,0,0,0,0,0,
"(org.jdbi.v3.core.EnumBenchmark.mapEnumCaseSensitive,8c1228a27b25ca3bd285f76c3a3d0ed092b61195)",0,0,0,0,0,0,0,0,0,0,0,0,0,0,0,0,0,0,0,0,0,0,0,0,0,0,0,0,0,0,0,0,0,0,0,0,0,0,0,0,0,0,0,0,
"(org.jdbi.v3.benchmark.CaseInsensitiveStringEqualsBenchmark.collatorEqualsRandomCase,8c1228a27b25ca3bd285f76c3a3d0ed092b61195)",0,0,0,0,0,0,0,0,0,0,0,0,0,0,0,0,0,0,0,0,0,0,0,0,0,0,0,0,0,0,0,0,0,0,0,0,0,0,0,0,0,0,0,0,
"(org.jdbi.v3.benchmark.CaseInsensitiveStringEqualsBenchmark.collatorEqualsOther,e6961736e7db077d52877591bc22b2852216909c)",0,0,0,0,0,0,0,0,0,0,0,0,0,0,0,0,0,0,0,0,0,0,0,0,0,0,0,0,0,0,0,0,0,0,0,0,0,0,0,0,0,0,0,0,
"(org.jdbi.v3.core.EnumBenchmark.mapEnumCaseInsensitive,e6961736e7db077d52877591bc22b2852216909c)",0,0,0,0,0,0,0,0,0,0,0,0,0,0,0,0,0,0,0,0,0,0,0,0,0,0,0,0,0,0,0,0,0,0,0,0,0,0,0,0,0,0,0,0,
"(org.jdbi.v3.benchmark.CaseInsensitiveStringEqualsBenchmark.equalsIgnoreCaseOther,e6961736e7db077d52877591bc22b2852216909c)",0,0,0,0,0,0,0,0,0,0,0,0,0,0,0,0,0,0,0,0,0,0,0,0,0,0,0,0,0,0,0,0,0,0,0,0,0,0,0,0,0,0,0,0,
"(org.jdbi.v3.benchmark.QualifiersBenchmark.mapUnqualifiedBean,e6961736e7db077d52877591bc22b2852216909c)",0,0,0,0,0,0,0,0,0,0,0,0,0,0,1,0,0,0,0,0,0,0,0,0,0,0,0,0,0,0,0,0,0,0,0,0,0,0,0,0,0,0,0,1,
"(org.jdbi.v3.benchmark.EnumMapperBenchmark.mapByOrdinal,e6961736e7db077d52877591bc22b2852216909c)",0,0,0,0,0,0,0,0,0,0,0,0,0,0,0,0,0,0,0,0,0,0,0,0,0,0,0,0,0,0,0,0,0,0,0,0,0,0,0,0,0,0,0,0,
"(org.jdbi.v3.benchmark.CaseInsensitiveStringEqualsBenchmark.toLowerCaseEqualsRandomCase,e6961736e7db077d52877591bc22b2852216909c)",0,0,0,0,0,0,0,0,0,0,0,0,0,0,0,0,0,0,0,0,0,0,0,0,0,0,0,0,0,0,0,0,0,0,0,0,0,0,0,0,0,0,0,0,
"(org.jdbi.v3.benchmark.CaseInsensitiveStringEqualsBenchmark.stringEquals,e6961736e7db077d52877591bc22b2852216909c)",0,0,0,0,0,0,0,0,0,0,0,0,0,0,0,0,0,0,0,0,0,0,0,0,0,0,0,0,0,0,0,0,0,0,0,0,0,0,0,0,0,0,0,0,
"(org.jdbi.v3.benchmark.CaseInsensitiveStringEqualsBenchmark.equalsIgnoreCaseRandomCase,e6961736e7db077d52877591bc22b2852216909c)",0,0,0,0,0,0,0,0,0,0,0,0,0,0,0,0,0,0,0,0,0,0,0,0,0,0,0,0,0,0,0,0,0,0,0,0,0,0,0,0,0,0,0,0,
"(org.jdbi.v3.benchmark.QualifiersBenchmark.getQualifiersAnnotated,e6961736e7db077d52877591bc22b2852216909c)",0,0,0,0,0,0,0,0,0,0,0,0,0,0,0,0,0,0,0,0,0,0,0,0,0,0,0,0,0,0,0,0,0,0,0,0,0,0,0,0,0,0,0,0,
"(org.jdbi.v3.benchmark.QualifiersBenchmark.getQualifiersUnannotated,e6961736e7db077d52877591bc22b2852216909c)",0,0,0,0,0,0,0,0,0,0,0,0,0,0,0,0,0,0,0,0,0,0,0,0,0,0,0,0,0,0,0,0,0,0,0,0,0,0,0,0,0,0,0,0,
"(org.jdbi.v3.benchmark.QualifiersBenchmark.mapQualifiedBean,e6961736e7db077d52877591bc22b2852216909c)",0,0,0,0,0,0,0,0,0,0,0,0,0,0,1,0,0,0,0,0,0,0,0,0,0,0,0,0,0,0,0,0,0,0,0,0,0,0,0,0,0,0,0,1,
"(org.jdbi.v3.benchmark.CaseInsensitiveStringEqualsBenchmark.stringNotEquals,e6961736e7db077d52877591bc22b2852216909c)",0,0,0,0,0,0,0,0,0,0,0,0,0,0,0,0,0,0,0,0,0,0,0,0,0,0,0,0,0,0,0,0,0,0,0,0,0,0,0,0,0,0,0,0,
"(org.jdbi.v3.benchmark.CaseInsensitiveStringEqualsBenchmark.toLowerCaseEqualsOther,e6961736e7db077d52877591bc22b2852216909c)",0,0,0,0,0,0,0,0,0,0,0,0,0,0,0,0,0,0,0,0,0,0,0,0,0,0,0,0,0,0,0,0,0,0,0,0,0,0,0,0,0,0,0,0,
"(org.jdbi.v3.benchmark.CaseInsensitiveStringEqualsBenchmark.equalsIgnoreCaseCopy,e6961736e7db077d52877591bc22b2852216909c)",0,0,0,0,0,0,0,0,0,0,0,0,0,0,0,0,0,0,0,0,0,0,0,0,0,0,0,0,0,0,0,0,0,0,0,0,0,0,0,0,0,0,0,0,
"(org.jdbi.v3.benchmark.EnumMapperBenchmark.mapByExactName,e6961736e7db077d52877591bc22b2852216909c)",0,0,0,0,0,0,0,0,0,0,0,0,0,0,0,0,0,0,0,0,0,0,0,0,0,0,0,0,0,0,0,0,0,0,0,0,0,0,0,0,0,0,0,0,
"(org.jdbi.v3.benchmark.EnumMapperBenchmark.mapByRandomCaseName,e6961736e7db077d52877591bc22b2852216909c)",0,0,0,0,0,0,0,0,0,0,0,0,0,0,0,0,0,0,0,0,0,0,0,0,0,0,0,0,0,0,0,0,0,0,0,0,0,0,0,0,0,0,0,0,
"(org.jdbi.v3.benchmark.CaseInsensitiveStringEqualsBenchmark.toLowerCaseEqualsCopy,e6961736e7db077d52877591bc22b2852216909c)",0,0,0,0,0,0,0,0,0,0,0,0,0,0,0,0,0,0,0,0,0,0,0,0,0,0,0,0,0,0,0,0,0,0,0,0,0,0,0,0,0,0,0,0,
"(org.jdbi.v3.benchmark.CaseInsensitiveStringEqualsBenchmark.collatorEqualsCopy,e6961736e7db077d52877591bc22b2852216909c)",0,0,0,0,0,0,0,0,0,0,0,0,0,0,0,0,0,0,0,0,0,0,0,0,0,0,0,0,0,0,0,0,0,0,0,0,0,0,0,0,0,0,0,0,
"(org.jdbi.v3.core.EnumBenchmark.mapEnumCaseSensitive,e6961736e7db077d52877591bc22b2852216909c)",0,0,0,0,0,0,0,0,0,0,0,0,0,0,0,0,0,0,0,0,0,0,0,0,0,0,0,0,0,0,0,0,0,0,0,0,0,0,0,0,0,0,0,0,
"(org.jdbi.v3.benchmark.CaseInsensitiveStringEqualsBenchmark.collatorEqualsRandomCase,e6961736e7db077d52877591bc22b2852216909c)",0,0,0,0,0,0,0,0,0,0,0,0,0,0,0,0,0,0,0,0,0,0,0,0,0,0,0,0,0,0,0,0,0,0,0,0,0,0,0,0,0,0,0,0,
"(org.jdbi.v3.benchmark.CaseInsensitiveStringEqualsBenchmark.collatorEqualsOther,dc56c4f203c13fca1dda08dfe02bdadd7ef51f7d)",0,0,0,0,0,0,0,0,0,0,0,0,0,0,0,0,0,0,0,0,0,0,0,0,0,0,0,0,0,0,0,0,0,0,0,0,0,0,0,0,0,0,0,0,
"(org.jdbi.v3.core.EnumBenchmark.mapEnumCaseInsensitive,dc56c4f203c13fca1dda08dfe02bdadd7ef51f7d)",0,0,0,0,0,0,0,0,0,0,0,0,0,0,0,0,0,0,0,0,0,0,0,0,0,0,0,0,0,0,0,0,0,0,0,0,0,0,0,0,0,0,0,0,
"(org.jdbi.v3.benchmark.CaseInsensitiveStringEqualsBenchmark.equalsIgnoreCaseOther,dc56c4f203c13fca1dda08dfe02bdadd7ef51f7d)",0,0,0,0,0,0,0,0,0,0,0,0,0,0,0,0,0,0,0,0,0,0,0,0,0,0,0,0,0,0,0,0,0,0,0,0,0,0,0,0,0,0,0,0,
"(org.jdbi.v3.benchmark.BeanBindingBenchmark.oneJdbi,dc56c4f203c13fca1dda08dfe02bdadd7ef51f7d)",0,0,0,0,0,0,0,0,0,0,0,0,0,0,0,0,0,0,0,0,0,0,0,0,0,0,0,0,0,0,0,0,0,0,0,0,0,0,0,0,0,0,0,0,
"(org.jdbi.v3.benchmark.QualifiersBenchmark.mapUnqualifiedBean,dc56c4f203c13fca1dda08dfe02bdadd7ef51f7d)",0,0,0,0,0,0,0,0,0,0,0,0,0,0,0,0,0,0,0,0,0,0,0,0,0,0,0,0,0,0,0,0,0,0,0,0,0,0,0,0,0,0,0,0,
"(org.jdbi.v3.benchmark.BeanBindingBenchmark.batchJdbc,dc56c4f203c13fca1dda08dfe02bdadd7ef51f7d)",0,0,0,0,0,0,0,0,0,0,0,0,0,0,0,0,0,0,0,0,0,0,0,0,0,0,0,0,0,0,0,0,0,0,0,0,0,0,0,0,0,0,0,0,
"(org.jdbi.v3.benchmark.EnumMapperBenchmark.mapByOrdinal,dc56c4f203c13fca1dda08dfe02bdadd7ef51f7d)",0,0,0,0,0,0,0,0,0,0,0,0,0,0,0,0,0,0,0,0,0,0,0,0,0,0,0,0,0,0,0,0,0,0,0,0,0,0,0,0,0,0,0,0,
"(org.jdbi.v3.benchmark.CaseInsensitiveStringEqualsBenchmark.toLowerCaseEqualsRandomCase,dc56c4f203c13fca1dda08dfe02bdadd7ef51f7d)",0,0,0,0,0,0,0,0,0,0,0,0,0,0,0,0,0,0,0,0,0,0,0,0,0,0,0,0,0,0,0,0,0,0,0,0,0,0,0,0,0,0,0,0,
"(org.jdbi.v3.benchmark.CaseInsensitiveStringEqualsBenchmark.stringEquals,dc56c4f203c13fca1dda08dfe02bdadd7ef51f7d)",0,0,0,0,0,0,0,0,0,0,0,0,0,0,0,0,0,0,0,0,0,0,0,0,0,0,0,0,0,0,0,0,0,0,0,0,0,0,0,0,0,0,0,0,
"(org.jdbi.v3.benchmark.CaseInsensitiveStringEqualsBenchmark.equalsIgnoreCaseRandomCase,dc56c4f203c13fca1dda08dfe02bdadd7ef51f7d)",0,0,0,0,0,0,0,0,0,0,0,0,0,0,0,0,0,0,0,0,0,0,0,0,0,0,0,0,0,0,0,0,0,0,0,0,0,0,0,0,0,0,0,0,
"(org.jdbi.v3.benchmark.QualifiersBenchmark.getQualifiersAnnotated,dc56c4f203c13fca1dda08dfe02bdadd7ef51f7d)",0,0,0,0,0,0,0,0,0,0,0,0,0,0,0,0,0,0,0,0,0,0,0,0,0,0,0,0,0,0,0,0,0,0,0,0,0,0,0,0,0,0,0,0,
"(org.jdbi.v3.benchmark.QualifiersBenchmark.getQualifiersUnannotated,dc56c4f203c13fca1dda08dfe02bdadd7ef51f7d)",0,0,0,0,0,0,0,0,0,0,0,0,0,0,0,0,0,0,0,0,0,0,0,0,0,0,0,0,0,0,0,0,0,0,0,0,0,0,0,0,0,0,0,0,
"(org.jdbi.v3.benchmark.QualifiersBenchmark.mapQualifiedBean,dc56c4f203c13fca1dda08dfe02bdadd7ef51f7d)",0,0,0,0,0,0,0,0,0,0,0,0,0,0,0,0,0,0,0,0,0,0,0,0,0,0,0,0,0,0,0,0,0,0,0,0,0,0,0,0,0,0,0,0,
"(org.jdbi.v3.benchmark.CaseInsensitiveStringEqualsBenchmark.stringNotEquals,dc56c4f203c13fca1dda08dfe02bdadd7ef51f7d)",0,0,0,0,0,0,0,0,0,0,0,0,0,0,0,0,0,0,0,0,0,0,0,0,0,0,0,0,0,0,0,0,0,0,0,0,0,0,0,0,0,0,0,0,
"(org.jdbi.v3.benchmark.CaseInsensitiveStringEqualsBenchmark.toLowerCaseEqualsOther,dc56c4f203c13fca1dda08dfe02bdadd7ef51f7d)",0,0,0,0,0,0,0,0,0,0,0,0,0,0,0,0,0,0,0,0,0,0,0,0,0,0,0,0,0,0,0,0,0,0,0,0,0,0,0,0,0,0,0,0,
"(org.jdbi.v3.benchmark.CaseInsensitiveStringEqualsBenchmark.equalsIgnoreCaseCopy,dc56c4f203c13fca1dda08dfe02bdadd7ef51f7d)",0,0,0,0,0,0,0,0,0,0,0,0,0,0,0,0,0,0,0,0,0,0,0,0,0,0,0,0,0,0,0,0,0,0,0,0,0,0,0,0,0,0,0,0,
"(org.jdbi.v3.benchmark.EnumMapperBenchmark.mapByExactName,dc56c4f203c13fca1dda08dfe02bdadd7ef51f7d)",0,0,0,0,0,0,0,0,0,0,0,0,0,0,0,0,0,0,0,0,0,0,0,0,0,0,0,0,0,0,0,0,0,0,0,0,0,0,0,0,0,0,0,0,
"(org.jdbi.v3.benchmark.BeanBindingBenchmark.batchJdbiNamed,dc56c4f203c13fca1dda08dfe02bdadd7ef51f7d)",0,0,0,0,0,0,0,0,0,0,0,0,0,0,0,0,0,0,0,0,0,0,0,0,0,0,0,0,0,0,0,0,0,0,0,0,0,0,0,0,0,0,0,0,
"(org.jdbi.v3.benchmark.EnumMapperBenchmark.mapByRandomCaseName,dc56c4f203c13fca1dda08dfe02bdadd7ef51f7d)",0,0,0,0,0,0,0,0,0,0,0,0,0,0,0,0,0,0,0,0,0,0,0,0,0,0,0,0,0,0,0,0,0,0,0,0,0,0,0,0,0,0,0,0,
"(org.jdbi.v3.benchmark.BeanBindingBenchmark.oneJdbc,dc56c4f203c13fca1dda08dfe02bdadd7ef51f7d)",0,0,0,0,0,0,0,0,0,0,0,0,0,0,0,0,0,0,0,0,0,0,0,0,0,0,0,0,0,0,0,0,0,0,0,0,0,0,0,0,0,0,0,0,
"(org.jdbi.v3.benchmark.BeanBindingBenchmark.batchJdbiPositional,dc56c4f203c13fca1dda08dfe02bdadd7ef51f7d)",0,0,0,0,0,0,0,0,0,0,0,0,0,0,0,0,0,0,0,0,0,0,0,0,0,0,0,0,0,0,0,0,0,0,0,0,0,0,0,0,0,0,0,0,
"(org.jdbi.v3.benchmark.CaseInsensitiveStringEqualsBenchmark.toLowerCaseEqualsCopy,dc56c4f203c13fca1dda08dfe02bdadd7ef51f7d)",0,0,0,0,0,0,0,0,0,0,0,0,0,0,0,0,0,0,0,0,0,0,0,0,0,0,0,0,0,0,0,0,0,0,0,0,0,0,0,0,0,0,0,0,
"(org.jdbi.v3.benchmark.CaseInsensitiveStringEqualsBenchmark.collatorEqualsCopy,dc56c4f203c13fca1dda08dfe02bdadd7ef51f7d)",0,0,0,0,0,0,0,0,0,0,0,0,0,0,0,0,0,0,0,0,0,0,0,0,0,0,0,0,0,0,0,0,0,0,0,0,0,0,0,0,0,0,0,0,
"(org.jdbi.v3.core.EnumBenchmark.mapEnumCaseSensitive,dc56c4f203c13fca1dda08dfe02bdadd7ef51f7d)",0,0,0,0,0,0,0,0,0,0,0,0,0,0,0,0,0,0,0,0,0,0,0,0,0,0,0,0,0,0,0,0,0,0,0,0,0,0,0,0,0,0,0,0,
"(org.jdbi.v3.benchmark.BeanBindingBenchmark.batchJdbiBean,dc56c4f203c13fca1dda08dfe02bdadd7ef51f7d)",0,0,0,0,0,0,0,0,0,0,0,0,0,0,0,0,0,0,0,0,0,0,0,0,0,0,0,0,0,0,0,0,0,0,0,0,0,0,0,0,0,0,0,0,
"(org.jdbi.v3.benchmark.BeanBindingBenchmark.batchJdbiMap,dc56c4f203c13fca1dda08dfe02bdadd7ef51f7d)",0,0,0,0,0,0,0,0,0,0,0,0,0,0,0,0,0,0,0,0,0,0,0,0,0,0,0,0,0,0,0,0,0,0,0,0,0,0,0,0,0,0,0,0,
"(org.jdbi.v3.benchmark.CaseInsensitiveStringEqualsBenchmark.collatorEqualsRandomCase,dc56c4f203c13fca1dda08dfe02bdadd7ef51f7d)",0,0,0,0,0,0,0,0,0,0,0,0,0,0,0,0,0,0,0,0,0,0,0,0,0,0,0,0,0,0,0,0,0,0,0,0,0,0,0,0,0,0,0,0,
"(org.jdbi.v3.benchmark.CaseInsensitiveStringEqualsBenchmark.collatorEqualsOther,41cd220c610d948dd6ffbde3a69690a3b40a93f1)",0,0,0,0,0,0,0,0,0,0,0,0,0,0,0,0,0,0,0,0,0,0,0,0,0,0,0,0,0,0,0,0,0,0,0,0,0,0,0,0,0,0,0,0,
"(org.jdbi.v3.core.EnumBenchmark.mapEnumCaseInsensitive,41cd220c610d948dd6ffbde3a69690a3b40a93f1)",0,0,0,0,0,0,0,0,0,0,0,0,0,0,0,0,1,0,0,0,0,0,0,0,0,0,0,0,0,0,0,0,0,0,0,0,0,0,0,0,0,0,0,1,
"(org.jdbi.v3.benchmark.CaseInsensitiveStringEqualsBenchmark.equalsIgnoreCaseOther,41cd220c610d948dd6ffbde3a69690a3b40a93f1)",0,0,0,0,0,0,0,0,0,0,0,0,0,0,0,0,0,0,0,0,0,0,0,0,0,0,0,0,0,0,0,0,0,0,0,0,0,0,0,0,0,0,0,0,
"(org.jdbi.v3.benchmark.QualifiersBenchmark.mapUnqualifiedBean,41cd220c610d948dd6ffbde3a69690a3b40a93f1)",0,0,0,0,0,0,0,0,0,0,0,0,0,0,0,0,0,0,0,0,0,0,0,0,0,0,0,0,0,0,0,0,0,0,0,0,0,0,0,0,0,0,0,0,
"(org.jdbi.v3.benchmark.EnumMapperBenchmark.mapByOrdinal,41cd220c610d948dd6ffbde3a69690a3b40a93f1)",0,0,0,0,0,0,0,0,0,0,0,0,0,0,0,0,0,0,0,0,0,0,0,0,0,0,0,0,0,0,0,0,0,0,0,0,0,0,0,0,0,0,0,0,
"(org.jdbi.v3.benchmark.CaseInsensitiveStringEqualsBenchmark.toLowerCaseEqualsRandomCase,41cd220c610d948dd6ffbde3a69690a3b40a93f1)",0,0,0,0,0,0,0,0,0,0,0,0,0,0,0,0,0,0,0,0,0,0,0,0,0,0,0,0,0,0,0,0,0,0,0,0,0,0,0,0,0,0,0,0,
"(org.jdbi.v3.benchmark.CaseInsensitiveStringEqualsBenchmark.stringEquals,41cd220c610d948dd6ffbde3a69690a3b40a93f1)",0,0,0,0,0,0,0,0,0,0,0,0,0,0,0,0,0,0,0,0,0,0,0,0,0,0,0,0,0,0,0,0,0,0,0,0,0,0,0,0,0,0,0,0,
"(org.jdbi.v3.benchmark.CaseInsensitiveStringEqualsBenchmark.equalsIgnoreCaseRandomCase,41cd220c610d948dd6ffbde3a69690a3b40a93f1)",0,0,0,0,0,0,0,0,0,0,0,0,0,0,0,0,0,0,0,0,0,0,0,0,0,0,0,0,0,0,0,0,0,0,0,0,0,0,0,0,0,0,0,0,
"(org.jdbi.v3.benchmark.QualifiersBenchmark.getQualifiersAnnotated,41cd220c610d948dd6ffbde3a69690a3b40a93f1)",0,0,0,0,0,0,0,0,0,0,0,0,0,0,0,0,0,0,0,0,0,0,0,0,0,0,0,0,0,0,0,0,0,0,0,0,0,0,0,0,0,0,0,0,
"(org.jdbi.v3.benchmark.QualifiersBenchmark.getQualifiersUnannotated,41cd220c610d948dd6ffbde3a69690a3b40a93f1)",0,0,0,0,0,0,0,0,0,0,0,0,0,0,0,0,0,0,0,0,0,0,0,0,0,0,0,0,0,0,0,0,0,0,0,0,0,0,0,0,0,0,0,0,
"(org.jdbi.v3.benchmark.QualifiersBenchmark.mapQualifiedBean,41cd220c610d948dd6ffbde3a69690a3b40a93f1)",0,0,0,0,0,0,0,0,0,0,0,0,0,0,0,0,0,1,0,0,0,0,0,0,0,0,0,0,0,0,0,0,0,0,0,0,0,0,0,0,0,0,0,1,
"(org.jdbi.v3.benchmark.CaseInsensitiveStringEqualsBenchmark.stringNotEquals,41cd220c610d948dd6ffbde3a69690a3b40a93f1)",0,0,0,0,0,0,0,0,0,0,0,0,0,0,0,0,0,0,0,0,0,0,0,0,0,0,0,0,0,0,0,0,0,0,0,0,0,0,0,0,0,0,0,0,
"(org.jdbi.v3.benchmark.CaseInsensitiveStringEqualsBenchmark.toLowerCaseEqualsOther,41cd220c610d948dd6ffbde3a69690a3b40a93f1)",0,0,0,0,0,0,0,0,0,0,0,0,0,0,0,0,0,0,0,0,0,0,0,0,0,0,0,0,0,0,0,0,0,0,0,0,0,0,0,0,0,0,0,0,
"(org.jdbi.v3.benchmark.CaseInsensitiveStringEqualsBenchmark.equalsIgnoreCaseCopy,41cd220c610d948dd6ffbde3a69690a3b40a93f1)",0,0,0,0,0,0,0,0,0,0,0,0,0,0,0,0,0,0,0,0,0,0,0,0,0,0,0,0,0,0,0,0,0,0,0,0,0,0,0,0,0,0,0,0,
"(org.jdbi.v3.benchmark.EnumMapperBenchmark.mapByExactName,41cd220c610d948dd6ffbde3a69690a3b40a93f1)",0,0,0,0,0,0,0,0,0,0,0,0,0,0,0,0,0,0,0,0,0,0,0,0,0,0,0,0,0,0,0,0,0,0,0,0,0,0,0,0,0,0,0,0,
"(org.jdbi.v3.benchmark.EnumMapperBenchmark.mapByRandomCaseName,41cd220c610d948dd6ffbde3a69690a3b40a93f1)",0,0,0,0,0,0,0,0,0,0,0,0,0,0,0,0,0,0,0,0,0,0,0,0,0,0,0,0,0,0,0,0,0,0,0,0,0,0,0,0,0,0,0,0,
"(org.jdbi.v3.benchmark.CaseInsensitiveStringEqualsBenchmark.toLowerCaseEqualsCopy,41cd220c610d948dd6ffbde3a69690a3b40a93f1)",0,0,0,0,0,0,0,0,0,0,0,0,0,0,0,0,0,0,0,0,0,0,0,0,0,0,0,0,0,0,0,0,0,0,0,0,0,0,0,0,0,0,0,0,
"(org.jdbi.v3.benchmark.CaseInsensitiveStringEqualsBenchmark.collatorEqualsCopy,41cd220c610d948dd6ffbde3a69690a3b40a93f1)",0,0,0,0,0,0,0,0,0,0,0,0,0,0,0,0,0,0,0,0,0,0,0,0,0,0,0,0,0,0,0,0,0,0,0,0,0,0,0,0,0,0,0,0,
"(org.jdbi.v3.core.EnumBenchmark.mapEnumCaseSensitive,41cd220c610d948dd6ffbde3a69690a3b40a93f1)",0,0,0,0,0,0,0,0,0,0,0,0,0,0,0,0,0,0,0,0,0,0,0,0,0,0,0,0,0,0,0,0,0,0,0,0,0,0,0,0,0,0,0,0,
"(org.jdbi.v3.benchmark.CaseInsensitiveStringEqualsBenchmark.collatorEqualsRandomCase,41cd220c610d948dd6ffbde3a69690a3b40a93f1)",0,0,0,0,0,0,0,0,0,0,0,0,0,0,0,0,0,0,0,0,0,0,0,0,0,0,0,0,0,0,0,0,0,0,0,0,0,0,0,0,0,0,0,0,
"(org.jdbi.v3.benchmark.CaseInsensitiveStringEqualsBenchmark.collatorEqualsOther,e3de95e3757c38272ae6525ee80b02a886929033)",0,0,0,0,0,0,0,0,0,0,0,0,0,0,0,0,0,0,0,0,0,0,0,0,0,0,0,0,0,0,0,0,0,0,0,0,0,0,0,0,0,0,0,0,
"(org.jdbi.v3.core.EnumBenchmark.mapEnumCaseInsensitive,e3de95e3757c38272ae6525ee80b02a886929033)",0,0,0,0,0,0,0,0,0,0,0,0,0,0,0,0,0,0,0,0,0,0,0,0,0,0,0,0,0,0,0,0,0,0,0,0,0,0,0,0,0,0,0,0,
"(org.jdbi.v3.benchmark.CaseInsensitiveStringEqualsBenchmark.equalsIgnoreCaseOther,e3de95e3757c38272ae6525ee80b02a886929033)",0,0,0,0,0,0,0,0,0,0,0,0,0,0,0,0,0,0,0,0,0,0,0,0,0,0,0,0,0,0,0,0,0,0,0,0,0,0,0,0,0,0,0,0,
"(org.jdbi.v3.benchmark.QualifiersBenchmark.mapUnqualifiedBean,e3de95e3757c38272ae6525ee80b02a886929033)",0,0,0,0,0,0,0,0,0,0,0,0,0,0,0,0,0,0,0,0,0,0,0,0,0,0,0,0,0,0,0,0,0,0,0,0,0,0,0,0,0,0,0,0,
"(org.jdbi.v3.benchmark.EnumMapperBenchmark.mapByOrdinal,e3de95e3757c38272ae6525ee80b02a886929033)",0,0,0,0,0,0,0,0,0,0,0,0,0,0,0,0,0,0,0,0,0,0,0,0,0,0,0,0,0,0,0,0,0,0,0,0,0,0,0,0,0,0,0,0,
"(org.jdbi.v3.benchmark.CaseInsensitiveStringEqualsBenchmark.toLowerCaseEqualsRandomCase,e3de95e3757c38272ae6525ee80b02a886929033)",0,0,0,0,0,0,0,0,0,0,0,0,0,0,0,0,0,0,0,0,0,0,0,0,0,0,0,0,0,0,0,0,0,0,0,0,0,0,0,0,0,0,0,0,
"(org.jdbi.v3.benchmark.CaseInsensitiveStringEqualsBenchmark.stringEquals,e3de95e3757c38272ae6525ee80b02a886929033)",0,0,0,0,0,0,0,0,0,0,0,0,0,0,0,0,0,0,0,0,0,0,0,0,0,0,0,0,0,0,0,0,0,0,0,0,0,0,0,0,0,0,0,0,
"(org.jdbi.v3.benchmark.CaseInsensitiveStringEqualsBenchmark.equalsIgnoreCaseRandomCase,e3de95e3757c38272ae6525ee80b02a886929033)",0,0,0,0,0,0,0,0,0,0,0,0,0,0,0,0,0,0,0,0,0,0,0,0,0,0,0,0,0,0,0,0,0,0,0,0,0,0,0,0,0,0,0,0,
"(org.jdbi.v3.benchmark.QualifiersBenchmark.getQualifiersAnnotated,e3de95e3757c38272ae6525ee80b02a886929033)",0,0,0,0,0,0,0,0,0,0,0,0,0,0,0,0,0,0,0,0,0,0,0,0,0,0,0,0,0,0,0,0,0,0,0,0,0,0,0,0,0,0,0,0,
"(org.jdbi.v3.benchmark.QualifiersBenchmark.getQualifiersUnannotated,e3de95e3757c38272ae6525ee80b02a886929033)",0,0,0,0,0,0,0,0,0,0,0,0,0,0,0,0,0,0,0,0,0,0,0,0,0,0,0,0,0,0,0,0,0,0,0,0,0,0,0,0,0,0,0,0,
"(org.jdbi.v3.benchmark.QualifiersBenchmark.mapQualifiedBean,e3de95e3757c38272ae6525ee80b02a886929033)",0,0,0,0,0,0,0,0,0,0,0,0,0,0,0,0,0,0,0,0,0,0,0,0,0,0,0,0,0,0,0,0,0,0,0,0,0,0,0,0,0,0,0,0,
"(org.jdbi.v3.benchmark.CaseInsensitiveStringEqualsBenchmark.stringNotEquals,e3de95e3757c38272ae6525ee80b02a886929033)",0,0,0,0,0,0,0,0,0,0,0,0,0,0,0,0,0,0,0,0,0,0,0,0,0,0,0,0,0,0,0,0,0,0,0,0,0,0,0,0,0,0,0,0,
"(org.jdbi.v3.benchmark.CaseInsensitiveStringEqualsBenchmark.toLowerCaseEqualsOther,e3de95e3757c38272ae6525ee80b02a886929033)",0,0,0,0,0,0,0,0,0,0,0,0,0,0,0,0,0,0,0,0,0,0,0,0,0,0,0,0,0,0,0,0,0,0,0,0,0,0,0,0,0,0,0,0,
"(org.jdbi.v3.benchmark.CaseInsensitiveStringEqualsBenchmark.equalsIgnoreCaseCopy,e3de95e3757c38272ae6525ee80b02a886929033)",0,0,0,0,0,0,0,0,0,0,0,0,0,0,0,0,0,0,0,0,0,0,0,0,0,0,0,0,0,0,0,0,0,0,0,0,0,0,0,0,0,0,0,0,
"(org.jdbi.v3.benchmark.EnumMapperBenchmark.mapByExactName,e3de95e3757c38272ae6525ee80b02a886929033)",0,0,0,0,0,0,0,0,0,0,0,0,0,0,0,0,0,0,0,0,0,0,0,0,0,0,0,0,0,0,0,0,0,0,0,0,0,0,0,0,0,0,0,0,
"(org.jdbi.v3.benchmark.EnumMapperBenchmark.mapByRandomCaseName,e3de95e3757c38272ae6525ee80b02a886929033)",0,0,0,0,0,0,0,0,0,0,0,0,0,0,0,0,0,0,0,0,0,0,0,0,0,0,0,0,0,0,0,0,0,0,0,0,0,0,0,0,0,0,0,0,
"(org.jdbi.v3.benchmark.CaseInsensitiveStringEqualsBenchmark.toLowerCaseEqualsCopy,e3de95e3757c38272ae6525ee80b02a886929033)",0,0,0,0,0,0,0,0,0,0,0,0,0,0,0,0,0,0,0,0,0,0,0,0,0,0,0,0,0,0,0,0,0,0,0,0,0,0,0,0,0,0,0,0,
"(org.jdbi.v3.benchmark.CaseInsensitiveStringEqualsBenchmark.collatorEqualsCopy,e3de95e3757c38272ae6525ee80b02a886929033)",0,0,0,0,0,0,0,0,0,0,0,0,0,0,0,0,0,0,0,0,0,0,0,0,0,0,0,0,0,0,0,0,0,0,0,0,0,0,0,0,0,0,0,0,
"(org.jdbi.v3.core.EnumBenchmark.mapEnumCaseSensitive,e3de95e3757c38272ae6525ee80b02a886929033)",0,0,0,0,0,0,0,0,0,0,0,0,0,0,0,0,0,0,0,0,0,0,0,0,0,0,0,0,0,0,0,0,0,0,0,0,0,0,0,0,0,0,0,0,
"(org.jdbi.v3.benchmark.CaseInsensitiveStringEqualsBenchmark.collatorEqualsRandomCase,e3de95e3757c38272ae6525ee80b02a886929033)",0,0,0,0,0,0,0,0,0,0,0,0,0,0,0,0,0,0,0,0,0,0,0,0,0,0,0,0,0,0,0,0,0,0,0,0,0,0,0,0,0,0,0,0,
"(org.jdbi.v3.benchmark.CaseInsensitiveStringEqualsBenchmark.collatorEqualsOther,1f75fb63fba1ed131ee3f0d1d0b682850c4cfdbc)",0,0,0,0,0,0,0,0,0,0,0,0,0,0,0,0,0,0,0,0,0,0,0,0,0,0,0,0,0,0,0,0,0,0,0,0,0,0,0,0,0,0,0,0,
"(org.jdbi.v3.core.EnumBenchmark.mapEnumCaseInsensitive,1f75fb63fba1ed131ee3f0d1d0b682850c4cfdbc)",0,0,0,0,0,0,0,0,0,0,0,0,0,0,0,0,0,0,0,0,0,0,0,0,0,0,0,0,0,0,0,0,0,0,0,0,0,0,0,0,0,0,0,0,
"(org.jdbi.v3.benchmark.CaseInsensitiveStringEqualsBenchmark.equalsIgnoreCaseOther,1f75fb63fba1ed131ee3f0d1d0b682850c4cfdbc)",0,0,0,0,0,0,0,0,0,0,0,0,0,0,0,0,0,0,0,0,0,0,0,0,0,0,0,0,0,0,0,0,0,0,0,0,0,0,0,0,0,0,0,0,
"(org.jdbi.v3.benchmark.QualifiersBenchmark.mapUnqualifiedBean,1f75fb63fba1ed131ee3f0d1d0b682850c4cfdbc)",0,0,0,0,0,0,0,0,0,0,0,0,0,0,0,0,0,0,0,0,0,0,0,0,0,0,0,0,0,0,0,0,0,0,0,0,0,0,0,0,0,0,0,0,
"(org.jdbi.v3.benchmark.EnumMapperBenchmark.mapByOrdinal,1f75fb63fba1ed131ee3f0d1d0b682850c4cfdbc)",0,0,0,0,0,0,0,0,0,0,0,0,0,0,0,0,0,0,0,0,0,0,0,0,0,0,0,0,0,0,0,0,0,0,0,0,0,0,0,0,0,0,0,0,
"(org.jdbi.v3.benchmark.CaseInsensitiveStringEqualsBenchmark.toLowerCaseEqualsRandomCase,1f75fb63fba1ed131ee3f0d1d0b682850c4cfdbc)",0,0,0,0,0,0,0,0,0,0,0,0,0,0,0,0,0,0,0,0,0,0,0,0,0,0,0,0,0,0,0,0,0,0,0,0,0,0,0,0,0,0,0,0,
"(org.jdbi.v3.benchmark.CaseInsensitiveStringEqualsBenchmark.stringEquals,1f75fb63fba1ed131ee3f0d1d0b682850c4cfdbc)",0,0,0,0,0,0,0,0,0,0,0,0,0,0,0,0,0,0,0,0,0,0,0,0,0,0,0,0,0,0,0,0,0,0,0,0,0,0,0,0,0,0,0,0,
"(org.jdbi.v3.benchmark.CaseInsensitiveStringEqualsBenchmark.equalsIgnoreCaseRandomCase,1f75fb63fba1ed131ee3f0d1d0b682850c4cfdbc)",0,0,0,0,0,0,0,0,0,0,0,0,0,0,0,0,0,0,0,0,0,0,0,0,0,0,0,0,0,0,0,0,0,0,0,0,0,0,0,0,0,0,0,0,
"(org.jdbi.v3.benchmark.QualifiersBenchmark.getQualifiersAnnotated,1f75fb63fba1ed131ee3f0d1d0b682850c4cfdbc)",0,0,0,0,0,0,0,0,0,0,0,0,0,0,0,0,0,0,0,0,0,0,0,0,0,0,0,0,0,0,0,0,0,0,0,0,0,0,0,0,0,0,0,0,
"(org.jdbi.v3.benchmark.QualifiersBenchmark.getQualifiersUnannotated,1f75fb63fba1ed131ee3f0d1d0b682850c4cfdbc)",0,0,0,0,0,0,0,0,0,0,0,0,0,0,0,0,0,0,0,0,0,0,0,0,0,0,0,0,0,0,0,0,0,0,0,0,0,0,0,0,0,0,0,0,
"(org.jdbi.v3.benchmark.QualifiersBenchmark.mapQualifiedBean,1f75fb63fba1ed131ee3f0d1d0b682850c4cfdbc)",0,0,0,0,0,0,0,0,0,0,0,0,0,0,0,0,0,0,0,0,0,0,0,0,0,0,0,0,0,0,0,0,0,0,0,0,0,0,0,0,0,0,0,0,
"(org.jdbi.v3.benchmark.CaseInsensitiveStringEqualsBenchmark.stringNotEquals,1f75fb63fba1ed131ee3f0d1d0b682850c4cfdbc)",0,0,0,0,0,0,0,0,0,0,0,0,0,0,0,0,0,0,0,0,0,0,0,0,0,0,0,0,0,0,0,0,0,0,0,0,0,0,0,0,0,0,0,0,
"(org.jdbi.v3.benchmark.CaseInsensitiveStringEqualsBenchmark.toLowerCaseEqualsOther,1f75fb63fba1ed131ee3f0d1d0b682850c4cfdbc)",0,0,0,0,0,0,0,0,0,0,0,0,0,0,0,0,0,0,0,0,0,0,0,0,0,0,0,0,0,0,0,0,0,0,0,0,0,0,0,0,0,0,0,0,
"(org.jdbi.v3.benchmark.CaseInsensitiveStringEqualsBenchmark.equalsIgnoreCaseCopy,1f75fb63fba1ed131ee3f0d1d0b682850c4cfdbc)",0,0,0,0,0,0,0,0,0,0,0,0,0,0,0,0,0,0,0,0,0,0,0,0,0,0,0,0,0,0,0,0,0,0,0,0,0,0,0,0,0,0,0,0,
"(org.jdbi.v3.benchmark.EnumMapperBenchmark.mapByExactName,1f75fb63fba1ed131ee3f0d1d0b682850c4cfdbc)",0,0,0,0,0,0,0,0,0,0,0,0,0,0,0,0,0,0,0,0,0,0,0,0,0,0,0,0,0,0,0,0,0,0,0,0,0,0,0,0,0,0,0,0,
"(org.jdbi.v3.benchmark.EnumMapperBenchmark.mapByRandomCaseName,1f75fb63fba1ed131ee3f0d1d0b682850c4cfdbc)",0,0,0,0,0,0,0,0,0,0,0,0,0,0,0,0,0,0,0,0,0,0,0,0,0,0,0,0,0,0,0,0,0,0,0,0,0,0,0,0,0,0,0,0,
"(org.jdbi.v3.benchmark.CaseInsensitiveStringEqualsBenchmark.toLowerCaseEqualsCopy,1f75fb63fba1ed131ee3f0d1d0b682850c4cfdbc)",0,0,0,0,0,0,0,0,0,0,0,0,0,0,0,0,0,0,0,0,0,0,0,0,0,0,0,0,0,0,0,0,0,0,0,0,0,0,0,0,0,0,0,0,
"(org.jdbi.v3.benchmark.CaseInsensitiveStringEqualsBenchmark.collatorEqualsCopy,1f75fb63fba1ed131ee3f0d1d0b682850c4cfdbc)",0,0,0,0,0,0,0,0,0,0,0,0,0,0,0,0,0,0,0,0,0,0,0,0,0,0,0,0,0,0,0,0,0,0,0,0,0,0,0,0,0,0,0,0,
"(org.jdbi.v3.core.EnumBenchmark.mapEnumCaseSensitive,1f75fb63fba1ed131ee3f0d1d0b682850c4cfdbc)",0,0,0,0,0,0,0,0,0,0,0,0,0,0,0,0,0,0,0,0,0,0,0,0,0,0,0,0,0,0,0,0,0,0,0,0,0,0,0,0,0,0,0,0,
"(org.jdbi.v3.benchmark.CaseInsensitiveStringEqualsBenchmark.collatorEqualsRandomCase,1f75fb63fba1ed131ee3f0d1d0b682850c4cfdbc)",0,0,0,0,0,0,0,0,0,0,0,0,0,0,0,0,0,0,0,0,0,0,0,0,0,0,0,0,0,0,0,0,0,0,0,0,0,0,0,0,0,0,0,0,
"(org.jdbi.v3.benchmark.CaseInsensitiveStringEqualsBenchmark.collatorEqualsOther,d01bea0b55162a9e6f29f817b83067876a0a4969)",0,0,0,0,0,0,0,0,0,0,0,0,0,0,0,0,0,0,0,0,0,0,0,0,0,0,0,0,0,0,0,0,0,0,0,0,0,0,0,0,0,0,0,0,
"(org.jdbi.v3.core.EnumBenchmark.mapEnumCaseInsensitive,d01bea0b55162a9e6f29f817b83067876a0a4969)",0,0,0,0,0,0,0,0,0,0,0,0,0,0,0,0,0,0,0,0,0,0,0,0,0,0,0,0,0,0,0,0,0,0,0,0,0,0,0,0,0,0,0,0,
"(org.jdbi.v3.benchmark.CaseInsensitiveStringEqualsBenchmark.equalsIgnoreCaseOther,d01bea0b55162a9e6f29f817b83067876a0a4969)",0,0,0,0,0,0,0,0,0,0,0,0,0,0,0,0,0,0,0,0,0,0,0,0,0,0,0,0,0,0,0,0,0,0,0,0,0,0,0,0,0,0,0,0,
"(org.jdbi.v3.benchmark.QualifiersBenchmark.mapUnqualifiedBean,d01bea0b55162a9e6f29f817b83067876a0a4969)",0,0,0,0,0,0,0,0,0,0,0,0,0,0,0,0,0,0,0,0,0,0,0,0,0,0,0,0,0,0,0,0,0,0,0,0,0,0,0,0,0,0,0,0,
"(org.jdbi.v3.benchmark.EnumMapperBenchmark.mapByOrdinal,d01bea0b55162a9e6f29f817b83067876a0a4969)",0,0,0,0,0,0,0,0,0,0,0,0,0,0,0,0,0,0,0,0,0,0,0,0,0,0,0,0,0,0,0,0,0,0,0,0,0,0,0,0,0,0,0,0,
"(org.jdbi.v3.benchmark.CaseInsensitiveStringEqualsBenchmark.toLowerCaseEqualsRandomCase,d01bea0b55162a9e6f29f817b83067876a0a4969)",0,0,0,0,0,0,0,0,0,0,0,0,0,0,0,0,0,0,0,0,0,0,0,0,0,0,0,0,0,0,0,0,0,0,0,0,0,0,0,0,0,0,0,0,
"(org.jdbi.v3.benchmark.CaseInsensitiveStringEqualsBenchmark.stringEquals,d01bea0b55162a9e6f29f817b83067876a0a4969)",0,0,0,0,0,0,0,0,0,0,0,0,0,0,0,0,0,0,0,0,0,0,0,0,0,0,0,0,0,0,0,0,0,0,0,0,0,0,0,0,0,0,0,0,
"(org.jdbi.v3.benchmark.CaseInsensitiveStringEqualsBenchmark.equalsIgnoreCaseRandomCase,d01bea0b55162a9e6f29f817b83067876a0a4969)",0,0,0,0,0,0,0,0,0,0,0,0,0,0,0,0,0,0,0,0,0,0,0,0,0,0,0,0,0,0,0,0,0,0,0,0,0,0,0,0,0,0,0,0,
"(org.jdbi.v3.benchmark.QualifiersBenchmark.getQualifiersAnnotated,d01bea0b55162a9e6f29f817b83067876a0a4969)",0,0,0,0,0,0,0,0,0,0,0,0,0,0,0,0,0,0,0,0,0,0,0,0,0,0,0,0,0,0,0,0,0,0,0,0,0,0,0,0,0,0,0,0,
"(org.jdbi.v3.benchmark.QualifiersBenchmark.getQualifiersUnannotated,d01bea0b55162a9e6f29f817b83067876a0a4969)",0,0,0,0,0,0,0,0,0,0,0,0,0,0,0,0,0,0,0,0,0,0,0,0,0,0,0,0,0,0,0,0,0,0,0,0,0,0,0,0,0,0,0,0,
"(org.jdbi.v3.benchmark.QualifiersBenchmark.mapQualifiedBean,d01bea0b55162a9e6f29f817b83067876a0a4969)",0,0,0,0,0,0,0,0,0,0,0,0,0,0,0,0,0,0,0,0,0,0,0,0,0,0,0,0,0,0,0,0,0,0,0,0,0,0,0,0,0,0,0,0,
"(org.jdbi.v3.benchmark.CaseInsensitiveStringEqualsBenchmark.stringNotEquals,d01bea0b55162a9e6f29f817b83067876a0a4969)",0,0,0,0,0,0,0,0,0,0,0,0,0,0,0,0,0,0,0,0,0,0,0,0,0,0,0,0,0,0,0,0,0,0,0,0,0,0,0,0,0,0,0,0,
"(org.jdbi.v3.benchmark.CaseInsensitiveStringEqualsBenchmark.toLowerCaseEqualsOther,d01bea0b55162a9e6f29f817b83067876a0a4969)",0,0,0,0,0,0,0,0,0,0,0,0,0,0,0,0,0,0,0,0,0,0,0,0,0,0,0,0,0,0,0,0,0,0,0,0,0,0,0,0,0,0,0,0,
"(org.jdbi.v3.benchmark.CaseInsensitiveStringEqualsBenchmark.equalsIgnoreCaseCopy,d01bea0b55162a9e6f29f817b83067876a0a4969)",0,0,0,0,0,0,0,0,0,0,0,0,0,0,0,0,0,0,0,0,0,0,0,0,0,0,0,0,0,0,0,0,0,0,0,0,0,0,0,0,0,0,0,0,
"(org.jdbi.v3.benchmark.EnumMapperBenchmark.mapByExactName,d01bea0b55162a9e6f29f817b83067876a0a4969)",0,0,0,0,0,0,0,0,0,0,0,0,0,0,0,0,0,0,0,0,0,0,0,0,0,0,0,0,0,0,0,0,0,0,0,0,0,0,0,0,0,0,0,0,
"(org.jdbi.v3.benchmark.EnumMapperBenchmark.mapByRandomCaseName,d01bea0b55162a9e6f29f817b83067876a0a4969)",0,0,0,0,0,0,0,0,0,0,0,0,0,0,0,0,0,0,0,0,0,0,0,0,0,0,0,0,0,0,0,0,0,0,0,0,0,0,0,0,0,0,0,0,
"(org.jdbi.v3.benchmark.CaseInsensitiveStringEqualsBenchmark.toLowerCaseEqualsCopy,d01bea0b55162a9e6f29f817b83067876a0a4969)",0,0,0,0,0,0,0,0,0,0,0,0,0,0,0,0,0,0,0,0,0,0,0,0,0,0,0,0,0,0,0,0,0,0,0,0,0,0,0,0,0,0,0,0,
"(org.jdbi.v3.benchmark.CaseInsensitiveStringEqualsBenchmark.collatorEqualsCopy,d01bea0b55162a9e6f29f817b83067876a0a4969)",0,0,0,0,0,0,0,0,0,0,0,0,0,0,0,0,0,0,0,0,0,0,0,0,0,0,0,0,0,0,0,0,0,0,0,0,0,0,0,0,0,0,0,0,
"(org.jdbi.v3.core.EnumBenchmark.mapEnumCaseSensitive,d01bea0b55162a9e6f29f817b83067876a0a4969)",0,0,0,0,0,0,0,0,0,0,0,0,0,0,0,0,0,0,0,0,0,0,0,0,0,0,0,0,0,0,0,0,0,0,0,0,0,0,0,0,0,0,0,0,
"(org.jdbi.v3.benchmark.CaseInsensitiveStringEqualsBenchmark.collatorEqualsRandomCase,d01bea0b55162a9e6f29f817b83067876a0a4969)",0,0,0,0,0,0,0,0,0,0,0,0,0,0,0,0,0,0,0,0,0,0,0,0,0,0,0,0,0,0,0,0,0,0,0,0,0,0,0,0,0,0,0,0,
"(org.jdbi.v3.benchmark.CaseInsensitiveStringEqualsBenchmark.collatorEqualsOther,fce5eddfa2ad375c9eb7efb4cac1ce2b8fc352d9)",0,0,0,0,0,0,0,0,0,0,0,0,0,0,0,0,0,0,0,0,0,0,0,0,0,0,0,0,0,0,0,0,0,0,0,0,0,0,0,0,0,0,0,0,
"(org.jdbi.v3.core.EnumBenchmark.mapEnumCaseInsensitive,fce5eddfa2ad375c9eb7efb4cac1ce2b8fc352d9)",0,0,0,0,0,0,0,0,0,0,0,0,0,0,0,0,0,0,0,0,0,0,0,0,0,0,0,0,0,0,0,0,0,0,0,0,0,0,0,0,0,0,0,0,
"(org.jdbi.v3.benchmark.CaseInsensitiveStringEqualsBenchmark.equalsIgnoreCaseOther,fce5eddfa2ad375c9eb7efb4cac1ce2b8fc352d9)",0,0,0,0,0,0,0,0,0,0,0,0,0,0,0,0,0,0,0,0,0,0,0,0,0,0,0,0,0,0,0,0,0,0,0,0,0,0,0,0,0,0,0,0,
"(org.jdbi.v3.benchmark.QualifiersBenchmark.mapUnqualifiedBean,fce5eddfa2ad375c9eb7efb4cac1ce2b8fc352d9)",0,0,0,0,0,0,0,0,0,0,0,0,0,0,0,0,0,0,0,0,0,0,0,0,0,0,0,0,0,0,0,0,0,0,0,0,0,0,0,0,0,0,0,0,
"(org.jdbi.v3.benchmark.EnumMapperBenchmark.mapByOrdinal,fce5eddfa2ad375c9eb7efb4cac1ce2b8fc352d9)",0,0,0,0,0,0,0,0,0,0,0,0,0,0,0,0,0,0,0,0,0,0,0,0,0,0,0,0,0,0,0,0,0,0,0,0,0,0,0,0,0,0,0,0,
"(org.jdbi.v3.benchmark.CaseInsensitiveStringEqualsBenchmark.toLowerCaseEqualsRandomCase,fce5eddfa2ad375c9eb7efb4cac1ce2b8fc352d9)",0,0,0,0,0,0,0,0,0,0,0,0,0,0,0,0,0,0,0,0,0,0,0,0,0,0,0,0,0,0,0,0,0,0,0,0,0,0,0,0,0,0,0,0,
"(org.jdbi.v3.benchmark.CaseInsensitiveStringEqualsBenchmark.stringEquals,fce5eddfa2ad375c9eb7efb4cac1ce2b8fc352d9)",0,0,0,0,0,0,0,0,0,0,0,0,0,0,0,0,0,0,0,0,0,0,0,0,0,0,0,0,0,0,0,0,0,0,0,0,0,0,0,0,0,0,0,0,
"(org.jdbi.v3.benchmark.CaseInsensitiveStringEqualsBenchmark.equalsIgnoreCaseRandomCase,fce5eddfa2ad375c9eb7efb4cac1ce2b8fc352d9)",0,0,0,0,0,0,0,0,0,0,0,0,0,0,0,0,0,0,0,0,0,0,0,0,0,0,0,0,0,0,0,0,0,0,0,0,0,0,0,0,0,0,0,0,
"(org.jdbi.v3.benchmark.QualifiersBenchmark.getQualifiersAnnotated,fce5eddfa2ad375c9eb7efb4cac1ce2b8fc352d9)",0,0,0,0,0,0,0,0,0,0,0,0,0,0,0,0,0,0,0,0,0,0,0,0,0,0,0,0,0,0,0,0,0,0,0,0,0,0,0,0,0,0,0,0,
"(org.jdbi.v3.benchmark.QualifiersBenchmark.getQualifiersUnannotated,fce5eddfa2ad375c9eb7efb4cac1ce2b8fc352d9)",0,0,0,0,0,0,0,0,0,0,0,0,0,0,0,0,0,0,0,0,0,0,0,0,0,0,0,0,0,0,0,0,0,0,0,0,0,0,0,0,0,0,0,0,
"(org.jdbi.v3.benchmark.QualifiersBenchmark.mapQualifiedBean,fce5eddfa2ad375c9eb7efb4cac1ce2b8fc352d9)",0,0,0,0,0,0,0,0,0,0,0,0,0,0,0,0,0,0,0,0,0,0,0,0,0,0,0,0,0,0,0,0,0,0,0,0,0,0,0,0,0,0,0,0,
"(org.jdbi.v3.benchmark.CaseInsensitiveStringEqualsBenchmark.stringNotEquals,fce5eddfa2ad375c9eb7efb4cac1ce2b8fc352d9)",0,0,0,0,0,0,0,0,0,0,0,0,0,0,0,0,0,0,0,0,0,0,0,0,0,0,0,0,0,0,0,0,0,0,0,0,0,0,0,0,0,0,0,0,
"(org.jdbi.v3.benchmark.CaseInsensitiveStringEqualsBenchmark.toLowerCaseEqualsOther,fce5eddfa2ad375c9eb7efb4cac1ce2b8fc352d9)",0,0,0,0,0,0,0,0,0,0,0,0,0,0,0,0,0,0,0,0,0,0,0,0,0,0,0,0,0,0,0,0,0,0,0,0,0,0,0,0,0,0,0,0,
"(org.jdbi.v3.benchmark.CaseInsensitiveStringEqualsBenchmark.equalsIgnoreCaseCopy,fce5eddfa2ad375c9eb7efb4cac1ce2b8fc352d9)",0,0,0,0,0,0,0,0,0,0,0,0,0,0,0,0,0,0,0,0,0,0,0,0,0,0,0,0,0,0,0,0,0,0,0,0,0,0,0,0,0,0,0,0,
"(org.jdbi.v3.benchmark.EnumMapperBenchmark.mapByExactName,fce5eddfa2ad375c9eb7efb4cac1ce2b8fc352d9)",0,0,0,0,0,0,0,0,0,0,0,0,0,0,0,0,0,0,0,0,0,0,0,0,0,0,0,0,0,0,0,0,0,0,0,0,0,0,0,0,0,0,0,0,
"(org.jdbi.v3.benchmark.EnumMapperBenchmark.mapByRandomCaseName,fce5eddfa2ad375c9eb7efb4cac1ce2b8fc352d9)",0,0,0,0,0,0,0,0,0,0,0,0,0,0,0,0,0,0,0,0,0,0,0,0,0,0,0,0,0,0,0,0,0,0,0,0,0,0,0,0,0,0,0,0,
"(org.jdbi.v3.benchmark.CaseInsensitiveStringEqualsBenchmark.toLowerCaseEqualsCopy,fce5eddfa2ad375c9eb7efb4cac1ce2b8fc352d9)",0,0,0,0,0,0,0,0,0,0,0,0,0,0,0,0,0,0,0,0,0,0,0,0,0,0,0,0,0,0,0,0,0,0,0,0,0,0,0,0,0,0,0,0,
"(org.jdbi.v3.benchmark.CaseInsensitiveStringEqualsBenchmark.collatorEqualsCopy,fce5eddfa2ad375c9eb7efb4cac1ce2b8fc352d9)",0,0,0,0,0,0,0,0,0,0,0,0,0,0,0,0,0,0,0,0,0,0,0,0,0,0,0,0,0,0,0,0,0,0,0,0,0,0,0,0,0,0,0,0,
"(org.jdbi.v3.core.EnumBenchmark.mapEnumCaseSensitive,fce5eddfa2ad375c9eb7efb4cac1ce2b8fc352d9)",0,0,0,0,0,0,0,0,0,0,0,0,0,0,0,0,0,0,0,0,0,0,0,0,0,0,0,0,0,0,0,0,0,0,0,0,0,0,0,0,0,0,0,0,
"(org.jdbi.v3.benchmark.CaseInsensitiveStringEqualsBenchmark.collatorEqualsRandomCase,fce5eddfa2ad375c9eb7efb4cac1ce2b8fc352d9)",0,0,0,0,0,0,0,0,0,0,0,0,0,0,0,0,0,0,0,0,0,0,0,0,0,0,0,0,0,0,0,0,0,0,0,0,0,0,0,0,0,0,0,0,
"(org.jdbi.v3.benchmark.CaseInsensitiveStringEqualsBenchmark.collatorEqualsOther,5e6eaf628ac16cf7c725d5bf871dd5cbfd1f7ef5)",0,0,0,0,0,0,0,0,0,0,0,0,0,0,0,0,0,0,0,0,0,0,0,0,0,0,0,0,0,0,0,0,0,0,0,0,0,0,0,0,0,0,0,0,
"(org.jdbi.v3.core.EnumBenchmark.mapEnumCaseInsensitive,5e6eaf628ac16cf7c725d5bf871dd5cbfd1f7ef5)",0,0,0,0,0,0,0,0,0,0,0,0,0,0,0,0,0,0,0,0,0,0,0,0,1,0,0,0,0,0,0,0,0,0,0,0,0,0,0,0,0,0,0,1,
"(org.jdbi.v3.benchmark.CaseInsensitiveStringEqualsBenchmark.equalsIgnoreCaseOther,5e6eaf628ac16cf7c725d5bf871dd5cbfd1f7ef5)",0,0,0,0,0,0,0,0,0,0,0,0,0,0,0,0,0,0,0,0,0,0,0,0,0,0,0,0,0,0,0,0,0,0,0,0,0,0,0,0,0,0,0,0,
"(org.jdbi.v3.benchmark.QualifiersBenchmark.mapUnqualifiedBean,5e6eaf628ac16cf7c725d5bf871dd5cbfd1f7ef5)",0,0,0,0,0,0,0,0,0,0,0,0,0,0,0,0,0,0,0,0,0,0,0,0,1,0,0,0,0,0,0,0,0,0,0,0,0,0,0,0,0,0,0,1,
"(org.jdbi.v3.benchmark.EnumMapperBenchmark.mapByOrdinal,5e6eaf628ac16cf7c725d5bf871dd5cbfd1f7ef5)",0,0,0,0,0,0,0,0,0,0,0,0,0,0,0,0,0,0,0,0,0,0,0,0,1,0,0,0,0,0,0,0,0,0,0,0,0,0,0,0,0,0,0,1,
"(org.jdbi.v3.benchmark.CaseInsensitiveStringEqualsBenchmark.toLowerCaseEqualsRandomCase,5e6eaf628ac16cf7c725d5bf871dd5cbfd1f7ef5)",0,0,0,0,0,0,0,0,0,0,0,0,0,0,0,0,0,0,0,0,0,0,0,0,0,0,0,0,0,0,0,0,0,0,0,0,0,0,0,0,0,0,0,0,
"(org.jdbi.v3.benchmark.CaseInsensitiveStringEqualsBenchmark.stringEquals,5e6eaf628ac16cf7c725d5bf871dd5cbfd1f7ef5)",0,0,0,0,0,0,0,0,0,0,0,0,0,0,0,0,0,0,0,0,0,0,0,0,0,0,0,0,0,0,0,0,0,0,0,0,0,0,0,0,0,0,0,0,
"(org.jdbi.v3.benchmark.CaseInsensitiveStringEqualsBenchmark.equalsIgnoreCaseRandomCase,5e6eaf628ac16cf7c725d5bf871dd5cbfd1f7ef5)",0,0,0,0,0,0,0,0,0,0,0,0,0,0,0,0,0,0,0,0,0,0,0,0,0,0,0,0,0,0,0,0,0,0,0,0,0,0,0,0,0,0,0,0,
"(org.jdbi.v3.benchmark.QualifiersBenchmark.getQualifiersAnnotated,5e6eaf628ac16cf7c725d5bf871dd5cbfd1f7ef5)",0,0,0,0,0,0,0,0,0,0,0,0,0,0,0,0,0,0,0,0,0,0,0,0,0,0,0,0,0,0,0,0,0,0,0,0,0,0,0,0,0,0,0,0,
"(org.jdbi.v3.benchmark.QualifiersBenchmark.getQualifiersUnannotated,5e6eaf628ac16cf7c725d5bf871dd5cbfd1f7ef5)",0,0,0,0,0,0,0,0,0,0,0,0,0,0,0,0,0,0,0,0,0,0,0,0,0,0,0,0,0,0,0,0,0,0,0,0,0,0,0,0,0,0,0,0,
"(org.jdbi.v3.benchmark.QualifiersBenchmark.mapQualifiedBean,5e6eaf628ac16cf7c725d5bf871dd5cbfd1f7ef5)",0,0,0,0,0,0,0,0,0,0,0,0,0,0,0,0,0,0,0,0,0,0,0,0,1,0,0,0,0,0,0,0,0,0,0,0,0,0,0,0,0,0,0,1,
"(org.jdbi.v3.benchmark.CaseInsensitiveStringEqualsBenchmark.stringNotEquals,5e6eaf628ac16cf7c725d5bf871dd5cbfd1f7ef5)",0,0,0,0,0,0,0,0,0,0,0,0,0,0,0,0,0,0,0,0,0,0,0,0,0,0,0,0,0,0,0,0,0,0,0,0,0,0,0,0,0,0,0,0,
"(org.jdbi.v3.benchmark.CaseInsensitiveStringEqualsBenchmark.toLowerCaseEqualsOther,5e6eaf628ac16cf7c725d5bf871dd5cbfd1f7ef5)",0,0,0,0,0,0,0,0,0,0,0,0,0,0,0,0,0,0,0,0,0,0,0,0,0,0,0,0,0,0,0,0,0,0,0,0,0,0,0,0,0,0,0,0,
"(org.jdbi.v3.benchmark.CaseInsensitiveStringEqualsBenchmark.equalsIgnoreCaseCopy,5e6eaf628ac16cf7c725d5bf871dd5cbfd1f7ef5)",0,0,0,0,0,0,0,0,0,0,0,0,0,0,0,0,0,0,0,0,0,0,0,0,0,0,0,0,0,0,0,0,0,0,0,0,0,0,0,0,0,0,0,0,
"(org.jdbi.v3.benchmark.EnumMapperBenchmark.mapByExactName,5e6eaf628ac16cf7c725d5bf871dd5cbfd1f7ef5)",0,0,0,0,0,0,0,0,0,0,0,0,0,0,0,0,0,0,0,0,0,0,0,0,1,0,0,0,0,0,0,0,0,0,0,0,0,0,0,0,0,0,0,1,
"(org.jdbi.v3.benchmark.EnumMapperBenchmark.mapByRandomCaseName,5e6eaf628ac16cf7c725d5bf871dd5cbfd1f7ef5)",0,0,0,0,0,0,0,0,0,0,0,0,0,0,0,0,0,0,0,0,0,0,0,0,1,0,0,0,0,0,0,0,0,0,0,0,0,0,0,0,0,0,0,1,
"(org.jdbi.v3.benchmark.CaseInsensitiveStringEqualsBenchmark.toLowerCaseEqualsCopy,5e6eaf628ac16cf7c725d5bf871dd5cbfd1f7ef5)",0,0,0,0,0,0,0,0,0,0,0,0,0,0,0,0,0,0,0,0,0,0,0,0,0,0,0,0,0,0,0,0,0,0,0,0,0,0,0,0,0,0,0,0,
"(org.jdbi.v3.benchmark.CaseInsensitiveStringEqualsBenchmark.collatorEqualsCopy,5e6eaf628ac16cf7c725d5bf871dd5cbfd1f7ef5)",0,0,0,0,0,0,0,0,0,0,0,0,0,0,0,0,0,0,0,0,0,0,0,0,0,0,0,0,0,0,0,0,0,0,0,0,0,0,0,0,0,0,0,0,
"(org.jdbi.v3.core.EnumBenchmark.mapEnumCaseSensitive,5e6eaf628ac16cf7c725d5bf871dd5cbfd1f7ef5)",0,0,0,0,0,0,0,0,0,0,0,0,0,0,0,0,0,0,0,0,0,0,0,0,1,0,0,0,0,0,0,0,0,0,0,0,0,0,0,0,0,0,0,1,
"(org.jdbi.v3.benchmark.CaseInsensitiveStringEqualsBenchmark.collatorEqualsRandomCase,5e6eaf628ac16cf7c725d5bf871dd5cbfd1f7ef5)",0,0,0,0,0,0,0,0,0,0,0,0,0,0,0,0,0,0,0,0,0,0,0,0,0,0,0,0,0,0,0,0,0,0,0,0,0,0,0,0,0,0,0,0,
"(org.jdbi.v3.benchmark.CaseInsensitiveStringEqualsBenchmark.collatorEqualsOther,0bc8b215ea3af78f37d75c4b726cf329e539dc61)",0,0,0,0,0,0,0,0,0,0,0,0,0,0,0,0,0,0,0,0,0,0,0,0,0,0,0,0,0,0,0,0,0,0,0,0,0,0,0,0,0,0,0,0,
"(org.jdbi.v3.core.EnumBenchmark.mapEnumCaseInsensitive,0bc8b215ea3af78f37d75c4b726cf329e539dc61)",0,0,0,0,0,0,0,0,0,0,0,0,0,0,0,0,0,0,0,0,0,0,0,0,0,0,0,0,0,0,0,0,0,0,0,0,0,0,0,0,0,0,0,0,
"(org.jdbi.v3.benchmark.CaseInsensitiveStringEqualsBenchmark.equalsIgnoreCaseOther,0bc8b215ea3af78f37d75c4b726cf329e539dc61)",0,0,0,0,0,0,0,0,0,0,0,0,0,0,0,0,0,0,0,0,0,0,0,0,0,0,0,0,0,0,0,0,0,0,0,0,0,0,0,0,0,0,0,0,
"(org.jdbi.v3.benchmark.BeanBindingBenchmark.oneJdbi,0bc8b215ea3af78f37d75c4b726cf329e539dc61)",0,0,0,0,0,0,0,0,0,0,0,0,0,0,0,0,0,0,0,0,0,0,0,0,0,0,0,0,0,0,0,0,0,0,0,0,0,0,0,0,0,0,0,0,
"(org.jdbi.v3.benchmark.QualifiersBenchmark.mapUnqualifiedBean,0bc8b215ea3af78f37d75c4b726cf329e539dc61)",0,0,0,0,0,0,0,0,0,0,0,0,0,0,0,0,0,0,0,0,0,0,0,0,0,0,0,0,0,0,0,0,0,0,0,0,0,0,0,0,0,0,0,0,
"(org.jdbi.v3.benchmark.BeanBindingBenchmark.batchJdbc,0bc8b215ea3af78f37d75c4b726cf329e539dc61)",0,0,0,0,0,0,0,0,0,0,0,0,0,0,0,0,0,0,0,0,0,0,0,0,0,0,0,0,0,0,0,0,0,0,0,0,0,0,0,0,0,0,0,0,
"(org.jdbi.v3.benchmark.EnumMapperBenchmark.mapByOrdinal,0bc8b215ea3af78f37d75c4b726cf329e539dc61)",0,0,0,0,0,0,0,0,0,0,0,0,0,0,0,0,0,0,0,0,0,0,0,0,0,0,0,0,0,0,0,0,0,0,0,0,0,0,0,0,0,0,0,0,
"(org.jdbi.v3.benchmark.CaseInsensitiveStringEqualsBenchmark.toLowerCaseEqualsRandomCase,0bc8b215ea3af78f37d75c4b726cf329e539dc61)",0,0,0,0,0,0,0,0,0,0,0,0,0,0,0,0,0,0,0,0,0,0,0,0,0,0,0,0,0,0,0,0,0,0,0,0,0,0,0,0,0,0,0,0,
"(org.jdbi.v3.benchmark.CaseInsensitiveStringEqualsBenchmark.stringEquals,0bc8b215ea3af78f37d75c4b726cf329e539dc61)",0,0,0,0,0,0,0,0,0,0,0,0,0,0,0,0,0,0,0,0,0,0,0,0,0,0,0,0,0,0,0,0,0,0,0,0,0,0,0,0,0,0,0,0,
"(org.jdbi.v3.benchmark.CaseInsensitiveStringEqualsBenchmark.equalsIgnoreCaseRandomCase,0bc8b215ea3af78f37d75c4b726cf329e539dc61)",0,0,0,0,0,0,0,0,0,0,0,0,0,0,0,0,0,0,0,0,0,0,0,0,0,0,0,0,0,0,0,0,0,0,0,0,0,0,0,0,0,0,0,0,
"(org.jdbi.v3.benchmark.QualifiersBenchmark.getQualifiersAnnotated,0bc8b215ea3af78f37d75c4b726cf329e539dc61)",0,0,0,0,0,0,0,0,0,0,0,0,0,0,0,0,0,0,0,0,0,0,0,0,0,0,0,0,0,0,0,0,0,0,0,0,0,0,0,0,0,0,0,0,
"(org.jdbi.v3.benchmark.QualifiersBenchmark.getQualifiersUnannotated,0bc8b215ea3af78f37d75c4b726cf329e539dc61)",0,0,0,0,0,0,0,0,0,0,0,0,0,0,0,0,0,0,0,0,0,0,0,0,0,0,0,0,0,0,0,0,0,0,0,0,0,0,0,0,0,0,0,0,
"(org.jdbi.v3.benchmark.QualifiersBenchmark.mapQualifiedBean,0bc8b215ea3af78f37d75c4b726cf329e539dc61)",0,0,0,0,0,0,0,0,0,0,0,0,0,0,0,0,0,0,0,0,0,0,0,0,0,0,0,0,0,0,0,0,0,0,0,0,0,0,0,0,0,0,0,0,
"(org.jdbi.v3.benchmark.CaseInsensitiveStringEqualsBenchmark.stringNotEquals,0bc8b215ea3af78f37d75c4b726cf329e539dc61)",0,0,0,0,0,0,0,0,0,0,0,0,0,0,0,0,0,0,0,0,0,0,0,0,0,0,0,0,0,0,0,0,0,0,0,0,0,0,0,0,0,0,0,0,
"(org.jdbi.v3.benchmark.CaseInsensitiveStringEqualsBenchmark.toLowerCaseEqualsOther,0bc8b215ea3af78f37d75c4b726cf329e539dc61)",0,0,0,0,0,0,0,0,0,0,0,0,0,0,0,0,0,0,0,0,0,0,0,0,0,0,0,0,0,0,0,0,0,0,0,0,0,0,0,0,0,0,0,0,
"(org.jdbi.v3.benchmark.CaseInsensitiveStringEqualsBenchmark.equalsIgnoreCaseCopy,0bc8b215ea3af78f37d75c4b726cf329e539dc61)",0,0,0,0,0,0,0,0,0,0,0,0,0,0,0,0,0,0,0,0,0,0,0,0,0,0,0,0,0,0,0,0,0,0,0,0,0,0,0,0,0,0,0,0,
"(org.jdbi.v3.benchmark.EnumMapperBenchmark.mapByExactName,0bc8b215ea3af78f37d75c4b726cf329e539dc61)",0,0,0,0,0,0,0,0,0,0,0,0,0,0,0,0,0,0,0,0,0,0,0,0,0,0,0,0,0,0,0,0,0,0,0,0,0,0,0,0,0,0,0,0,
"(org.jdbi.v3.benchmark.BeanBindingBenchmark.batchJdbiNamed,0bc8b215ea3af78f37d75c4b726cf329e539dc61)",0,0,0,0,0,0,0,0,0,0,0,0,0,0,0,0,0,0,0,0,0,0,0,0,0,0,0,0,0,0,0,0,0,0,0,0,0,0,0,0,0,0,0,0,
"(org.jdbi.v3.benchmark.EnumMapperBenchmark.mapByRandomCaseName,0bc8b215ea3af78f37d75c4b726cf329e539dc61)",0,0,0,0,0,0,0,0,0,0,0,0,0,0,0,0,0,0,0,0,0,0,0,0,0,0,0,0,0,0,0,0,0,0,0,0,0,0,0,0,0,0,0,0,
"(org.jdbi.v3.benchmark.BeanBindingBenchmark.oneJdbc,0bc8b215ea3af78f37d75c4b726cf329e539dc61)",0,0,0,0,0,0,0,0,0,0,0,0,0,0,0,0,0,0,0,0,0,0,0,0,0,0,0,0,0,0,0,0,0,0,0,0,0,0,0,0,0,0,0,0,
"(org.jdbi.v3.benchmark.BeanBindingBenchmark.batchJdbiPositional,0bc8b215ea3af78f37d75c4b726cf329e539dc61)",0,0,0,0,0,0,0,0,0,0,0,0,0,0,0,0,0,0,0,0,0,0,0,0,0,0,0,0,0,0,0,0,0,0,0,0,0,0,0,0,0,0,0,0,
"(org.jdbi.v3.benchmark.CaseInsensitiveStringEqualsBenchmark.toLowerCaseEqualsCopy,0bc8b215ea3af78f37d75c4b726cf329e539dc61)",0,0,0,0,0,0,0,0,0,0,0,0,0,0,0,0,0,0,0,0,0,0,0,0,0,0,0,0,0,0,0,0,0,0,0,0,0,0,0,0,0,0,0,0,
"(org.jdbi.v3.benchmark.CaseInsensitiveStringEqualsBenchmark.collatorEqualsCopy,0bc8b215ea3af78f37d75c4b726cf329e539dc61)",0,0,0,0,0,0,0,0,0,0,0,0,0,0,0,0,0,0,0,0,0,0,0,0,0,0,0,0,0,0,0,0,0,0,0,0,0,0,0,0,0,0,0,0,
"(org.jdbi.v3.core.EnumBenchmark.mapEnumCaseSensitive,0bc8b215ea3af78f37d75c4b726cf329e539dc61)",0,0,0,0,0,0,0,0,0,0,0,0,0,0,0,0,0,0,0,0,0,0,0,0,0,0,0,0,0,0,0,0,0,0,0,0,0,0,0,0,0,0,0,0,
"(org.jdbi.v3.benchmark.BeanBindingBenchmark.batchJdbiBean,0bc8b215ea3af78f37d75c4b726cf329e539dc61)",0,0,0,0,0,0,0,0,0,0,0,0,0,0,0,0,0,0,0,0,0,0,0,0,0,0,0,0,0,0,0,0,0,0,0,0,0,0,0,0,0,0,0,0,
"(org.jdbi.v3.benchmark.BeanBindingBenchmark.batchJdbiMap,0bc8b215ea3af78f37d75c4b726cf329e539dc61)",0,0,0,0,0,0,0,0,0,0,0,0,0,0,0,0,0,0,0,0,0,0,0,0,0,0,0,0,0,0,0,0,0,0,0,0,0,0,0,0,0,0,0,0,
"(org.jdbi.v3.benchmark.CaseInsensitiveStringEqualsBenchmark.collatorEqualsRandomCase,0bc8b215ea3af78f37d75c4b726cf329e539dc61)",0,0,0,0,0,0,0,0,0,0,0,0,0,0,0,0,0,0,0,0,0,0,0,0,0,0,0,0,0,0,0,0,0,0,0,0,0,0,0,0,0,0,0,0,
"(org.jdbi.v3.benchmark.CaseInsensitiveStringEqualsBenchmark.collatorEqualsOther,19ad4a7994360d87927bf908a810173529e1d2f0)",0,0,0,0,0,0,0,0,0,0,0,0,0,0,0,0,0,0,0,0,0,0,0,0,0,0,0,0,0,0,0,0,0,0,0,0,0,0,0,0,0,0,0,0,
"(org.jdbi.v3.core.EnumBenchmark.mapEnumCaseInsensitive,19ad4a7994360d87927bf908a810173529e1d2f0)",0,0,0,0,0,0,0,0,0,0,0,0,0,0,0,0,0,0,0,0,0,0,0,0,0,0,0,0,0,0,0,0,0,0,0,0,0,0,0,0,0,0,0,0,
"(org.jdbi.v3.benchmark.CaseInsensitiveStringEqualsBenchmark.equalsIgnoreCaseOther,19ad4a7994360d87927bf908a810173529e1d2f0)",0,0,0,0,0,0,0,0,0,0,0,0,0,0,0,0,0,0,0,0,0,0,0,0,0,0,0,0,0,0,0,0,0,0,0,0,0,0,0,0,0,0,0,0,
"(org.jdbi.v3.benchmark.QualifiersBenchmark.mapUnqualifiedBean,19ad4a7994360d87927bf908a810173529e1d2f0)",0,0,0,0,0,0,0,0,0,0,0,0,0,0,0,0,0,0,0,0,0,0,0,0,0,0,0,0,0,0,0,0,0,0,0,0,0,0,0,0,0,0,0,0,
"(org.jdbi.v3.benchmark.EnumMapperBenchmark.mapByOrdinal,19ad4a7994360d87927bf908a810173529e1d2f0)",0,0,0,0,0,0,0,0,0,0,0,0,0,0,0,0,0,0,0,0,0,0,0,0,0,0,0,0,0,0,0,0,0,0,0,0,0,0,0,0,0,0,0,0,
"(org.jdbi.v3.benchmark.CaseInsensitiveStringEqualsBenchmark.toLowerCaseEqualsRandomCase,19ad4a7994360d87927bf908a810173529e1d2f0)",0,0,0,0,0,0,0,0,0,0,0,0,0,0,0,0,0,0,0,0,0,0,0,0,0,0,0,0,0,0,0,0,0,0,0,0,0,0,0,0,0,0,0,0,
"(org.jdbi.v3.benchmark.CaseInsensitiveStringEqualsBenchmark.stringEquals,19ad4a7994360d87927bf908a810173529e1d2f0)",0,0,0,0,0,0,0,0,0,0,0,0,0,0,0,0,0,0,0,0,0,0,0,0,0,0,0,0,0,0,0,0,0,0,0,0,0,0,0,0,0,0,0,0,
"(org.jdbi.v3.benchmark.CaseInsensitiveStringEqualsBenchmark.equalsIgnoreCaseRandomCase,19ad4a7994360d87927bf908a810173529e1d2f0)",0,0,0,0,0,0,0,0,0,0,0,0,0,0,0,0,0,0,0,0,0,0,0,0,0,0,0,0,0,0,0,0,0,0,0,0,0,0,0,0,0,0,0,0,
"(org.jdbi.v3.benchmark.QualifiersBenchmark.getQualifiersAnnotated,19ad4a7994360d87927bf908a810173529e1d2f0)",0,0,0,0,0,0,0,0,0,0,0,0,0,0,0,0,0,0,0,0,0,0,0,0,0,0,0,0,0,0,0,0,0,0,0,0,0,0,0,0,0,0,0,0,
"(org.jdbi.v3.benchmark.QualifiersBenchmark.getQualifiersUnannotated,19ad4a7994360d87927bf908a810173529e1d2f0)",0,0,0,0,0,0,0,0,0,0,0,0,0,0,0,0,0,0,0,0,0,0,0,0,0,0,0,0,0,0,0,0,0,0,0,0,0,0,0,0,0,0,0,0,
"(org.jdbi.v3.benchmark.QualifiersBenchmark.mapQualifiedBean,19ad4a7994360d87927bf908a810173529e1d2f0)",0,0,0,0,0,0,0,0,0,0,0,0,0,0,0,0,0,0,0,0,0,0,0,0,0,0,0,0,0,0,0,0,0,0,0,0,0,0,0,0,0,0,0,0,
"(org.jdbi.v3.benchmark.CaseInsensitiveStringEqualsBenchmark.stringNotEquals,19ad4a7994360d87927bf908a810173529e1d2f0)",0,0,0,0,0,0,0,0,0,0,0,0,0,0,0,0,0,0,0,0,0,0,0,0,0,0,0,0,0,0,0,0,0,0,0,0,0,0,0,0,0,0,0,0,
"(org.jdbi.v3.benchmark.CaseInsensitiveStringEqualsBenchmark.toLowerCaseEqualsOther,19ad4a7994360d87927bf908a810173529e1d2f0)",0,0,0,0,0,0,0,0,0,0,0,0,0,0,0,0,0,0,0,0,0,0,0,0,0,0,0,0,0,0,0,0,0,0,0,0,0,0,0,0,0,0,0,0,
"(org.jdbi.v3.benchmark.CaseInsensitiveStringEqualsBenchmark.equalsIgnoreCaseCopy,19ad4a7994360d87927bf908a810173529e1d2f0)",0,0,0,0,0,0,0,0,0,0,0,0,0,0,0,0,0,0,0,0,0,0,0,0,0,0,0,0,0,0,0,0,0,0,0,0,0,0,0,0,0,0,0,0,
"(org.jdbi.v3.benchmark.EnumMapperBenchmark.mapByExactName,19ad4a7994360d87927bf908a810173529e1d2f0)",0,0,0,0,0,0,0,0,0,0,0,0,0,0,0,0,0,0,0,0,0,0,0,0,0,0,0,0,0,0,0,0,0,0,0,0,0,0,0,0,0,0,0,0,
"(org.jdbi.v3.benchmark.EnumMapperBenchmark.mapByRandomCaseName,19ad4a7994360d87927bf908a810173529e1d2f0)",0,0,0,0,0,0,0,0,0,0,0,0,0,0,0,0,0,0,0,0,0,0,0,0,0,0,0,0,0,0,0,0,0,0,0,0,0,0,0,0,0,0,0,0,
"(org.jdbi.v3.benchmark.CaseInsensitiveStringEqualsBenchmark.toLowerCaseEqualsCopy,19ad4a7994360d87927bf908a810173529e1d2f0)",0,0,0,0,0,0,0,0,0,0,0,0,0,0,0,0,0,0,0,0,0,0,0,0,0,0,0,0,0,0,0,0,0,0,0,0,0,0,0,0,0,0,0,0,
"(org.jdbi.v3.benchmark.CaseInsensitiveStringEqualsBenchmark.collatorEqualsCopy,19ad4a7994360d87927bf908a810173529e1d2f0)",0,0,0,0,0,0,0,0,0,0,0,0,0,0,0,0,0,0,0,0,0,0,0,0,0,0,0,0,0,0,0,0,0,0,0,0,0,0,0,0,0,0,0,0,
"(org.jdbi.v3.core.EnumBenchmark.mapEnumCaseSensitive,19ad4a7994360d87927bf908a810173529e1d2f0)",0,0,0,0,0,0,0,0,0,0,0,0,0,0,0,0,0,0,0,0,0,0,0,0,0,0,0,0,0,0,0,0,0,0,0,0,0,0,0,0,0,0,0,0,
"(org.jdbi.v3.benchmark.CaseInsensitiveStringEqualsBenchmark.collatorEqualsRandomCase,19ad4a7994360d87927bf908a810173529e1d2f0)",0,0,0,0,0,0,0,0,0,0,0,0,0,0,0,0,0,0,0,0,0,0,0,0,0,0,0,0,0,0,0,0,0,0,0,0,0,0,0,0,0,0,0,0,
"(org.jdbi.v3.benchmark.CaseInsensitiveStringEqualsBenchmark.collatorEqualsOther,db75869225ef066d8f0061826614e0f413fb81df)",0,0,0,0,0,0,0,0,0,0,0,0,0,0,0,0,0,0,0,0,0,0,0,0,0,0,0,0,0,0,0,0,0,0,0,0,0,0,0,0,0,0,0,0,
"(org.jdbi.v3.core.EnumBenchmark.mapEnumCaseInsensitive,db75869225ef066d8f0061826614e0f413fb81df)",0,0,0,0,0,0,0,0,0,0,0,0,0,0,0,0,0,0,0,0,0,0,0,0,0,0,0,0,0,0,0,0,0,0,0,0,0,0,0,0,0,0,0,0,
"(org.jdbi.v3.benchmark.CaseInsensitiveStringEqualsBenchmark.equalsIgnoreCaseOther,db75869225ef066d8f0061826614e0f413fb81df)",0,0,0,0,0,0,0,0,0,0,0,0,0,0,0,0,0,0,0,0,0,0,0,0,0,0,0,0,0,0,0,0,0,0,0,0,0,0,0,0,0,0,0,0,
"(org.jdbi.v3.benchmark.QualifiersBenchmark.mapUnqualifiedBean,db75869225ef066d8f0061826614e0f413fb81df)",0,0,0,0,0,0,0,0,0,0,0,0,0,0,0,0,0,0,0,0,0,0,0,0,0,0,0,0,0,0,0,0,0,0,0,0,0,0,0,0,0,0,0,0,
"(org.jdbi.v3.benchmark.EnumMapperBenchmark.mapByOrdinal,db75869225ef066d8f0061826614e0f413fb81df)",0,0,0,0,0,0,0,0,0,0,0,0,0,0,0,0,0,0,0,0,0,0,0,0,0,0,0,0,0,0,0,0,0,0,0,0,0,0,0,0,0,0,0,0,
"(org.jdbi.v3.benchmark.CaseInsensitiveStringEqualsBenchmark.toLowerCaseEqualsRandomCase,db75869225ef066d8f0061826614e0f413fb81df)",0,0,0,0,0,0,0,0,0,0,0,0,0,0,0,0,0,0,0,0,0,0,0,0,0,0,0,0,0,0,0,0,0,0,0,0,0,0,0,0,0,0,0,0,
"(org.jdbi.v3.benchmark.CaseInsensitiveStringEqualsBenchmark.stringEquals,db75869225ef066d8f0061826614e0f413fb81df)",0,0,0,0,0,0,0,0,0,0,0,0,0,0,0,0,0,0,0,0,0,0,0,0,0,0,0,0,0,0,0,0,0,0,0,0,0,0,0,0,0,0,0,0,
"(org.jdbi.v3.benchmark.CaseInsensitiveStringEqualsBenchmark.equalsIgnoreCaseRandomCase,db75869225ef066d8f0061826614e0f413fb81df)",0,0,0,0,0,0,0,0,0,0,0,0,0,0,0,0,0,0,0,0,0,0,0,0,0,0,0,0,0,0,0,0,0,0,0,0,0,0,0,0,0,0,0,0,
"(org.jdbi.v3.benchmark.QualifiersBenchmark.getQualifiersAnnotated,db75869225ef066d8f0061826614e0f413fb81df)",0,0,0,0,0,0,0,0,0,0,0,0,0,0,0,0,0,0,0,0,0,0,0,0,0,0,0,0,0,0,0,0,0,0,0,0,0,0,0,0,0,0,0,0,
"(org.jdbi.v3.benchmark.QualifiersBenchmark.getQualifiersUnannotated,db75869225ef066d8f0061826614e0f413fb81df)",0,0,0,0,0,0,0,0,0,0,0,0,0,0,0,0,0,0,0,0,0,0,0,0,0,0,0,0,0,0,0,0,0,0,0,0,0,0,0,0,0,0,0,0,
"(org.jdbi.v3.benchmark.QualifiersBenchmark.mapQualifiedBean,db75869225ef066d8f0061826614e0f413fb81df)",0,0,0,0,0,0,0,0,0,0,0,0,0,0,0,0,0,0,0,0,0,0,0,0,0,0,0,0,0,0,0,0,0,0,0,0,0,0,0,0,0,0,0,0,
"(org.jdbi.v3.benchmark.CaseInsensitiveStringEqualsBenchmark.stringNotEquals,db75869225ef066d8f0061826614e0f413fb81df)",0,0,0,0,0,0,0,0,0,0,0,0,0,0,0,0,0,0,0,0,0,0,0,0,0,0,0,0,0,0,0,0,0,0,0,0,0,0,0,0,0,0,0,0,
"(org.jdbi.v3.benchmark.CaseInsensitiveStringEqualsBenchmark.toLowerCaseEqualsOther,db75869225ef066d8f0061826614e0f413fb81df)",0,0,0,0,0,0,0,0,0,0,0,0,0,0,0,0,0,0,0,0,0,0,0,0,0,0,0,0,0,0,0,0,0,0,0,0,0,0,0,0,0,0,0,0,
"(org.jdbi.v3.benchmark.CaseInsensitiveStringEqualsBenchmark.equalsIgnoreCaseCopy,db75869225ef066d8f0061826614e0f413fb81df)",0,0,0,0,0,0,0,0,0,0,0,0,0,0,0,0,0,0,0,0,0,0,0,0,0,0,0,0,0,0,0,0,0,0,0,0,0,0,0,0,0,0,0,0,
"(org.jdbi.v3.benchmark.EnumMapperBenchmark.mapByExactName,db75869225ef066d8f0061826614e0f413fb81df)",0,0,0,0,0,0,0,0,0,0,0,0,0,0,0,0,0,0,0,0,0,0,0,0,0,0,0,0,0,0,0,0,0,0,0,0,0,0,0,0,0,0,0,0,
"(org.jdbi.v3.benchmark.EnumMapperBenchmark.mapByRandomCaseName,db75869225ef066d8f0061826614e0f413fb81df)",0,0,0,0,0,0,0,0,0,0,0,0,0,0,0,0,0,0,0,0,0,0,0,0,0,0,0,0,0,0,0,0,0,0,0,0,0,0,0,0,0,0,0,0,
"(org.jdbi.v3.benchmark.CaseInsensitiveStringEqualsBenchmark.toLowerCaseEqualsCopy,db75869225ef066d8f0061826614e0f413fb81df)",0,0,0,0,0,0,0,0,0,0,0,0,0,0,0,0,0,0,0,0,0,0,0,0,0,0,0,0,0,0,0,0,0,0,0,0,0,0,0,0,0,0,0,0,
"(org.jdbi.v3.benchmark.CaseInsensitiveStringEqualsBenchmark.collatorEqualsCopy,db75869225ef066d8f0061826614e0f413fb81df)",0,0,0,0,0,0,0,0,0,0,0,0,0,0,0,0,0,0,0,0,0,0,0,0,0,0,0,0,0,0,0,0,0,0,0,0,0,0,0,0,0,0,0,0,
"(org.jdbi.v3.core.EnumBenchmark.mapEnumCaseSensitive,db75869225ef066d8f0061826614e0f413fb81df)",0,0,0,0,0,0,0,0,0,0,0,0,0,0,0,0,0,0,0,0,0,0,0,0,0,0,0,0,0,0,0,0,0,0,0,0,0,0,0,0,0,0,0,0,
"(org.jdbi.v3.benchmark.CaseInsensitiveStringEqualsBenchmark.collatorEqualsRandomCase,db75869225ef066d8f0061826614e0f413fb81df)",0,0,0,0,0,0,0,0,0,0,0,0,0,0,0,0,0,0,0,0,0,0,0,0,0,0,0,0,0,0,0,0,0,0,0,0,0,0,0,0,0,0,0,0,
"(org.jdbi.v3.benchmark.CaseInsensitiveStringEqualsBenchmark.collatorEqualsOther,bed76121bfc27906e520968b353a63192641a727)",0,0,0,0,0,0,0,0,0,0,0,0,0,0,0,0,0,0,0,0,0,0,0,0,0,0,0,0,0,0,0,0,0,0,0,0,0,0,0,0,0,0,0,0,
"(org.jdbi.v3.core.EnumBenchmark.mapEnumCaseInsensitive,bed76121bfc27906e520968b353a63192641a727)",0,0,0,0,0,0,0,0,0,0,0,0,0,0,0,0,0,0,0,0,0,0,0,0,0,0,0,0,0,0,0,0,0,0,0,0,0,0,0,0,0,0,0,0,
"(org.jdbi.v3.benchmark.CaseInsensitiveStringEqualsBenchmark.equalsIgnoreCaseOther,bed76121bfc27906e520968b353a63192641a727)",0,0,0,0,0,0,0,0,0,0,0,0,0,0,0,0,0,0,0,0,0,0,0,0,0,0,0,0,0,0,0,0,0,0,0,0,0,0,0,0,0,0,0,0,
"(org.jdbi.v3.benchmark.QualifiersBenchmark.mapUnqualifiedBean,bed76121bfc27906e520968b353a63192641a727)",0,0,0,0,0,0,0,0,0,0,0,0,0,0,0,0,0,0,0,0,0,0,0,0,0,0,0,0,0,0,0,0,0,0,0,0,0,0,0,0,0,0,0,0,
"(org.jdbi.v3.benchmark.EnumMapperBenchmark.mapByOrdinal,bed76121bfc27906e520968b353a63192641a727)",0,0,0,0,0,0,0,0,0,0,0,0,0,0,0,0,0,0,0,0,0,0,0,0,0,0,0,0,0,0,0,0,0,0,0,0,0,0,0,0,0,0,0,0,
"(org.jdbi.v3.benchmark.CaseInsensitiveStringEqualsBenchmark.toLowerCaseEqualsRandomCase,bed76121bfc27906e520968b353a63192641a727)",0,0,0,0,0,0,0,0,0,0,0,0,0,0,0,0,0,0,0,0,0,0,0,0,0,0,0,0,0,0,0,0,0,0,0,0,0,0,0,0,0,0,0,0,
"(org.jdbi.v3.benchmark.CaseInsensitiveStringEqualsBenchmark.stringEquals,bed76121bfc27906e520968b353a63192641a727)",0,0,0,0,0,0,0,0,0,0,0,0,0,0,0,0,0,0,0,0,0,0,0,0,0,0,0,0,0,0,0,0,0,0,0,0,0,0,0,0,0,0,0,0,
"(org.jdbi.v3.benchmark.CaseInsensitiveStringEqualsBenchmark.equalsIgnoreCaseRandomCase,bed76121bfc27906e520968b353a63192641a727)",0,0,0,0,0,0,0,0,0,0,0,0,0,0,0,0,0,0,0,0,0,0,0,0,0,0,0,0,0,0,0,0,0,0,0,0,0,0,0,0,0,0,0,0,
"(org.jdbi.v3.benchmark.QualifiersBenchmark.getQualifiersAnnotated,bed76121bfc27906e520968b353a63192641a727)",0,0,0,0,0,0,0,0,0,0,0,0,0,0,0,0,0,0,0,0,0,0,0,0,0,0,0,0,0,0,0,0,0,0,0,0,0,0,0,0,0,0,0,0,
"(org.jdbi.v3.benchmark.QualifiersBenchmark.getQualifiersUnannotated,bed76121bfc27906e520968b353a63192641a727)",0,0,0,0,0,0,0,0,0,0,0,0,0,0,0,0,0,0,0,0,0,0,0,0,0,0,0,0,0,0,0,0,0,0,0,0,0,0,0,0,0,0,0,0,
"(org.jdbi.v3.benchmark.QualifiersBenchmark.mapQualifiedBean,bed76121bfc27906e520968b353a63192641a727)",0,0,0,0,0,0,0,0,0,0,0,0,0,0,0,0,0,0,0,0,0,0,0,0,0,0,0,0,0,0,0,0,0,0,0,0,0,0,0,0,0,0,0,0,
"(org.jdbi.v3.benchmark.CaseInsensitiveStringEqualsBenchmark.stringNotEquals,bed76121bfc27906e520968b353a63192641a727)",0,0,0,0,0,0,0,0,0,0,0,0,0,0,0,0,0,0,0,0,0,0,0,0,0,0,0,0,0,0,0,0,0,0,0,0,0,0,0,0,0,0,0,0,
"(org.jdbi.v3.benchmark.CaseInsensitiveStringEqualsBenchmark.toLowerCaseEqualsOther,bed76121bfc27906e520968b353a63192641a727)",0,0,0,0,0,0,0,0,0,0,0,0,0,0,0,0,0,0,0,0,0,0,0,0,0,0,0,0,0,0,0,0,0,0,0,0,0,0,0,0,0,0,0,0,
"(org.jdbi.v3.benchmark.CaseInsensitiveStringEqualsBenchmark.equalsIgnoreCaseCopy,bed76121bfc27906e520968b353a63192641a727)",0,0,0,0,0,0,0,0,0,0,0,0,0,0,0,0,0,0,0,0,0,0,0,0,0,0,0,0,0,0,0,0,0,0,0,0,0,0,0,0,0,0,0,0,
"(org.jdbi.v3.benchmark.EnumMapperBenchmark.mapByExactName,bed76121bfc27906e520968b353a63192641a727)",0,0,0,0,0,0,0,0,0,0,0,0,0,0,0,0,0,0,0,0,0,0,0,0,0,0,0,0,0,0,0,0,0,0,0,0,0,0,0,0,0,0,0,0,
"(org.jdbi.v3.benchmark.EnumMapperBenchmark.mapByRandomCaseName,bed76121bfc27906e520968b353a63192641a727)",0,0,0,0,0,0,0,0,0,0,0,0,0,0,0,0,0,0,0,0,0,0,0,0,0,0,0,0,0,0,0,0,0,0,0,0,0,0,0,0,0,0,0,0,
"(org.jdbi.v3.benchmark.CaseInsensitiveStringEqualsBenchmark.toLowerCaseEqualsCopy,bed76121bfc27906e520968b353a63192641a727)",0,0,0,0,0,0,0,0,0,0,0,0,0,0,0,0,0,0,0,0,0,0,0,0,0,0,0,0,0,0,0,0,0,0,0,0,0,0,0,0,0,0,0,0,
"(org.jdbi.v3.benchmark.CaseInsensitiveStringEqualsBenchmark.collatorEqualsCopy,bed76121bfc27906e520968b353a63192641a727)",0,0,0,0,0,0,0,0,0,0,0,0,0,0,0,0,0,0,0,0,0,0,0,0,0,0,0,0,0,0,0,0,0,0,0,0,0,0,0,0,0,0,0,0,
"(org.jdbi.v3.core.EnumBenchmark.mapEnumCaseSensitive,bed76121bfc27906e520968b353a63192641a727)",0,0,0,0,0,0,0,0,0,0,0,0,0,0,0,0,0,0,0,0,0,0,0,0,0,0,0,0,0,0,0,0,0,0,0,0,0,0,0,0,0,0,0,0,
"(org.jdbi.v3.benchmark.CaseInsensitiveStringEqualsBenchmark.collatorEqualsRandomCase,bed76121bfc27906e520968b353a63192641a727)",0,0,0,0,0,0,0,0,0,0,0,0,0,0,0,0,0,0,0,0,0,0,0,0,0,0,0,0,0,0,0,0,0,0,0,0,0,0,0,0,0,0,0,0,
"(org.jdbi.v3.benchmark.CaseInsensitiveStringEqualsBenchmark.collatorEqualsOther,082830b11bc799997312f66d814a8e915c8bc71d)",0,0,0,0,0,0,0,0,0,0,0,0,0,0,0,0,0,0,0,0,0,0,0,0,0,0,0,0,0,0,0,0,0,0,0,0,0,0,0,0,0,0,0,0,
"(org.jdbi.v3.core.EnumBenchmark.mapEnumCaseInsensitive,082830b11bc799997312f66d814a8e915c8bc71d)",0,0,0,0,0,0,0,0,0,0,0,0,0,0,0,0,0,0,0,0,0,0,0,0,0,0,0,0,0,0,0,0,0,0,0,0,0,0,0,0,0,0,0,0,
"(org.jdbi.v3.benchmark.CaseInsensitiveStringEqualsBenchmark.equalsIgnoreCaseOther,082830b11bc799997312f66d814a8e915c8bc71d)",0,0,0,0,0,0,0,0,0,0,0,0,0,0,0,0,0,0,0,0,0,0,0,0,0,0,0,0,0,0,0,0,0,0,0,0,0,0,0,0,0,0,0,0,
"(org.jdbi.v3.benchmark.QualifiersBenchmark.mapUnqualifiedBean,082830b11bc799997312f66d814a8e915c8bc71d)",0,0,0,0,0,0,0,0,0,0,0,0,0,0,0,0,0,0,0,0,0,0,0,0,0,0,0,0,0,0,0,0,0,0,0,0,0,0,0,0,0,0,0,0,
"(org.jdbi.v3.benchmark.EnumMapperBenchmark.mapByOrdinal,082830b11bc799997312f66d814a8e915c8bc71d)",0,0,0,0,0,0,0,0,0,0,0,0,0,0,0,0,0,0,0,0,0,0,0,0,0,0,0,0,0,0,0,0,0,0,0,0,0,0,0,0,0,0,0,0,
"(org.jdbi.v3.benchmark.CaseInsensitiveStringEqualsBenchmark.toLowerCaseEqualsRandomCase,082830b11bc799997312f66d814a8e915c8bc71d)",0,0,0,0,0,0,0,0,0,0,0,0,0,0,0,0,0,0,0,0,0,0,0,0,0,0,0,0,0,0,0,0,0,0,0,0,0,0,0,0,0,0,0,0,
"(org.jdbi.v3.benchmark.CaseInsensitiveStringEqualsBenchmark.stringEquals,082830b11bc799997312f66d814a8e915c8bc71d)",0,0,0,0,0,0,0,0,0,0,0,0,0,0,0,0,0,0,0,0,0,0,0,0,0,0,0,0,0,0,0,0,0,0,0,0,0,0,0,0,0,0,0,0,
"(org.jdbi.v3.benchmark.CaseInsensitiveStringEqualsBenchmark.equalsIgnoreCaseRandomCase,082830b11bc799997312f66d814a8e915c8bc71d)",0,0,0,0,0,0,0,0,0,0,0,0,0,0,0,0,0,0,0,0,0,0,0,0,0,0,0,0,0,0,0,0,0,0,0,0,0,0,0,0,0,0,0,0,
"(org.jdbi.v3.benchmark.QualifiersBenchmark.getQualifiersAnnotated,082830b11bc799997312f66d814a8e915c8bc71d)",0,0,0,0,0,0,0,0,0,0,0,0,0,0,0,0,0,0,0,0,0,0,0,0,0,0,0,0,0,0,0,0,0,0,0,0,0,0,0,0,0,0,0,0,
"(org.jdbi.v3.benchmark.QualifiersBenchmark.getQualifiersUnannotated,082830b11bc799997312f66d814a8e915c8bc71d)",0,0,0,0,0,0,0,0,0,0,0,0,0,0,0,0,0,0,0,0,0,0,0,0,0,0,0,0,0,0,0,0,0,0,0,0,0,0,0,0,0,0,0,0,
"(org.jdbi.v3.benchmark.QualifiersBenchmark.mapQualifiedBean,082830b11bc799997312f66d814a8e915c8bc71d)",0,0,0,0,0,0,0,0,0,0,0,0,0,0,0,0,0,0,0,0,0,0,0,0,0,0,0,0,0,0,0,0,0,0,0,0,0,0,0,0,0,0,0,0,
"(org.jdbi.v3.benchmark.CaseInsensitiveStringEqualsBenchmark.stringNotEquals,082830b11bc799997312f66d814a8e915c8bc71d)",0,0,0,0,0,0,0,0,0,0,0,0,0,0,0,0,0,0,0,0,0,0,0,0,0,0,0,0,0,0,0,0,0,0,0,0,0,0,0,0,0,0,0,0,
"(org.jdbi.v3.benchmark.CaseInsensitiveStringEqualsBenchmark.toLowerCaseEqualsOther,082830b11bc799997312f66d814a8e915c8bc71d)",0,0,0,0,0,0,0,0,0,0,0,0,0,0,0,0,0,0,0,0,0,0,0,0,0,0,0,0,0,0,0,0,0,0,0,0,0,0,0,0,0,0,0,0,
"(org.jdbi.v3.benchmark.CaseInsensitiveStringEqualsBenchmark.equalsIgnoreCaseCopy,082830b11bc799997312f66d814a8e915c8bc71d)",0,0,0,0,0,0,0,0,0,0,0,0,0,0,0,0,0,0,0,0,0,0,0,0,0,0,0,0,0,0,0,0,0,0,0,0,0,0,0,0,0,0,0,0,
"(org.jdbi.v3.benchmark.EnumMapperBenchmark.mapByExactName,082830b11bc799997312f66d814a8e915c8bc71d)",0,0,0,0,0,0,0,0,0,0,0,0,0,0,0,0,0,0,0,0,0,0,0,0,0,0,0,0,0,0,0,0,0,0,0,0,0,0,0,0,0,0,0,0,
"(org.jdbi.v3.benchmark.EnumMapperBenchmark.mapByRandomCaseName,082830b11bc799997312f66d814a8e915c8bc71d)",0,0,0,0,0,0,0,0,0,0,0,0,0,0,0,0,0,0,0,0,0,0,0,0,0,0,0,0,0,0,0,0,0,0,0,0,0,0,0,0,0,0,0,0,
"(org.jdbi.v3.benchmark.CaseInsensitiveStringEqualsBenchmark.toLowerCaseEqualsCopy,082830b11bc799997312f66d814a8e915c8bc71d)",0,0,0,0,0,0,0,0,0,0,0,0,0,0,0,0,0,0,0,0,0,0,0,0,0,0,0,0,0,0,0,0,0,0,0,0,0,0,0,0,0,0,0,0,
"(org.jdbi.v3.benchmark.CaseInsensitiveStringEqualsBenchmark.collatorEqualsCopy,082830b11bc799997312f66d814a8e915c8bc71d)",0,0,0,0,0,0,0,0,0,0,0,0,0,0,0,0,0,0,0,0,0,0,0,0,0,0,0,0,0,0,0,0,0,0,0,0,0,0,0,0,0,0,0,0,
"(org.jdbi.v3.core.EnumBenchmark.mapEnumCaseSensitive,082830b11bc799997312f66d814a8e915c8bc71d)",0,0,0,0,0,0,0,0,0,0,0,0,0,0,0,0,0,0,0,0,0,0,0,0,0,0,0,0,0,0,0,0,0,0,0,0,0,0,0,0,0,0,0,0,
"(org.jdbi.v3.benchmark.CaseInsensitiveStringEqualsBenchmark.collatorEqualsRandomCase,082830b11bc799997312f66d814a8e915c8bc71d)",0,0,0,0,0,0,0,0,0,0,0,0,0,0,0,0,0,0,0,0,0,0,0,0,0,0,0,0,0,0,0,0,0,0,0,0,0,0,0,0,0,0,0,0,
"(org.jdbi.v3.benchmark.CaseInsensitiveStringEqualsBenchmark.collatorEqualsOther,2273bd5e2f485642db3384fe37edf73a95db765a)",0,0,0,0,0,0,0,0,0,0,0,0,0,0,0,0,0,0,0,0,0,0,0,0,0,0,0,0,0,0,0,0,0,0,0,0,0,0,0,0,0,0,0,0,
"(org.jdbi.v3.core.EnumBenchmark.mapEnumCaseInsensitive,2273bd5e2f485642db3384fe37edf73a95db765a)",0,0,0,0,0,0,0,0,0,0,0,0,0,0,0,0,0,0,0,0,0,0,0,0,0,0,0,0,0,0,0,0,0,0,0,0,0,0,0,0,0,0,0,0,
"(org.jdbi.v3.benchmark.CaseInsensitiveStringEqualsBenchmark.equalsIgnoreCaseOther,2273bd5e2f485642db3384fe37edf73a95db765a)",0,0,0,0,0,0,0,0,0,0,0,0,0,0,0,0,0,0,0,0,0,0,0,0,0,0,0,0,0,0,0,0,0,0,0,0,0,0,0,0,0,0,0,0,
"(org.jdbi.v3.benchmark.QualifiersBenchmark.mapUnqualifiedBean,2273bd5e2f485642db3384fe37edf73a95db765a)",0,0,0,0,0,0,0,0,0,0,0,0,0,0,0,0,0,0,0,0,0,0,0,0,0,0,0,0,0,0,0,0,0,0,0,0,0,0,0,0,0,0,0,0,
"(org.jdbi.v3.benchmark.EnumMapperBenchmark.mapByOrdinal,2273bd5e2f485642db3384fe37edf73a95db765a)",0,0,0,0,0,0,0,0,0,0,0,0,0,0,0,0,0,0,0,0,0,0,0,0,0,0,0,0,0,0,0,0,0,0,0,0,0,0,0,0,0,0,0,0,
"(org.jdbi.v3.benchmark.CaseInsensitiveStringEqualsBenchmark.toLowerCaseEqualsRandomCase,2273bd5e2f485642db3384fe37edf73a95db765a)",0,0,0,0,0,0,0,0,0,0,0,0,0,0,0,0,0,0,0,0,0,0,0,0,0,0,0,0,0,0,0,0,0,0,0,0,0,0,0,0,0,0,0,0,
"(org.jdbi.v3.benchmark.CaseInsensitiveStringEqualsBenchmark.stringEquals,2273bd5e2f485642db3384fe37edf73a95db765a)",0,0,0,0,0,0,0,0,0,0,0,0,0,0,0,0,0,0,0,0,0,0,0,0,0,0,0,0,0,0,0,0,0,0,0,0,0,0,0,0,0,0,0,0,
"(org.jdbi.v3.benchmark.CaseInsensitiveStringEqualsBenchmark.equalsIgnoreCaseRandomCase,2273bd5e2f485642db3384fe37edf73a95db765a)",0,0,0,0,0,0,0,0,0,0,0,0,0,0,0,0,0,0,0,0,0,0,0,0,0,0,0,0,0,0,0,0,0,0,0,0,0,0,0,0,0,0,0,0,
"(org.jdbi.v3.benchmark.QualifiersBenchmark.getQualifiersAnnotated,2273bd5e2f485642db3384fe37edf73a95db765a)",0,0,0,0,0,0,0,0,0,0,0,0,0,0,0,0,0,0,0,0,0,0,0,0,0,0,0,0,0,0,0,0,0,0,0,0,0,0,0,0,0,0,0,0,
"(org.jdbi.v3.benchmark.QualifiersBenchmark.getQualifiersUnannotated,2273bd5e2f485642db3384fe37edf73a95db765a)",0,0,0,0,0,0,0,0,0,0,0,0,0,0,0,0,0,0,0,0,0,0,0,0,0,0,0,0,0,0,0,0,0,0,0,0,0,0,0,0,0,0,0,0,
"(org.jdbi.v3.benchmark.QualifiersBenchmark.mapQualifiedBean,2273bd5e2f485642db3384fe37edf73a95db765a)",0,0,0,0,0,0,0,0,0,0,0,0,0,0,0,0,0,0,0,0,0,0,0,0,0,0,0,0,0,0,0,0,0,0,0,0,0,0,0,0,0,0,0,0,
"(org.jdbi.v3.benchmark.CaseInsensitiveStringEqualsBenchmark.stringNotEquals,2273bd5e2f485642db3384fe37edf73a95db765a)",0,0,0,0,0,0,0,0,0,0,0,0,0,0,0,0,0,0,0,0,0,0,0,0,0,0,0,0,0,0,0,0,0,0,0,0,0,0,0,0,0,0,0,0,
"(org.jdbi.v3.benchmark.CaseInsensitiveStringEqualsBenchmark.toLowerCaseEqualsOther,2273bd5e2f485642db3384fe37edf73a95db765a)",0,0,0,0,0,0,0,0,0,0,0,0,0,0,0,0,0,0,0,0,0,0,0,0,0,0,0,0,0,0,0,0,0,0,0,0,0,0,0,0,0,0,0,0,
"(org.jdbi.v3.benchmark.CaseInsensitiveStringEqualsBenchmark.equalsIgnoreCaseCopy,2273bd5e2f485642db3384fe37edf73a95db765a)",0,0,0,0,0,0,0,0,0,0,0,0,0,0,0,0,0,0,0,0,0,0,0,0,0,0,0,0,0,0,0,0,0,0,0,0,0,0,0,0,0,0,0,0,
"(org.jdbi.v3.benchmark.EnumMapperBenchmark.mapByExactName,2273bd5e2f485642db3384fe37edf73a95db765a)",0,0,0,0,0,0,0,0,0,0,0,0,0,0,0,0,0,0,0,0,0,0,0,0,0,0,0,0,0,0,0,0,0,0,0,0,0,0,0,0,0,0,0,0,
"(org.jdbi.v3.benchmark.EnumMapperBenchmark.mapByRandomCaseName,2273bd5e2f485642db3384fe37edf73a95db765a)",0,0,0,0,0,0,0,0,0,0,0,0,0,0,0,0,0,0,0,0,0,0,0,0,0,0,0,0,0,0,0,0,0,0,0,0,0,0,0,0,0,0,0,0,
"(org.jdbi.v3.benchmark.CaseInsensitiveStringEqualsBenchmark.toLowerCaseEqualsCopy,2273bd5e2f485642db3384fe37edf73a95db765a)",0,0,0,0,0,0,0,0,0,0,0,0,0,0,0,0,0,0,0,0,0,0,0,0,0,0,0,0,0,0,0,0,0,0,0,0,0,0,0,0,0,0,0,0,
"(org.jdbi.v3.benchmark.CaseInsensitiveStringEqualsBenchmark.collatorEqualsCopy,2273bd5e2f485642db3384fe37edf73a95db765a)",0,0,0,0,0,0,0,0,0,0,0,0,0,0,0,0,0,0,0,0,0,0,0,0,0,0,0,0,0,0,0,0,0,0,0,0,0,0,0,0,0,0,0,0,
"(org.jdbi.v3.core.EnumBenchmark.mapEnumCaseSensitive,2273bd5e2f485642db3384fe37edf73a95db765a)",0,0,0,0,0,0,0,0,0,0,0,0,0,0,0,0,0,0,0,0,0,0,0,0,0,0,0,0,0,0,0,0,0,0,0,0,0,0,0,0,0,0,0,0,
"(org.jdbi.v3.benchmark.CaseInsensitiveStringEqualsBenchmark.collatorEqualsRandomCase,2273bd5e2f485642db3384fe37edf73a95db765a)",0,0,0,0,0,0,0,0,0,0,0,0,0,0,0,0,0,0,0,0,0,0,0,0,0,0,0,0,0,0,0,0,0,0,0,0,0,0,0,0,0,0,0,0,
