"(Benchmark_method, commit)",Extract Variable,Change Return Type,Remove Method Annotation,Add Method Annotation,Extract Method,Inline Method,Extract Class,Move Attribute,Change Attribute Type,Change Parameter Type,Change Variable Type,Modify Parameter Annotation,Move Method,Remove Parameter,Add Parameter,Extract Superclass,Pull Up Method,Pull Up Attribute,Modify Method Annotation,Modify Class Annotation,Add Parameter Annotation,Add Class Annotation,Remove Parameter Annotation,Extract Attribute,Inline Variable,Extract And Move Method,Move Class,Modify Attribute Annotation,Add Attribute Annotation,Parameterize Variable,Move And Inline Method,Remove Class Annotation,Move Source Folder,Extract Interface,Replace Variable With Attribute,Push Down Method,Change Package,Extract Subclass,Push Down Attribute,Reorder Parameter,Merge Parameter,Merge Attribute,Split Parameter,Split Attribute,Merge Variable,Remove Attribute Annotation,sum,delta
"(io.jooby.internal.ChiBenchmark.articles,4584424dba4959ee5393740f20585e3fdca235a7)",0,0,0,0,0,0,0,0,0,0,0,0,0,0,0,0,0,0,0,0,0,0,0,0,0,0,0,0,0,0,0,0,0,0,0,0,0,0,0,0,0,0,0,0,0,0,0,
"(io.jooby.internal.ChiBenchmark.articlesEdit,4584424dba4959ee5393740f20585e3fdca235a7)",0,0,0,0,0,0,0,0,0,0,0,0,0,0,0,0,0,0,0,0,0,0,0,0,0,0,0,0,0,0,0,0,0,0,0,0,0,0,0,0,0,0,0,0,0,0,0,
"(io.jooby.internal.ChiBenchmark._plaintext,4584424dba4959ee5393740f20585e3fdca235a7)",0,0,0,0,0,0,0,0,0,0,0,0,0,0,0,0,0,0,0,0,0,0,0,0,0,0,0,0,0,0,0,0,0,0,0,0,0,0,0,0,0,0,0,0,0,0,0,
"(io.jooby.internal.ChiBenchmark.articles,a776b371835754c8d14d6e2e7149240428506d60)",0,0,0,0,0,0,0,0,0,0,0,0,0,0,0,0,0,0,0,0,0,0,0,0,0,0,0,0,0,0,0,0,0,0,0,0,0,0,0,0,0,0,0,0,0,0,0,
"(io.jooby.internal.ChiBenchmark.articlesEdit,a776b371835754c8d14d6e2e7149240428506d60)",0,0,0,0,0,0,0,0,0,0,0,0,0,0,0,0,0,0,0,0,0,0,0,0,0,0,0,0,0,0,0,0,0,0,0,0,0,0,0,0,0,0,0,0,0,0,0,
"(io.jooby.internal.ChiBenchmark._plaintext,a776b371835754c8d14d6e2e7149240428506d60)",0,0,0,0,0,0,0,0,0,0,0,0,0,0,0,0,0,0,0,0,0,0,0,0,0,0,0,0,0,0,0,0,0,0,0,0,0,0,0,0,0,0,0,0,0,0,0,
"(io.jooby.internal.ChiBenchmark.paramMatch,02b573ce67e0ceb5e55716409ab9c87868cd99d0)",0,0,0,0,0,0,0,0,0,0,0,0,0,0,0,0,0,0,0,0,0,0,0,0,0,0,0,0,0,0,0,0,0,0,0,0,0,0,0,0,0,0,0,0,0,0,0,
"(io.jooby.internal.ChiBenchmark.staticMatch,02b573ce67e0ceb5e55716409ab9c87868cd99d0)",0,0,0,0,0,0,0,0,0,0,0,0,0,0,0,0,0,0,0,0,0,0,0,0,0,0,0,0,0,0,0,0,0,0,0,0,0,0,0,0,0,0,0,0,0,0,0,
"(io.jooby.internal.ChiBenchmark.articles,6be2dea354cdd2f10a41937d4ac09c6e4dd1bb0d)",0,0,0,0,0,0,0,0,0,0,0,0,0,0,0,0,0,0,0,0,0,0,0,0,0,0,0,0,0,0,0,0,0,0,0,0,0,0,0,0,0,0,0,0,0,0,0,
"(io.jooby.internal.ChiBenchmark.articlesEdit,6be2dea354cdd2f10a41937d4ac09c6e4dd1bb0d)",0,0,0,0,0,0,0,0,0,0,0,0,0,0,0,0,0,0,0,0,0,0,0,0,0,0,0,0,0,0,0,0,0,0,0,0,0,0,0,0,0,0,0,0,0,0,0,
"(io.jooby.internal.ChiBenchmark._plaintext,6be2dea354cdd2f10a41937d4ac09c6e4dd1bb0d)",0,0,0,0,0,0,0,0,0,0,0,0,0,0,0,0,0,0,0,0,0,0,0,0,0,0,0,0,0,0,0,0,0,0,0,0,0,0,0,0,0,0,0,0,0,0,0,
"(io.jooby.internal.ChiBenchmark.paramMatch,545283705cd1adb8068a367da51017556c068b3d)",0,0,0,0,0,0,0,0,0,0,0,0,0,0,0,0,0,0,0,0,0,0,0,0,0,0,0,0,0,0,0,0,0,0,0,0,0,0,0,0,0,0,0,0,0,0,0,
"(io.jooby.internal.ChiBenchmark.staticMatch,545283705cd1adb8068a367da51017556c068b3d)",0,0,0,0,0,0,0,0,0,0,0,0,0,0,0,0,0,0,0,0,0,0,0,0,0,0,0,0,0,0,0,0,0,0,0,0,0,0,0,0,0,0,0,0,0,0,0,
"(io.jooby.internal.ChiBenchmark.paramMatch,da0aa6d1401d5058b4e2cb6802f51d134b433c2f)",0,0,0,0,0,0,0,0,0,0,0,0,0,0,0,0,0,0,0,0,0,0,0,0,0,0,0,0,0,0,0,0,0,0,0,0,0,0,0,0,0,0,0,0,0,0,0,
"(io.jooby.internal.ChiBenchmark.staticMatch,da0aa6d1401d5058b4e2cb6802f51d134b433c2f)",0,0,0,0,0,0,0,0,0,0,0,0,0,0,0,0,0,0,0,0,0,0,0,0,0,0,0,0,0,0,0,0,0,0,0,0,0,0,0,0,0,0,0,0,0,0,0,
"(io.jooby.internal.ChiBenchmark.articles,3499e5b5dd6a2525fbb7978c93c2f7271151e81f)",0,0,0,0,0,0,0,0,0,0,0,0,0,0,0,0,0,0,0,0,0,0,0,0,0,0,0,0,0,0,0,0,0,0,0,0,0,0,0,0,0,0,0,0,0,0,0,
"(io.jooby.internal.ChiBenchmark.articlesEdit,3499e5b5dd6a2525fbb7978c93c2f7271151e81f)",0,0,0,0,0,0,0,0,0,0,0,0,0,0,0,0,0,0,0,0,0,0,0,0,0,0,0,0,0,0,0,0,0,0,0,0,0,0,0,0,0,0,0,0,0,0,0,
"(io.jooby.internal.ChiBenchmark._plaintext,3499e5b5dd6a2525fbb7978c93c2f7271151e81f)",0,0,0,0,0,0,0,0,0,0,0,0,0,0,0,0,0,0,0,0,0,0,0,0,0,0,0,0,0,0,0,0,0,0,0,0,0,0,0,0,0,0,0,0,0,0,0,
"(io.jooby.internal.ChiBenchmark.paramMatch,646a611e4082cb10121a1e1c9a3c8bb9f656ddb5)",0,0,0,0,0,0,0,0,0,0,0,0,0,0,0,0,0,0,0,0,0,0,0,0,0,0,0,0,0,0,0,0,0,0,0,0,0,0,0,0,0,0,0,0,0,0,0,
"(io.jooby.internal.ChiBenchmark.staticMatch,646a611e4082cb10121a1e1c9a3c8bb9f656ddb5)",0,0,0,0,0,0,0,0,0,0,0,0,0,0,0,0,0,0,0,0,0,0,0,0,0,0,0,0,0,0,0,0,0,0,0,0,0,0,0,0,0,0,0,0,0,0,0,
"(io.jooby.internal.ChiBenchmark.articles,f1c7e01d128e28456580933830051d1b1d0fe28f)",0,0,0,0,0,0,0,0,0,0,0,0,0,0,0,0,0,0,0,0,0,0,0,0,0,0,0,0,0,0,0,0,0,0,0,0,0,0,0,0,0,0,0,0,0,0,0,
"(io.jooby.internal.ChiBenchmark.articlesEdit,f1c7e01d128e28456580933830051d1b1d0fe28f)",0,0,0,0,0,0,0,0,0,0,0,0,0,0,0,0,0,0,0,0,0,0,0,0,0,0,0,0,0,0,0,0,0,0,0,0,0,0,0,0,0,0,0,0,0,0,0,
"(io.jooby.internal.ChiBenchmark._plaintext,f1c7e01d128e28456580933830051d1b1d0fe28f)",0,0,0,0,0,0,0,0,0,0,0,0,0,0,0,0,0,0,0,0,0,0,0,0,0,0,0,0,0,0,0,0,0,0,0,0,0,0,0,0,0,0,0,0,0,0,0,
"(io.jooby.internal.ChiBenchmark.paramMatch,0802a80dee9b747d030d91717bf7c70f0f7f2159)",0,0,0,0,0,0,0,0,0,0,0,0,0,0,0,0,0,0,0,0,0,0,0,0,0,0,0,0,0,0,0,0,0,0,0,0,0,0,0,0,0,0,0,0,0,0,0,
"(io.jooby.internal.ChiBenchmark.staticMatch,0802a80dee9b747d030d91717bf7c70f0f7f2159)",0,0,0,0,0,0,0,0,0,0,0,0,0,0,0,0,0,0,0,0,0,0,0,0,0,0,0,0,0,0,0,0,0,0,0,0,0,0,0,0,0,0,0,0,0,0,0,
"(io.jooby.internal.ChiBenchmark.paramMatch,ce85fe81b2be69530b29719b7c5f4819ff491aa2)",0,0,0,0,0,0,0,0,0,0,0,0,0,0,0,0,0,0,0,0,0,0,0,0,0,0,0,0,0,0,0,0,0,0,0,0,0,0,0,0,0,0,0,0,0,0,0,
"(io.jooby.internal.ChiBenchmark.staticMatch,ce85fe81b2be69530b29719b7c5f4819ff491aa2)",0,0,0,0,0,0,0,0,0,0,0,0,0,0,0,0,0,0,0,0,0,0,0,0,0,0,0,0,0,0,0,0,0,0,0,0,0,0,0,0,0,0,0,0,0,0,0,
"(io.jooby.internal.ChiBenchmark.paramMatch,cfc3588a3d3d289718e6d54a44a04096ce45ea11)",0,0,0,0,0,0,0,0,0,0,0,0,0,0,0,0,0,0,0,0,0,0,0,0,0,0,0,0,0,0,0,0,0,0,0,0,0,0,0,0,0,0,0,0,0,0,0,
"(io.jooby.internal.ChiBenchmark.staticMatch,cfc3588a3d3d289718e6d54a44a04096ce45ea11)",0,0,0,0,0,0,0,0,0,0,0,0,0,0,0,0,0,0,0,0,0,0,0,0,0,0,0,0,0,0,0,0,0,0,0,0,0,0,0,0,0,0,0,0,0,0,0,
"(io.jooby.internal.ChiBenchmark.paramMatch,1f5710dcbc690ebc3bac8489a187967b5c07caae)",0,0,0,0,0,0,0,0,0,0,0,0,0,0,0,0,0,0,0,0,0,0,0,0,0,0,0,0,0,0,0,0,0,0,0,0,0,0,0,0,0,0,0,0,0,0,0,
"(io.jooby.internal.ChiBenchmark.staticMatch,1f5710dcbc690ebc3bac8489a187967b5c07caae)",0,0,0,0,0,0,0,0,0,0,0,0,0,0,0,0,0,0,0,0,0,0,0,0,0,0,0,0,0,0,0,0,0,0,0,0,0,0,0,0,0,0,0,0,0,0,0,
"(io.jooby.internal.ChiBenchmark.articles,266adb31b80dee973a7a7eb4ca37906eef595785)",0,0,0,0,0,0,0,0,0,0,0,0,0,0,0,0,0,0,0,0,0,0,0,0,0,0,0,0,0,0,0,0,0,0,0,0,0,0,0,0,0,0,0,0,0,0,0,
"(io.jooby.internal.ChiBenchmark.articlesEdit,266adb31b80dee973a7a7eb4ca37906eef595785)",0,0,0,0,0,0,0,0,0,0,0,0,0,0,0,0,0,0,0,0,0,0,0,0,0,0,0,0,0,0,0,0,0,0,0,0,0,0,0,0,0,0,0,0,0,0,0,
"(io.jooby.internal.ChiBenchmark._plaintext,266adb31b80dee973a7a7eb4ca37906eef595785)",0,0,0,0,0,0,0,0,0,0,0,0,0,0,0,0,0,0,0,0,0,0,0,0,0,0,0,0,0,0,0,0,0,0,0,0,0,0,0,0,0,0,0,0,0,0,0,
"(io.jooby.internal.ChiBenchmark.articles,047942723a5ec040c8c0709269be5c4e077101c2)",0,0,0,0,0,0,0,0,0,0,0,0,0,0,0,0,0,0,0,0,0,0,0,0,0,0,0,0,0,0,0,0,0,0,0,0,0,0,0,0,0,0,0,0,0,0,0,
"(io.jooby.internal.ChiBenchmark.articlesEdit,047942723a5ec040c8c0709269be5c4e077101c2)",0,0,0,0,0,0,0,0,0,0,0,0,0,0,0,0,0,0,0,0,0,0,0,0,0,0,0,0,0,0,0,0,0,0,0,0,0,0,0,0,0,0,0,0,0,0,0,
"(io.jooby.internal.ChiBenchmark._plaintext,047942723a5ec040c8c0709269be5c4e077101c2)",0,0,0,0,0,0,0,0,0,0,0,0,0,0,0,0,0,0,0,0,0,0,0,0,0,0,0,0,0,0,0,0,0,0,0,0,0,0,0,0,0,0,0,0,0,0,0,
"(io.jooby.internal.ChiBenchmark.paramMatch,533adb58cc7f2ad6981d86d9479fb53ea723b781)",0,0,0,0,0,0,0,0,0,0,0,0,0,0,0,0,0,0,0,0,0,0,0,0,0,0,0,0,0,0,0,0,0,0,0,0,0,0,0,0,0,0,0,0,0,0,0,
"(io.jooby.internal.ChiBenchmark.staticMatch,533adb58cc7f2ad6981d86d9479fb53ea723b781)",0,0,0,0,0,0,0,0,0,0,0,0,0,0,0,0,0,0,0,0,0,0,0,0,0,0,0,0,0,0,0,0,0,0,0,0,0,0,0,0,0,0,0,0,0,0,0,
"(io.jooby.internal.ChiBenchmark.paramMatch,99bbebc3bbaf767287857bb896159b7a393905fd)",0,0,0,0,0,0,0,0,0,0,0,0,0,0,0,0,0,0,0,0,0,0,0,0,0,0,0,0,0,0,0,0,0,0,0,0,0,0,0,0,0,0,0,0,0,0,0,
"(io.jooby.internal.ChiBenchmark.staticMatch,99bbebc3bbaf767287857bb896159b7a393905fd)",0,0,0,0,0,0,0,0,0,0,0,0,0,0,0,0,0,0,0,0,0,0,0,0,0,0,0,0,0,0,0,0,0,0,0,0,0,0,0,0,0,0,0,0,0,0,0,
"(io.jooby.internal.ChiBenchmark.articles,b27765e03ad0e8247cea1452c71c255857b9eadd)",0,0,0,0,0,0,0,0,0,0,0,0,0,0,0,0,0,0,0,0,0,0,0,0,0,0,0,0,0,0,0,0,0,0,0,0,0,0,0,0,0,0,0,0,0,0,0,
"(io.jooby.internal.ChiBenchmark.articlesEdit,b27765e03ad0e8247cea1452c71c255857b9eadd)",0,0,0,0,0,0,0,0,0,0,0,0,0,0,0,0,0,0,0,0,0,0,0,0,0,0,0,0,0,0,0,0,0,0,0,0,0,0,0,0,0,0,0,0,0,0,0,
"(io.jooby.internal.ChiBenchmark._plaintext,b27765e03ad0e8247cea1452c71c255857b9eadd)",0,0,0,0,0,0,0,0,0,0,0,0,0,0,0,0,0,0,0,0,0,0,0,0,0,0,0,0,0,0,0,0,0,0,0,0,0,0,0,0,0,0,0,0,0,0,0,
"(io.jooby.internal.ChiBenchmark.paramMatch,a2c8b66f79deaa3116cc4ebe5fb5f9727f7bb84d)",0,0,0,0,0,0,0,0,0,0,0,0,0,0,0,0,0,0,0,0,0,0,0,0,0,0,0,0,0,0,0,0,0,0,0,0,0,0,0,0,0,0,0,0,0,0,0,
"(io.jooby.internal.ChiBenchmark.staticMatch,a2c8b66f79deaa3116cc4ebe5fb5f9727f7bb84d)",0,0,0,0,0,0,0,0,0,0,0,0,0,0,0,0,0,0,0,0,0,0,0,0,0,0,0,0,0,0,0,0,0,0,0,0,0,0,0,0,0,0,0,0,0,0,0,
"(io.jooby.internal.ChiBenchmark.paramMatch,50318ac161e299db965be2d14491436cf08c3a3d)",0,0,0,0,0,0,0,0,0,0,0,0,0,0,0,0,0,0,0,0,0,0,0,0,0,0,0,0,0,0,0,0,0,0,0,0,0,0,0,0,0,0,0,0,0,0,0,
"(io.jooby.internal.ChiBenchmark.staticMatch,50318ac161e299db965be2d14491436cf08c3a3d)",0,0,0,0,0,0,0,0,0,0,0,0,0,0,0,0,0,0,0,0,0,0,0,0,0,0,0,0,0,0,0,0,0,0,0,0,0,0,0,0,0,0,0,0,0,0,0,
"(io.jooby.internal.ChiBenchmark.articles,dd2700d8c7e28fba7d0e3ac4d072cb7b7c89343b)",0,0,0,0,0,0,0,0,0,0,0,0,0,0,0,0,0,0,0,0,0,0,0,0,0,0,0,0,0,0,0,0,0,0,0,0,0,0,0,0,0,0,0,0,0,0,0,
"(io.jooby.internal.ChiBenchmark.articlesEdit,dd2700d8c7e28fba7d0e3ac4d072cb7b7c89343b)",0,0,0,0,0,0,0,0,0,0,0,0,0,0,0,0,0,0,0,0,0,0,0,0,0,0,0,0,0,0,0,0,0,0,0,0,0,0,0,0,0,0,0,0,0,0,0,
"(io.jooby.internal.ChiBenchmark._plaintext,dd2700d8c7e28fba7d0e3ac4d072cb7b7c89343b)",0,0,0,0,0,0,0,0,0,0,0,0,0,0,0,0,0,0,0,0,0,0,0,0,0,0,0,0,0,0,0,0,0,0,0,0,0,0,0,0,0,0,0,0,0,0,0,
"(io.jooby.internal.ChiBenchmark.paramMatch,bb4fc59329c80bdd9b5c4ce639f86a69e0fded08)",0,0,0,0,0,0,0,0,0,0,0,0,0,0,0,0,0,0,0,0,0,0,0,0,0,0,0,0,0,0,0,0,0,0,0,0,0,0,0,0,0,0,0,0,0,0,0,
"(io.jooby.internal.ChiBenchmark.staticMatch,bb4fc59329c80bdd9b5c4ce639f86a69e0fded08)",0,0,0,0,0,0,0,0,0,0,0,0,0,0,0,0,0,0,0,0,0,0,0,0,0,0,0,0,0,0,0,0,0,0,0,0,0,0,0,0,0,0,0,0,0,0,0,
"(io.jooby.internal.ChiBenchmark.paramMatch,6f683f29d7ac9d5cacd0e9d10997e1940fb4e670)",0,0,0,0,0,0,0,0,0,0,0,0,0,0,0,0,0,0,0,0,0,0,0,0,0,0,0,0,0,0,0,0,0,0,0,0,0,0,0,0,0,0,0,0,0,0,0,
"(io.jooby.internal.ChiBenchmark.staticMatch,6f683f29d7ac9d5cacd0e9d10997e1940fb4e670)",0,0,0,0,0,0,0,0,0,0,0,0,0,0,0,0,0,0,0,0,0,0,0,0,0,0,0,0,0,0,0,0,0,0,0,0,0,0,0,0,0,0,0,0,0,0,0,
"(io.jooby.internal.ChiBenchmark.articles,bbe2daa5d843f0cf2d2eba63515bfd40e70760b2)",0,0,0,0,0,0,0,0,0,0,0,0,0,0,0,0,0,0,0,0,0,0,0,0,0,0,0,0,0,0,0,0,0,0,0,0,0,0,0,0,0,0,0,0,0,0,0,
"(io.jooby.internal.ChiBenchmark.articlesEdit,bbe2daa5d843f0cf2d2eba63515bfd40e70760b2)",0,0,0,0,0,0,0,0,0,0,0,0,0,0,0,0,0,0,0,0,0,0,0,0,0,0,0,0,0,0,0,0,0,0,0,0,0,0,0,0,0,0,0,0,0,0,0,
"(io.jooby.internal.ChiBenchmark._plaintext,bbe2daa5d843f0cf2d2eba63515bfd40e70760b2)",0,0,0,0,0,0,0,0,0,0,0,0,0,0,0,0,0,0,0,0,0,0,0,0,0,0,0,0,0,0,0,0,0,0,0,0,0,0,0,0,0,0,0,0,0,0,0,
"(io.jooby.internal.ChiBenchmark.articles,cfd4089e40f166a361870d3557240d05e37e16cc)",0,0,0,0,0,0,0,0,0,0,0,0,0,0,0,0,0,0,0,0,0,0,0,0,0,0,0,0,0,0,0,0,0,0,0,0,0,0,0,0,0,0,0,0,0,0,0,
"(io.jooby.internal.ChiBenchmark.articlesEdit,cfd4089e40f166a361870d3557240d05e37e16cc)",0,0,0,0,0,0,0,0,0,0,0,0,0,0,0,0,0,0,0,0,0,0,0,0,0,0,0,0,0,0,0,0,0,0,0,0,0,0,0,0,0,0,0,0,0,0,0,
"(io.jooby.internal.ChiBenchmark._plaintext,cfd4089e40f166a361870d3557240d05e37e16cc)",0,0,0,0,0,0,0,0,0,0,0,0,0,0,0,0,0,0,0,0,0,0,0,0,0,0,0,0,0,0,0,0,0,0,0,0,0,0,0,0,0,0,0,0,0,0,0,
"(io.jooby.internal.ChiBenchmark.articles,612509a29fb33282fe3c2c39ca363e619395def5)",0,0,0,0,0,0,0,0,0,0,0,0,0,0,0,0,0,0,0,0,0,0,0,0,0,0,0,0,0,0,0,0,0,0,0,0,0,0,0,0,0,0,0,0,0,0,0,
"(io.jooby.internal.ChiBenchmark.articlesEdit,612509a29fb33282fe3c2c39ca363e619395def5)",0,0,0,0,0,0,0,0,0,0,0,0,0,0,0,0,0,0,0,0,0,0,0,0,0,0,0,0,0,0,0,0,0,0,0,0,0,0,0,0,0,0,0,0,0,0,0,
"(io.jooby.internal.ChiBenchmark._plaintext,612509a29fb33282fe3c2c39ca363e619395def5)",0,0,0,0,0,0,0,0,0,0,0,0,0,0,0,0,0,0,0,0,0,0,0,0,0,0,0,0,0,0,0,0,0,0,0,0,0,0,0,0,0,0,0,0,0,0,0,
"(io.jooby.internal.ChiBenchmark.paramMatch,9b76806b37d4207e0a5e43b11d035a6849a87788)",0,0,0,0,0,0,0,0,0,0,0,0,0,0,0,0,0,0,0,0,0,0,0,0,0,0,0,0,0,0,0,0,0,0,0,0,0,0,0,0,0,0,0,0,0,0,0,
"(io.jooby.internal.ChiBenchmark.staticMatch,9b76806b37d4207e0a5e43b11d035a6849a87788)",0,0,0,0,0,0,0,0,0,0,0,0,0,0,0,0,0,0,0,0,0,0,0,0,0,0,0,0,0,0,0,0,0,0,0,0,0,0,0,0,0,0,0,0,0,0,0,
"(io.jooby.internal.ChiBenchmark.paramMatch,5e2ffaa3e7fa55c87b8895455c99e9891d75b5af)",0,0,0,0,0,0,0,0,0,0,0,0,0,0,0,0,0,0,0,0,0,0,0,0,0,0,0,0,0,0,0,0,0,0,0,0,0,0,0,0,0,0,0,0,0,0,0,
"(io.jooby.internal.ChiBenchmark.staticMatch,5e2ffaa3e7fa55c87b8895455c99e9891d75b5af)",0,0,0,0,0,0,0,0,0,0,0,0,0,0,0,0,0,0,0,0,0,0,0,0,0,0,0,0,0,0,0,0,0,0,0,0,0,0,0,0,0,0,0,0,0,0,0,
"(io.jooby.internal.ChiBenchmark.paramMatch,dde3d5067c9756beee25c442ab6069d922d15eaa)",0,0,0,0,0,0,0,0,0,0,0,0,0,0,0,0,0,0,0,0,0,0,0,0,0,0,0,0,0,0,0,0,0,0,0,0,0,0,0,0,0,0,0,0,0,0,0,
"(io.jooby.internal.ChiBenchmark.staticMatch,dde3d5067c9756beee25c442ab6069d922d15eaa)",0,0,0,0,0,0,0,0,0,0,0,0,0,0,0,0,0,0,0,0,0,0,0,0,0,0,0,0,0,0,0,0,0,0,0,0,0,0,0,0,0,0,0,0,0,0,0,
"(io.jooby.internal.ChiBenchmark.articles,8a3dd338b777a1efd19a909e92ca309867e9cd3e)",0,0,0,0,0,0,0,0,0,0,0,0,0,0,0,0,0,0,0,0,0,0,0,0,0,0,0,0,0,0,0,0,0,0,0,0,0,0,0,0,0,0,0,0,0,0,0,
"(io.jooby.internal.ChiBenchmark.articlesEdit,8a3dd338b777a1efd19a909e92ca309867e9cd3e)",0,0,0,0,0,0,0,0,0,0,0,0,0,0,0,0,0,0,0,0,0,0,0,0,0,0,0,0,0,0,0,0,0,0,0,0,0,0,0,0,0,0,0,0,0,0,0,
"(io.jooby.internal.ChiBenchmark._plaintext,8a3dd338b777a1efd19a909e92ca309867e9cd3e)",0,0,0,0,0,0,0,0,0,0,0,0,0,0,0,0,0,0,0,0,0,0,0,0,0,0,0,0,0,0,0,0,0,0,0,0,0,0,0,0,0,0,0,0,0,0,0,
"(io.jooby.internal.ChiBenchmark.paramMatch,b6cfb7523a94c47e3651a10190f0b88a0886ce03)",0,0,0,0,0,0,0,0,0,0,0,0,0,0,0,0,0,0,0,0,0,0,0,0,0,0,0,0,0,0,0,0,0,0,0,0,0,0,0,0,0,0,0,0,0,0,0,
"(io.jooby.internal.ChiBenchmark.staticMatch,b6cfb7523a94c47e3651a10190f0b88a0886ce03)",0,0,0,0,0,0,0,0,0,0,0,0,0,0,0,0,0,0,0,0,0,0,0,0,0,0,0,0,0,0,0,0,0,0,0,0,0,0,0,0,0,0,0,0,0,0,0,
"(io.jooby.internal.ChiBenchmark.paramMatch,b319128ef4300aa97342cf8bc0e9b90476641ab4)",0,0,0,0,0,0,0,0,0,0,0,0,0,0,0,0,0,0,0,0,0,0,0,0,0,0,0,0,0,0,0,0,0,0,0,0,0,0,0,0,0,0,0,0,0,0,0,
"(io.jooby.internal.ChiBenchmark.staticMatch,b319128ef4300aa97342cf8bc0e9b90476641ab4)",0,0,0,0,0,0,0,0,0,0,0,0,0,0,0,0,0,0,0,0,0,0,0,0,0,0,0,0,0,0,0,0,0,0,0,0,0,0,0,0,0,0,0,0,0,0,0,
"(io.jooby.internal.ChiBenchmark.paramMatch,2e1f53cd9d5e751e064c8665bcb89f433283b511)",0,0,0,0,0,0,0,0,0,0,0,0,0,0,0,0,0,0,0,0,0,0,0,0,0,0,0,0,0,0,0,0,0,0,0,0,0,0,0,0,0,0,0,0,0,0,0,
"(io.jooby.internal.ChiBenchmark.staticMatch,2e1f53cd9d5e751e064c8665bcb89f433283b511)",0,0,0,0,0,0,0,0,0,0,0,0,0,0,0,0,0,0,0,0,0,0,0,0,0,0,0,0,0,0,0,0,0,0,0,0,0,0,0,0,0,0,0,0,0,0,0,
"(io.jooby.internal.ChiBenchmark.articles,e5188d324e08ed0cfba2757ff46e5b315e184aa4)",0,0,0,0,0,0,0,0,0,0,0,0,0,0,0,0,0,0,0,0,0,0,0,0,0,0,0,0,0,0,0,0,0,0,0,0,0,0,0,0,0,0,0,0,0,0,0,
"(io.jooby.internal.ChiBenchmark.articlesEdit,e5188d324e08ed0cfba2757ff46e5b315e184aa4)",0,0,0,0,0,0,0,0,0,0,0,0,0,0,0,0,0,0,0,0,0,0,0,0,0,0,0,0,0,0,0,0,0,0,0,0,0,0,0,0,0,0,0,0,0,0,0,
"(io.jooby.internal.ChiBenchmark._plaintext,e5188d324e08ed0cfba2757ff46e5b315e184aa4)",0,0,0,0,0,0,0,0,0,0,0,0,0,0,0,0,0,0,0,0,0,0,0,0,0,0,0,0,0,0,0,0,0,0,0,0,0,0,0,0,0,0,0,0,0,0,0,
"(io.jooby.internal.ChiBenchmark.paramMatch,9bd4c9700f0b6bfa915da1ba36d404ef891a6a04)",0,0,0,0,0,0,0,0,0,0,0,0,0,0,0,0,0,0,0,0,0,0,0,0,0,0,0,0,0,0,0,0,0,0,0,0,0,0,0,0,0,0,0,0,0,0,0,
"(io.jooby.internal.ChiBenchmark.staticMatch,9bd4c9700f0b6bfa915da1ba36d404ef891a6a04)",0,0,0,0,0,0,0,0,0,0,0,0,0,0,0,0,0,0,0,0,0,0,0,0,0,0,0,0,0,0,0,0,0,0,0,0,0,0,0,0,0,0,0,0,0,0,0,
"(io.jooby.internal.ChiBenchmark.paramMatch,ffb8ba9b36d37332bc9b51ba6cf050bace9bb9d0)",0,0,0,0,0,0,0,0,0,0,0,0,0,0,0,0,0,0,0,0,0,0,0,0,0,0,0,0,0,0,0,0,0,0,0,0,0,0,0,0,0,0,0,0,0,0,0,
"(io.jooby.internal.ChiBenchmark.staticMatch,ffb8ba9b36d37332bc9b51ba6cf050bace9bb9d0)",0,0,0,0,0,0,0,0,0,0,0,0,0,0,0,0,0,0,0,0,0,0,0,0,0,0,0,0,0,0,0,0,0,0,0,0,0,0,0,0,0,0,0,0,0,0,0,
"(io.jooby.internal.ChiBenchmark.paramMatch,fa76099e76b37911b0583bb05ac154616e6d55f6)",0,0,0,0,0,0,0,0,0,0,0,0,0,0,0,0,0,0,0,0,0,0,0,0,0,0,0,0,0,0,0,0,0,0,0,0,0,0,0,0,0,0,0,0,0,0,0,
"(io.jooby.internal.ChiBenchmark.staticMatch,fa76099e76b37911b0583bb05ac154616e6d55f6)",0,0,0,0,0,0,0,0,0,0,0,0,0,0,0,0,0,0,0,0,0,0,0,0,0,0,0,0,0,0,0,0,0,0,0,0,0,0,0,0,0,0,0,0,0,0,0,
"(io.jooby.internal.ChiBenchmark.paramMatch,c282be6681bbe935182b999ae4f3051f46caa3cf)",0,0,0,0,0,0,0,0,0,0,0,0,0,0,0,0,0,0,0,0,0,0,0,0,0,0,0,0,0,0,0,0,0,0,0,0,0,0,0,0,0,0,0,0,0,0,0,
"(io.jooby.internal.ChiBenchmark.staticMatch,c282be6681bbe935182b999ae4f3051f46caa3cf)",0,0,0,0,0,0,0,0,0,0,0,0,0,0,0,0,0,0,0,0,0,0,0,0,0,0,0,0,0,0,0,0,0,0,0,0,0,0,0,0,0,0,0,0,0,0,0,
"(io.jooby.internal.ChiBenchmark.articles,154e2b52ac8ad62c364ea7e3e0c64d44856dd50e)",0,0,0,0,0,0,0,0,0,0,0,0,0,0,0,0,0,0,0,0,0,0,0,0,0,0,0,0,0,0,0,0,0,0,0,0,0,0,0,0,0,0,0,0,0,0,0,
"(io.jooby.internal.ChiBenchmark.articlesEdit,154e2b52ac8ad62c364ea7e3e0c64d44856dd50e)",0,0,0,0,0,0,0,0,0,0,0,0,0,0,0,0,0,0,0,0,0,0,0,0,0,0,0,0,0,0,0,0,0,0,0,0,0,0,0,0,0,0,0,0,0,0,0,
"(io.jooby.internal.ChiBenchmark._plaintext,154e2b52ac8ad62c364ea7e3e0c64d44856dd50e)",0,0,0,0,0,0,0,0,0,0,0,0,0,0,0,0,0,0,0,0,0,0,0,0,0,0,0,0,0,0,0,0,0,0,0,0,0,0,0,0,0,0,0,0,0,0,0,
"(io.jooby.internal.ChiBenchmark.articles,59979ee45cc94bebe3e584efd1523bf1de960b42)",0,0,0,0,0,0,0,0,0,0,0,0,0,0,0,0,0,0,0,0,0,0,0,0,0,0,0,0,0,0,0,0,0,0,0,0,0,0,0,0,0,0,0,0,0,0,0,
"(io.jooby.internal.ChiBenchmark.articlesEdit,59979ee45cc94bebe3e584efd1523bf1de960b42)",0,0,0,0,0,0,0,0,0,0,0,0,0,0,0,0,0,0,0,0,0,0,0,0,0,0,0,0,0,0,0,0,0,0,0,0,0,0,0,0,0,0,0,0,0,0,0,
"(io.jooby.internal.ChiBenchmark._plaintext,59979ee45cc94bebe3e584efd1523bf1de960b42)",0,0,0,0,0,0,0,0,0,0,0,0,0,0,0,0,0,0,0,0,0,0,0,0,0,0,0,0,0,0,0,0,0,0,0,0,0,0,0,0,0,0,0,0,0,0,0,
"(io.jooby.internal.ChiBenchmark.paramMatch,fbe0ff38777ea069455652c7282c6c71e5f64f8c)",0,0,0,0,0,0,0,0,0,0,0,0,0,0,0,0,0,0,0,0,0,0,0,0,0,0,0,0,0,0,0,0,0,0,0,0,0,0,0,0,0,0,0,0,0,0,0,
"(io.jooby.internal.ChiBenchmark.staticMatch,fbe0ff38777ea069455652c7282c6c71e5f64f8c)",0,0,0,0,0,0,0,0,0,0,0,0,0,0,0,0,0,0,0,0,0,0,0,0,0,0,0,0,0,0,0,0,0,0,0,0,0,0,0,0,0,0,0,0,0,0,0,
"(io.jooby.internal.ChiBenchmark.paramMatch,2588a9091153fdd4179c513b5aca62b6e286511b)",0,0,0,0,0,0,0,0,0,0,0,0,0,0,0,0,0,0,0,0,0,0,0,0,0,0,0,0,0,0,0,0,0,0,0,0,0,0,0,0,0,0,0,0,0,0,0,
"(io.jooby.internal.ChiBenchmark.staticMatch,2588a9091153fdd4179c513b5aca62b6e286511b)",0,0,0,0,0,0,0,0,0,0,0,0,0,0,0,0,0,0,0,0,0,0,0,0,0,0,0,0,0,0,0,0,0,0,0,0,0,0,0,0,0,0,0,0,0,0,0,
"(io.jooby.internal.ChiBenchmark.articles,e3d594c5562bab84645bd1a0938b364de95b045a)",0,0,0,0,0,1,0,0,0,0,0,0,0,0,0,0,0,0,0,0,0,0,0,0,0,0,0,0,0,0,0,0,0,0,0,0,0,0,0,0,0,0,0,0,0,0,1,
"(io.jooby.internal.ChiBenchmark.articlesEdit,e3d594c5562bab84645bd1a0938b364de95b045a)",0,0,0,0,0,1,0,0,0,0,0,0,0,0,0,0,0,0,0,0,0,0,0,0,0,0,0,0,0,0,0,0,0,0,0,0,0,0,0,0,0,0,0,0,0,0,1,
"(io.jooby.internal.ChiBenchmark._plaintext,e3d594c5562bab84645bd1a0938b364de95b045a)",0,0,0,0,0,1,0,0,0,0,0,0,0,0,0,0,0,0,0,0,0,0,0,0,0,0,0,0,0,0,0,0,0,0,0,0,0,0,0,0,0,0,0,0,0,0,1,
"(io.jooby.internal.ChiBenchmark.paramMatch,77aa6e6a11900d9ee2f8c308d73224ac6e9b8b41)",0,0,0,0,0,0,0,0,0,0,0,0,0,0,0,0,0,0,0,0,0,0,0,0,0,0,0,0,0,0,0,0,0,0,0,0,0,0,0,0,0,0,0,0,0,0,0,
"(io.jooby.internal.ChiBenchmark.staticMatch,77aa6e6a11900d9ee2f8c308d73224ac6e9b8b41)",0,0,0,0,0,0,0,0,0,0,0,0,0,0,0,0,0,0,0,0,0,0,0,0,0,0,0,0,0,0,0,0,0,0,0,0,0,0,0,0,0,0,0,0,0,0,0,
"(io.jooby.internal.ChiBenchmark.paramMatch,53b61f88c1e2cf51dc67d8a3f453f39ead3a7f10)",0,0,0,0,0,0,0,0,0,0,0,0,0,0,0,0,0,0,0,0,0,0,0,0,0,0,0,0,0,0,0,0,0,0,0,0,0,0,0,0,0,0,0,0,0,0,0,
"(io.jooby.internal.ChiBenchmark.staticMatch,53b61f88c1e2cf51dc67d8a3f453f39ead3a7f10)",0,0,0,0,0,0,0,0,0,0,0,0,0,0,0,0,0,0,0,0,0,0,0,0,0,0,0,0,0,0,0,0,0,0,0,0,0,0,0,0,0,0,0,0,0,0,0,
"(io.jooby.internal.ChiBenchmark.articles,f18421afacf7b023db3ee4a72c0f26973ddfe98a)",0,0,0,0,0,0,0,0,0,0,0,0,0,0,0,0,0,0,0,0,0,0,0,0,0,0,0,0,0,0,0,0,0,0,0,0,0,0,0,0,0,0,0,0,0,0,0,
"(io.jooby.internal.ChiBenchmark.articlesEdit,f18421afacf7b023db3ee4a72c0f26973ddfe98a)",0,0,0,0,0,0,0,0,0,0,0,0,0,0,0,0,0,0,0,0,0,0,0,0,0,0,0,0,0,0,0,0,0,0,0,0,0,0,0,0,0,0,0,0,0,0,0,
"(io.jooby.internal.ChiBenchmark._plaintext,f18421afacf7b023db3ee4a72c0f26973ddfe98a)",0,0,0,0,0,0,0,0,0,0,0,0,0,0,0,0,0,0,0,0,0,0,0,0,0,0,0,0,0,0,0,0,0,0,0,0,0,0,0,0,0,0,0,0,0,0,0,
"(io.jooby.internal.ChiBenchmark.paramMatch,0185bcb6af628fd43c631d74c3f1570430f68da6)",0,0,0,0,0,0,0,0,0,0,0,0,0,0,0,0,0,0,0,0,0,0,0,0,0,0,0,0,0,0,0,0,0,0,0,0,0,0,0,0,0,0,0,0,0,0,0,
"(io.jooby.internal.ChiBenchmark.staticMatch,0185bcb6af628fd43c631d74c3f1570430f68da6)",0,0,0,0,0,0,0,0,0,0,0,0,0,0,0,0,0,0,0,0,0,0,0,0,0,0,0,0,0,0,0,0,0,0,0,0,0,0,0,0,0,0,0,0,0,0,0,
