"(Benchmark_method, commit)",Extract Variable,Change Attribute Type,Change Variable Type,Move Class,Change Package,Add Method Annotation,Change Parameter Type,Change Return Type,Extract Superclass,Extract Subclass,Extract Class,Pull Up Method,Push Down Method,Push Down Attribute,Move Method,Move Attribute,Move Source Folder,Inline Variable,Remove Method Annotation,Extract Method,Remove Parameter,Modify Method Annotation,Extract Interface,Remove Class Annotation,Add Parameter,Extract And Move Method,Pull Up Attribute,Parameterize Variable,Inline Method,Extract Attribute,Remove Attribute Annotation,Add Class Annotation,Move And Inline Method,Merge Parameter,Modify Parameter Annotation,Merge Variable,Merge Attribute,Replace Variable With Attribute,Add Attribute Annotation,Modify Attribute Annotation,Modify Class Annotation,Add Parameter Annotation,Split Parameter,Reorder Parameter,Split Attribute,Split Variable,Replace Attribute,sum,delta
"(org.drools.modelcompiler.benchmark.BuildFromKJarBenchmark.buildKnowledge,b40bdc1f916a62895c013db10d4c2cb41e62b851)",0,0,0,0,0,0,0,0,0,0,0,0,0,0,0,0,0,0,0,0,0,0,0,0,0,0,0,0,0,0,0,0,0,0,0,0,0,0,0,0,0,0,0,0,0,0,0,0,
"(org.drools.modelcompiler.benchmark.BuildFromKJarBenchmark.buildKnowledge,17a6e803e551165e9802e387d5dbb053bab7f270)",0,0,0,0,0,0,0,0,0,0,0,0,0,0,0,0,0,0,0,0,0,0,0,0,0,0,0,0,0,0,0,0,0,0,0,0,0,0,0,0,0,0,0,0,0,0,0,0,
"(org.drools.modelcompiler.benchmark.BuildFromKJarBenchmark.buildKnowledge,2a4dc698b9e2728ad7c8acb551d73d8ba41fe860)",0,0,0,0,0,0,0,0,0,0,0,0,0,0,0,0,0,0,0,0,0,0,0,0,0,0,0,0,0,0,0,0,0,0,0,0,0,0,0,0,0,0,0,0,0,0,0,0,
"(org.drools.modelcompiler.benchmark.BuildFromKJarBenchmark.buildKnowledge,4918f705c1a25c60521a5a1c0933caec55750b1b)",0,0,0,0,0,0,0,0,0,0,0,0,0,0,0,0,0,0,0,0,0,0,0,0,0,0,0,0,0,0,0,0,0,0,0,0,0,0,0,0,0,0,0,0,0,0,0,0,
"(org.drools.modelcompiler.benchmark.BuildFromKJarBenchmark.buildKnowledge,fda9d7d2e90f6448e5e9f9bfcd4efb7e93070fde)",0,0,0,0,0,0,0,0,0,0,0,0,0,0,0,0,0,0,0,0,0,0,0,0,0,0,0,0,0,0,0,0,0,0,0,0,0,0,0,0,0,0,0,0,0,0,0,0,
"(org.drools.modelcompiler.benchmark.BuildFromKJarBenchmark.buildKnowledge,e66b7671053b2e8ad878fa1041a9c6ed883cda5c)",0,0,0,0,0,0,0,0,0,0,0,0,0,0,0,0,0,0,0,0,0,0,0,0,0,0,0,0,0,0,0,0,0,0,0,0,0,0,0,0,0,0,0,0,0,0,0,0,
"(org.drools.modelcompiler.benchmark.BuildFromKJarBenchmark.buildKnowledge,2797d298e1579b427241ae7a3f49e4e4ff9670e6)",0,0,0,0,0,0,0,0,0,0,0,0,0,0,0,0,0,0,0,0,0,0,0,0,0,0,0,0,0,0,0,0,0,0,0,0,0,0,0,0,0,0,0,0,0,0,0,0,
"(org.drools.modelcompiler.benchmark.BuildFromKJarBenchmark.buildKnowledge,395c72d8176c343d0b762c5782bcb166251e5304)",0,0,0,0,0,0,0,0,0,0,0,0,0,0,0,0,0,0,0,0,0,0,0,0,0,0,0,0,0,0,0,0,0,0,0,0,0,0,0,0,0,0,0,0,0,0,0,0,
"(org.drools.modelcompiler.benchmark.BuildFromKJarBenchmark.buildKnowledge,be1985cf712a0c93740411790e9288545579bd7f)",0,0,0,0,0,0,0,0,0,0,0,0,0,0,0,0,0,0,0,0,0,0,0,0,0,0,0,0,0,0,0,0,0,0,0,0,0,0,0,0,0,0,0,0,0,0,0,0,
"(org.drools.modelcompiler.benchmark.BuildFromKJarBenchmark.buildKnowledge,34e0c13839a64a7bfa3c052b6a82c81c746351e7)",0,0,0,0,0,0,0,0,0,0,0,0,0,0,0,0,0,0,0,0,0,0,1,0,0,0,0,0,0,0,0,0,0,0,0,0,0,0,0,0,0,0,0,0,0,0,0,1,
"(org.drools.modelcompiler.benchmark.BuildFromKJarBenchmark.buildKnowledge,1e7994165b8214292ec604465a4df22e49062675)",0,0,0,0,0,0,0,0,0,0,0,0,0,0,0,0,0,0,0,0,0,0,0,0,0,0,0,0,0,0,0,0,0,0,0,0,0,0,0,0,0,0,0,0,0,0,0,0,
"(org.drools.modelcompiler.benchmark.BuildFromKJarBenchmark.buildKnowledge,e2df454ebd097210c15f14454a86384613ed6c47)",0,0,0,0,0,1,0,0,0,0,0,0,0,0,0,0,0,0,0,0,0,0,0,0,0,0,0,0,0,0,0,0,0,0,0,0,0,0,0,0,0,0,0,0,0,0,0,1,
"(org.drools.modelcompiler.benchmark.BuildFromKJarBenchmark.buildKnowledge,ac12c9d966666c29f79cbc94522efdc941ada29b)",0,0,0,0,0,0,0,0,0,0,0,0,0,0,0,0,0,0,0,1,0,0,1,0,0,0,0,0,0,0,0,0,0,0,0,0,0,0,0,0,0,0,0,0,0,0,0,2,
"(org.drools.modelcompiler.benchmark.BuildFromKJarBenchmark.buildKnowledge,fd78752790375a727f8501d9ae57e4d2dfbb077a)",0,0,0,0,0,0,0,0,0,0,0,0,0,0,0,0,0,0,0,0,0,0,0,0,0,0,0,0,0,0,0,0,0,0,0,0,0,0,0,0,0,0,0,0,0,0,0,0,
"(org.drools.modelcompiler.benchmark.BuildFromKJarBenchmark.buildKnowledge,4a9e605825a840cc7747216a6d7800fc3623dd4f)",0,0,0,0,0,0,0,0,0,0,0,0,0,0,0,0,0,0,0,0,0,0,0,0,0,0,0,0,0,0,0,0,0,0,0,0,0,0,0,0,0,0,0,0,0,0,0,0,
"(org.drools.modelcompiler.benchmark.BuildFromKJarBenchmark.buildKnowledge,68afe73945a8d67b7b5477aa3e2b6145690cad84)",0,0,0,0,0,0,0,0,0,0,0,0,0,0,0,0,0,0,0,0,0,0,0,0,0,0,0,0,0,0,0,0,0,0,0,0,0,0,0,0,0,0,0,0,0,0,0,0,
"(org.drools.modelcompiler.benchmark.BuildFromKJarBenchmark.buildKnowledge,31bee4a732f6820c6f37a6f0cb4af305ed175508)",0,0,0,0,0,0,0,0,0,0,0,0,0,0,0,0,0,0,0,0,0,0,0,0,0,0,0,0,0,0,0,0,0,0,0,0,0,0,0,0,0,0,0,0,0,0,0,0,
"(org.drools.modelcompiler.benchmark.BuildFromKJarBenchmark.buildKnowledge,6012f6eca85c88d0a4af0423b27872f8610ae18b)",0,0,0,0,0,0,0,0,0,0,0,0,0,0,0,0,0,0,0,0,0,0,0,0,0,0,0,0,0,0,0,0,0,0,0,0,0,0,0,0,0,0,0,0,0,0,0,0,
"(org.drools.modelcompiler.benchmark.BuildFromKJarBenchmark.buildKnowledge,7f7d694b96cccb32c66701b4cfb64eb330b67132)",0,0,0,0,0,0,0,0,0,0,0,0,0,0,0,0,0,0,0,0,0,0,0,0,0,0,0,0,0,0,0,0,0,0,0,0,0,0,0,0,0,0,0,0,0,0,0,0,
"(org.drools.modelcompiler.benchmark.BuildFromKJarBenchmark.buildKnowledge,871b89cc3491fa5899a5e93e460cc7f95faebcf5)",0,0,0,0,0,0,0,0,0,0,0,0,0,0,0,0,0,0,0,0,0,0,0,0,0,0,0,0,0,0,0,0,0,0,0,0,0,0,0,0,0,0,0,0,0,0,0,0,
"(org.drools.modelcompiler.benchmark.BuildFromKJarBenchmark.buildKnowledge,7703a541596bfa242e278ddd496245dcd17151d7)",0,0,0,0,0,0,0,0,0,0,0,0,0,0,0,0,0,0,0,0,0,0,0,0,0,0,0,0,0,0,0,0,0,0,0,0,0,0,0,0,0,0,0,0,0,0,0,0,
"(org.drools.modelcompiler.benchmark.BuildFromKJarBenchmark.buildKnowledge,3ac147389a0aeeb6b6e1011dd7c4c2b7a8771185)",0,0,0,0,0,0,0,0,0,0,0,0,0,0,0,0,0,0,0,0,0,0,0,0,0,0,0,0,0,0,0,0,0,0,0,0,0,0,0,0,0,0,0,0,0,0,0,0,
"(org.drools.modelcompiler.benchmark.BuildFromKJarBenchmark.buildKnowledge,2156c4fc9de3f3822e26c181d40c49f617b7d131)",0,0,0,0,0,0,0,0,0,0,0,0,0,0,0,0,0,0,0,0,0,0,0,0,0,0,0,0,0,0,0,0,0,0,0,0,0,0,0,0,0,0,0,0,0,0,0,0,
"(org.drools.modelcompiler.benchmark.BuildFromKJarBenchmark.buildKnowledge,e0b79ca5b9791721b13b4347bdef922043660709)",0,0,0,0,0,0,0,0,0,0,0,0,0,0,0,0,0,0,0,0,0,0,0,0,0,0,0,0,0,0,0,0,0,0,0,0,0,0,0,0,0,0,0,0,0,0,0,0,
"(org.drools.modelcompiler.benchmark.BuildFromKJarBenchmark.buildKnowledge,0743d249d15520b4891b1c69fbe5909088e3e461)",0,0,0,0,0,0,0,0,0,0,0,0,0,0,0,0,0,0,0,0,0,0,0,0,0,0,0,0,0,0,0,0,0,0,0,0,0,0,0,0,0,0,0,0,0,0,0,0,
"(org.drools.modelcompiler.benchmark.BuildFromKJarBenchmark.buildKnowledge,59dab030e41cd092a040897673b94a5e6aec1af2)",0,0,0,0,0,0,0,0,0,0,0,0,0,0,0,0,0,0,0,0,0,0,0,0,0,0,0,0,0,0,0,0,0,0,0,0,0,0,0,0,0,0,0,0,0,0,0,0,
"(org.drools.modelcompiler.benchmark.BuildFromKJarBenchmark.buildKnowledge,31fb5ca279406cdadad0c926f0962e6ccd6ef4e0)",0,0,0,0,0,0,0,0,0,0,0,0,0,0,0,0,0,0,0,0,0,0,0,0,0,0,0,0,0,0,0,0,0,0,0,0,0,0,0,0,0,0,0,0,0,0,0,0,
"(org.drools.modelcompiler.benchmark.BuildFromKJarBenchmark.buildKnowledge,23c3fd51bd930da51496d0d2f370fd161787858f)",0,0,0,0,0,0,0,0,0,0,0,0,0,0,0,0,0,0,0,0,0,0,0,0,0,0,0,0,0,0,0,0,0,0,0,0,0,0,0,0,0,0,0,0,0,0,0,0,
"(org.drools.modelcompiler.benchmark.BuildFromKJarBenchmark.buildKnowledge,8b8585b605d6d05d4aefef0b8bb07f6dce0bcf9e)",0,0,0,0,0,0,0,0,0,0,0,0,0,0,0,0,0,0,0,0,0,0,0,0,0,0,0,0,0,0,0,0,0,0,0,0,0,0,0,0,0,0,0,0,0,0,0,0,
"(org.drools.modelcompiler.benchmark.BuildFromKJarBenchmark.buildKnowledge,92d3a1208852c4ece92c1818df5a53bd29570128)",0,0,0,0,0,0,0,0,0,0,0,0,0,0,0,0,0,0,0,0,0,0,0,0,0,0,0,0,0,0,0,0,0,0,0,0,0,0,0,0,0,0,0,0,0,0,0,0,
"(org.drools.modelcompiler.benchmark.BuildFromKJarBenchmark.buildKnowledge,fb81c67e9f36ae2946c38b41c6df8fab913882f5)",0,0,0,0,0,0,0,0,0,0,0,0,0,0,0,0,0,0,0,0,0,0,0,0,0,0,0,0,0,0,0,0,0,0,0,0,0,0,0,0,0,0,0,0,0,0,0,0,
"(org.drools.modelcompiler.benchmark.BuildFromKJarBenchmark.buildKnowledge,e889a50ae29232c77539effe76fc5526eff028d9)",0,0,0,0,0,0,0,0,0,0,0,0,0,0,0,0,0,0,0,0,0,0,0,0,0,0,0,0,0,0,0,0,0,0,0,0,0,0,0,0,0,0,0,0,0,0,0,0,
"(org.drools.modelcompiler.benchmark.BuildFromKJarBenchmark.buildKnowledge,88e4ab47fe173739866a3a54c22c5ddfb04bf0fe)",0,0,0,0,0,0,0,0,0,0,0,0,0,0,0,0,0,0,0,0,0,0,0,0,0,0,0,0,0,0,0,0,0,0,0,0,0,0,0,0,0,0,0,0,0,0,0,0,
"(org.drools.modelcompiler.benchmark.BuildFromKJarBenchmark.buildKnowledge,28c6ae23b21f674fc248d1590dcef7f44b0cba85)",0,0,0,0,0,0,0,0,0,0,0,0,0,0,0,0,0,0,0,0,0,0,0,0,0,0,0,0,0,0,0,0,0,0,0,0,0,0,0,0,0,0,0,0,0,0,0,0,
"(org.drools.modelcompiler.benchmark.BuildFromKJarBenchmark.buildKnowledge,46194c751e95728ed2078d6c8c9c09fb3cadcb04)",0,0,0,0,0,0,0,0,0,0,0,0,0,0,0,0,0,0,0,0,0,0,0,0,0,0,0,0,0,0,0,0,0,0,0,0,0,0,0,0,0,0,0,0,0,0,0,0,
"(org.drools.modelcompiler.benchmark.BuildFromKJarBenchmark.buildKnowledge,9fcfbf91671cddfa6fb00b7209396eaa923c956f)",0,0,0,0,0,0,0,0,0,0,0,0,0,0,0,0,0,0,0,0,0,0,0,0,0,0,0,0,0,0,0,0,0,0,0,0,0,0,0,0,0,0,0,0,0,0,0,0,
"(org.drools.modelcompiler.benchmark.BuildFromKJarBenchmark.buildKnowledge,5b1fffc78f2b26d45c95518b5c623c6d8603db5d)",0,0,0,0,0,0,0,0,0,0,0,0,0,0,0,0,0,0,0,0,0,0,0,0,0,0,0,0,0,0,0,0,0,0,0,0,0,0,0,0,0,0,0,0,0,0,0,0,
"(org.drools.modelcompiler.benchmark.BuildFromKJarBenchmark.buildKnowledge,27d2005113ec7c970d663af48cd036f6b2fde258)",0,0,0,0,0,0,0,0,0,0,0,0,0,0,0,0,0,0,0,0,0,0,0,0,0,0,0,0,0,0,0,0,0,0,0,0,0,0,0,0,0,0,0,0,0,0,0,0,
"(org.drools.modelcompiler.benchmark.BuildFromKJarBenchmark.buildKnowledge,8427b514c4fdff596259eee01c86fb04e69c7c44)",0,0,0,0,0,0,0,0,0,0,0,0,0,0,0,0,0,0,0,0,0,0,0,0,0,0,0,0,0,0,0,0,0,0,0,0,0,0,0,0,0,0,0,0,0,0,0,0,
"(org.drools.modelcompiler.benchmark.BuildFromKJarBenchmark.buildKnowledge,31c12a30c7416f89bbc46950a4006e257338cbf7)",0,0,0,0,0,0,0,0,0,0,0,0,0,0,0,0,0,0,0,0,0,0,0,0,0,0,0,0,0,0,0,0,0,0,0,0,0,0,0,0,0,0,0,0,0,0,0,0,
"(org.drools.modelcompiler.benchmark.BuildFromKJarBenchmark.buildKnowledge,9a8dcff10608ae405355cd8c4d712d9b8eabb834)",0,0,0,0,0,0,0,0,0,0,0,0,0,0,0,0,0,0,0,0,0,0,0,0,0,0,0,0,0,0,0,0,0,0,0,0,0,0,0,0,0,0,0,0,0,0,0,0,
"(org.drools.modelcompiler.benchmark.BuildFromKJarBenchmark.buildKnowledge,dfa0631d5791dbf52c270526fc0918435e5d994b)",0,0,0,0,0,0,0,0,0,0,0,0,0,0,0,0,0,0,0,0,0,0,0,0,0,0,0,0,0,0,0,0,0,0,0,0,0,0,0,0,0,0,0,0,0,0,0,0,
"(org.drools.modelcompiler.benchmark.BuildFromKJarBenchmark.buildKnowledge,f176109d4ff89c52a341b2a781ac616552efbc21)",0,0,0,0,0,0,0,0,0,0,0,0,0,0,0,0,0,0,0,0,0,0,1,0,0,0,0,0,0,0,0,0,0,0,0,0,0,0,0,0,0,0,0,0,0,0,0,1,
"(org.drools.modelcompiler.benchmark.BuildFromKJarBenchmark.buildKnowledge,74a6163b135cfb8d0efd111a975c5e92fd248828)",0,0,0,0,0,0,0,0,0,0,0,0,0,0,0,0,0,0,0,0,0,0,0,0,0,0,0,0,0,0,0,0,0,0,0,0,0,0,0,0,0,0,0,0,0,0,0,0,
"(org.drools.modelcompiler.benchmark.BuildFromKJarBenchmark.buildKnowledge,a1a87293404bcb5209846e9bd866789c000493d0)",0,0,0,0,0,0,0,0,0,0,0,0,0,0,0,0,0,0,0,0,0,0,0,0,0,0,0,0,0,0,0,0,0,0,0,0,0,0,0,0,0,0,0,0,0,0,0,0,
"(org.drools.modelcompiler.benchmark.BuildFromKJarBenchmark.buildKnowledge,924040fe3b7f86d232eb94488a7356d82d4f2115)",0,0,0,0,0,0,0,0,0,0,0,0,0,0,0,0,0,0,0,0,0,0,0,0,0,0,0,0,0,0,0,0,0,0,0,0,0,0,0,0,0,0,0,0,0,0,0,0,
"(org.drools.modelcompiler.benchmark.BuildFromKJarBenchmark.buildKnowledge,b529f37fa4051adedbe8fabc1b6bdfd4bea7c6a9)",0,0,0,0,0,0,0,0,0,0,0,0,0,0,0,0,0,0,0,0,0,0,0,0,0,0,0,0,0,0,0,0,0,0,0,0,0,0,0,0,0,0,0,0,0,0,0,0,
"(org.drools.modelcompiler.benchmark.BuildFromKJarBenchmark.buildKnowledge,dbf424db5f0bb3c47d6a34a4604147fb2a6a989f)",0,0,0,0,0,0,0,0,0,0,0,0,0,0,0,0,0,0,0,0,0,0,0,0,0,0,0,0,0,0,0,0,0,0,0,0,0,0,0,0,0,0,0,0,0,0,0,0,
"(org.drools.modelcompiler.benchmark.BuildFromKJarBenchmark.buildKnowledge,c1ba8c3e8d6cf8f28470cbdd813a5913fa49a499)",0,0,0,0,0,0,0,0,0,0,0,0,0,0,0,0,0,0,0,0,0,0,0,0,0,0,0,0,0,0,0,0,0,0,0,0,0,0,0,0,0,0,0,0,0,0,0,0,
"(org.drools.modelcompiler.benchmark.BuildFromKJarBenchmark.buildKnowledge,c5fc83a5cf8e80c448f756b597a027145df08dd2)",0,0,0,0,0,0,0,0,0,0,0,0,0,0,0,0,0,0,0,0,0,0,0,0,0,0,0,0,0,0,0,0,0,0,0,0,0,0,0,0,0,0,0,0,0,0,0,0,
"(org.drools.modelcompiler.benchmark.BuildFromKJarBenchmark.buildKnowledge,2d57e52794d93bde03ed4669367b708103146d0e)",0,0,0,0,0,0,0,0,0,0,0,0,0,0,0,0,0,0,0,0,0,0,0,0,0,0,0,0,0,0,0,0,0,0,0,0,0,0,0,0,0,0,0,0,0,0,0,0,
"(org.drools.modelcompiler.benchmark.BuildFromKJarBenchmark.buildKnowledge,36fee47309d04ceca2a6fd62b7f7a04d2feab443)",0,0,1,0,0,1,2,0,0,0,0,0,0,0,0,0,0,0,0,0,0,0,0,0,0,0,0,0,0,0,0,0,0,0,0,0,0,0,0,0,0,0,0,0,0,0,0,4,
"(org.drools.modelcompiler.benchmark.BuildFromKJarBenchmark.buildKnowledge,e63cecbc89588f80546e56e2a962c83dcd3f082c)",0,0,0,0,0,0,0,0,0,0,0,0,0,0,0,0,0,0,0,0,0,0,0,0,0,0,0,0,0,0,0,0,0,0,0,0,0,0,0,0,0,0,0,0,0,0,0,0,
"(org.drools.modelcompiler.benchmark.BuildFromKJarBenchmark.buildKnowledge,e1c4158f714172eadda4a306b15bd6fe042634be)",0,0,0,0,0,0,0,0,0,0,0,0,0,0,0,0,0,0,0,0,0,0,0,0,0,0,0,0,0,0,0,0,0,0,0,0,0,0,0,0,0,0,0,0,0,0,0,0,
"(org.drools.modelcompiler.benchmark.BuildFromKJarBenchmark.buildKnowledge,3f2294c86704aa6013e4160603dc9da9e3ac24c9)",0,0,0,0,0,0,0,0,0,0,0,0,0,0,0,0,0,0,0,0,0,0,0,0,0,0,0,0,0,0,0,0,0,0,0,0,0,0,0,0,0,0,0,0,0,0,0,0,
"(org.drools.modelcompiler.benchmark.BuildFromKJarBenchmark.buildKnowledge,27387f06f643dc9a4080913f7468dfac9742ce6c)",0,0,0,0,0,0,0,0,0,0,0,0,0,0,0,0,0,0,0,0,0,0,0,0,0,0,0,0,0,0,0,0,0,0,0,0,0,0,0,0,0,0,0,0,0,0,0,0,
"(org.drools.modelcompiler.benchmark.BuildFromKJarBenchmark.buildKnowledge,4a3c5a6a1fdbc70ebed8080ccf66446ce4d38196)",0,0,0,0,0,0,0,0,0,0,0,0,0,0,0,0,0,0,0,0,0,0,0,0,0,0,0,0,0,0,0,0,0,0,0,0,0,0,0,0,0,0,0,0,0,0,0,0,
"(org.drools.modelcompiler.benchmark.BuildFromKJarBenchmark.buildKnowledge,c83c152277670b87460446d1962268799ad223ef)",0,0,0,0,0,0,0,0,0,0,0,0,0,0,0,0,0,0,0,0,0,0,0,0,0,0,0,0,0,0,0,0,0,0,0,0,0,0,0,0,0,0,0,0,0,0,0,0,
"(org.drools.modelcompiler.benchmark.BuildFromKJarBenchmark.buildKnowledge,0074f133a8e691bd1c1909737ce6c82c0ebb8000)",0,0,0,0,0,0,0,0,0,0,0,0,0,0,0,0,0,0,0,0,0,0,0,0,0,0,0,0,0,0,0,0,0,0,0,0,0,0,0,0,0,0,0,0,0,0,0,0,
"(org.drools.modelcompiler.benchmark.BuildFromKJarBenchmark.buildKnowledge,1086a61fd92a49db64034f2c7ac279e27c20f96f)",0,0,0,0,0,0,0,0,0,0,0,0,0,0,0,0,0,0,0,0,0,0,0,0,0,0,0,0,0,0,0,0,0,0,0,0,0,0,0,0,0,0,0,0,0,0,0,0,
"(org.drools.modelcompiler.benchmark.BuildFromKJarBenchmark.buildKnowledge,2a4a0713a424f929355b32b6cf0c34dabaaad873)",0,0,0,0,0,0,0,0,0,0,0,0,0,0,0,0,0,0,0,0,0,0,0,0,0,0,0,0,0,0,0,0,0,0,0,0,0,0,0,0,0,0,0,0,0,0,0,0,
"(org.drools.modelcompiler.benchmark.BuildFromKJarBenchmark.buildKnowledge,74e47c0d76708d9a533f6412559198074b294457)",0,0,0,0,0,0,0,0,0,0,0,0,0,0,0,0,0,0,0,0,0,0,0,0,0,0,0,0,0,0,0,0,0,0,0,0,0,0,0,0,0,0,0,0,0,0,0,0,
"(org.drools.modelcompiler.benchmark.BuildFromKJarBenchmark.buildKnowledge,e3fa6562a76344bab1a02ad062d0ccbe732d3ece)",0,0,0,0,0,0,0,0,0,0,0,0,0,0,0,0,0,0,0,0,0,0,0,0,0,0,0,0,0,0,0,0,0,0,0,0,0,0,0,0,0,0,0,0,0,0,0,0,
"(org.drools.modelcompiler.benchmark.BuildFromKJarBenchmark.buildKnowledge,a2380cc5c9ec04aa243d525da5b46a25b4f3e988)",0,0,0,0,0,0,0,0,0,0,0,0,0,0,0,0,0,0,0,0,0,0,0,0,0,0,0,0,0,0,0,0,0,0,0,0,0,0,0,0,0,0,0,0,0,0,0,0,
"(org.drools.modelcompiler.benchmark.BuildFromKJarBenchmark.buildKnowledge,80dc207a6c5a40b77adfa32f9920bc127650e3f5)",0,0,0,0,0,0,0,0,0,0,0,0,0,0,0,0,0,0,0,0,0,0,0,0,0,0,0,0,0,0,0,0,0,0,0,0,0,0,0,0,0,0,0,0,0,0,0,0,
"(org.drools.modelcompiler.benchmark.BuildFromKJarBenchmark.buildKnowledge,9f0e41ac04e7fc0a21859fdba5e273e16312872e)",0,0,0,0,0,0,0,0,0,0,0,0,0,0,0,0,0,0,0,0,0,0,0,0,0,0,0,0,0,0,0,0,0,0,0,0,0,0,0,0,0,0,0,0,0,0,0,0,
"(org.drools.modelcompiler.benchmark.BuildFromKJarBenchmark.buildKnowledge,17005643ed0ba4b61d76d6d2cc8b465b46376333)",0,0,0,0,0,0,0,0,0,0,0,0,0,0,0,0,0,0,0,0,0,0,0,0,0,0,0,0,0,0,0,0,0,0,0,0,0,0,0,0,0,0,0,0,0,0,0,0,
"(org.drools.modelcompiler.benchmark.BuildFromKJarBenchmark.buildKnowledge,cab06fee9accf437730b4edd6bf5e1cd0891f127)",0,0,0,0,0,0,0,0,0,0,0,0,0,0,0,0,0,0,0,0,0,0,0,0,0,0,0,0,0,0,0,0,0,0,0,0,0,0,0,0,0,0,0,0,0,0,0,0,
"(org.drools.modelcompiler.benchmark.BuildFromKJarBenchmark.buildKnowledge,d8c034d8af82ac71468b0fa60237e0f7946ce59b)",0,0,0,0,0,0,0,0,0,0,0,0,0,0,0,0,0,0,0,0,0,0,0,0,0,0,0,0,0,0,0,0,0,0,0,0,0,0,0,0,0,0,0,0,0,0,0,0,
"(org.drools.modelcompiler.benchmark.BuildFromKJarBenchmark.buildKnowledge,0be2b5488657a85a61620e90681b02b3e99478c0)",0,0,0,0,0,0,0,0,0,0,1,0,0,0,0,0,0,0,0,0,0,0,0,0,0,0,0,0,0,0,0,0,0,0,0,0,0,0,0,0,0,0,0,0,0,0,0,1,
"(org.drools.modelcompiler.benchmark.BuildFromKJarBenchmark.buildKnowledge,6340324dbbfd0dd9eacc01b41c6e85aeef52610f)",0,0,0,0,0,0,0,0,0,0,0,0,0,0,0,0,0,0,0,0,0,0,0,0,0,0,0,0,0,0,0,0,0,0,0,0,0,0,0,0,0,0,0,0,0,0,0,0,
"(org.drools.modelcompiler.benchmark.BuildFromKJarBenchmark.buildKnowledge,c4112010b0e3d427786de4cf3b466a658c3c35dc)",0,0,0,0,0,0,0,0,0,0,0,0,0,0,0,0,0,0,0,0,0,0,0,0,0,0,0,0,0,0,0,0,0,0,0,0,0,0,0,0,0,0,0,0,0,0,0,0,
"(org.drools.modelcompiler.benchmark.BuildFromKJarBenchmark.buildKnowledge,33e74471d98150665e809cff6c4a0a47536cad34)",0,0,0,0,0,0,0,0,0,0,0,0,0,0,0,0,0,0,0,0,0,0,0,0,0,0,0,0,0,0,0,0,0,0,0,0,0,0,0,0,0,0,0,0,0,0,0,0,
"(org.drools.modelcompiler.benchmark.BuildFromKJarBenchmark.buildKnowledge,2fd3ac38297a0812c7835e129597c6c69a69b0fc)",0,0,0,0,0,0,0,0,0,0,0,0,0,0,0,0,0,0,0,0,0,0,0,0,0,0,0,0,0,0,0,0,0,0,0,0,0,0,0,0,0,0,0,0,0,0,0,0,
"(org.drools.modelcompiler.benchmark.BuildFromKJarBenchmark.buildKnowledge,dd7e141b9c5b845fcdf41f7638c861e69aa14006)",0,0,0,0,0,0,0,0,0,0,0,0,0,0,0,0,0,0,0,0,0,0,0,0,0,0,0,0,0,0,0,0,0,0,0,0,0,0,0,0,0,0,0,0,0,0,0,0,
"(org.drools.modelcompiler.benchmark.BuildFromKJarBenchmark.buildKnowledge,798ff6a76025badd94761a079ce422ba18701b58)",0,0,0,0,0,0,0,0,0,0,0,0,0,0,0,0,0,0,0,0,0,0,0,0,0,0,0,0,0,0,0,0,0,0,0,0,0,0,0,0,0,0,0,0,0,0,0,0,
"(org.drools.modelcompiler.benchmark.BuildFromKJarBenchmark.buildKnowledge,d4096b24d2cab0605275a800870216a4c627de80)",0,0,0,0,0,0,0,0,0,0,0,0,0,0,0,0,0,0,0,0,0,0,0,0,0,0,0,0,0,0,0,0,0,0,0,0,0,0,0,0,0,0,0,0,0,0,0,0,
"(org.drools.modelcompiler.benchmark.BuildFromKJarBenchmark.buildKnowledge,68529adf00ad2fb22dd1b9d4a95a3f8a15c72a66)",0,0,0,0,0,0,0,0,0,0,0,0,0,0,0,0,0,0,0,0,0,0,0,0,0,0,0,0,0,0,0,0,0,0,0,0,0,0,0,0,0,0,0,0,0,0,0,0,
"(org.drools.modelcompiler.benchmark.BuildFromKJarBenchmark.buildKnowledge,4ccf0c274923b8aa5a61260b4e2f7ddcc652f941)",0,0,0,0,0,0,0,0,0,0,0,0,0,0,0,0,0,0,0,0,0,0,0,0,0,0,0,0,0,0,0,0,0,0,0,0,0,0,0,0,0,0,0,0,0,0,0,0,
"(org.drools.modelcompiler.benchmark.BuildFromKJarBenchmark.buildKnowledge,d66809dd5d5b7f9d075bb4a2d606f8756f6991c4)",0,0,0,0,0,0,0,0,0,0,0,0,0,0,0,0,0,0,0,0,0,0,0,0,0,0,0,0,0,0,0,0,0,0,0,0,0,0,0,0,0,0,0,0,0,0,0,0,
"(org.drools.modelcompiler.benchmark.BuildFromKJarBenchmark.buildKnowledge,cfc567b68e501a802bd1e60f4647679f38c97f1a)",0,0,0,0,0,0,0,0,0,0,0,0,0,0,0,0,0,0,0,0,0,0,0,0,0,0,0,0,0,0,0,0,0,0,0,0,0,0,0,0,0,0,0,0,0,0,0,0,
"(org.drools.modelcompiler.benchmark.BuildFromKJarBenchmark.buildKnowledge,b1988d11165011ce6acdb5e8e9265820174be966)",0,0,0,0,0,0,0,0,0,0,0,0,0,0,0,0,0,0,0,0,0,0,0,0,0,0,0,0,0,0,0,0,0,0,0,0,0,0,0,0,0,0,0,0,0,0,0,0,
"(org.drools.modelcompiler.benchmark.BuildFromKJarBenchmark.buildKnowledge,701e48823aaff61f76e0b6c982eaf9f76c4b2241)",0,0,0,0,0,0,0,0,0,0,0,0,0,0,0,0,0,0,0,0,0,0,0,0,0,0,0,0,0,0,0,0,0,0,0,0,0,0,0,0,0,0,0,0,0,0,0,0,
"(org.drools.modelcompiler.benchmark.BuildFromKJarBenchmark.buildKnowledge,a5c3e4746bde220a10b172911402293f8a387e88)",0,0,0,0,0,0,0,0,0,0,0,0,0,0,0,0,0,0,0,0,0,0,0,0,0,0,0,0,0,0,0,0,0,0,0,0,0,0,0,0,0,0,0,0,0,0,0,0,
"(org.drools.modelcompiler.benchmark.BuildFromKJarBenchmark.buildKnowledge,0ad536175a8ad36628040cbec63431b7d608a8bf)",0,0,0,0,0,0,0,0,0,0,0,0,0,0,0,0,0,0,0,0,0,0,0,0,0,0,0,0,0,0,0,0,0,0,0,0,0,0,0,0,0,0,0,0,0,0,0,0,
"(org.drools.modelcompiler.benchmark.BuildFromKJarBenchmark.buildKnowledge,1329b030610ab34c7e9cd8db3a1e32623140dd0c)",0,0,0,0,0,0,0,0,0,0,0,0,0,0,0,0,0,0,0,0,0,0,0,0,0,0,0,0,0,0,0,0,0,0,0,0,0,0,0,0,0,0,0,0,0,0,0,0,
"(org.drools.modelcompiler.benchmark.BuildFromKJarBenchmark.buildKnowledge,0efe87b4166072eaa9af4076e53471c9d6f85b2e)",0,0,0,0,0,0,0,0,0,0,0,0,0,0,0,0,0,0,0,0,0,0,0,0,0,0,0,0,0,0,0,0,0,0,0,0,0,0,0,0,0,0,0,0,0,0,0,0,
"(org.drools.modelcompiler.benchmark.BuildFromKJarBenchmark.buildKnowledge,c503de20dca1930cd56ed812be540bdee7db68cd)",0,0,0,0,0,0,0,0,0,0,0,0,0,0,0,0,0,0,0,0,0,0,0,0,0,0,0,0,0,0,0,0,0,0,0,0,0,0,0,0,0,0,0,0,0,0,0,0,
"(org.drools.modelcompiler.benchmark.BuildFromKJarBenchmark.buildKnowledge,951d01aed0e11ac31386611dc939e3381a2b8e83)",0,0,0,0,0,0,0,0,0,0,0,0,0,0,0,0,0,0,0,0,0,0,0,0,0,0,0,0,0,0,0,0,0,0,0,0,0,0,0,0,0,0,0,0,0,0,0,0,
"(org.drools.modelcompiler.benchmark.BuildFromKJarBenchmark.buildKnowledge,0026db8b8d19a201a5d79ac87d515421052816bc)",0,0,0,0,0,0,0,0,0,0,0,0,0,0,0,0,0,0,0,0,0,0,0,0,0,0,0,0,0,0,0,0,0,0,0,0,0,0,0,0,0,0,0,0,0,0,0,0,
"(org.drools.modelcompiler.benchmark.BuildFromKJarBenchmark.buildKnowledge,2ef7af4eb707b543f8a26b0cb77bcc709816cf22)",0,0,0,0,0,0,0,0,0,0,0,0,0,0,0,0,0,0,0,0,0,0,0,0,0,1,0,0,0,0,0,0,0,0,0,0,0,0,0,0,0,0,0,0,0,0,0,1,
"(org.drools.modelcompiler.benchmark.BuildFromKJarBenchmark.buildKnowledge,d695f6fdf8d8ccc2dca682e2628c65b5434c6b86)",0,0,0,0,0,0,0,0,0,0,0,0,0,0,0,0,0,0,0,0,0,0,0,0,0,0,0,0,0,0,0,0,0,0,0,0,0,0,0,0,0,0,0,0,0,0,0,0,
"(org.drools.modelcompiler.benchmark.BuildFromKJarBenchmark.buildKnowledge,5d21b7d74cbf48fc9186ab090712dfc1ffd5b5ef)",0,0,0,0,0,0,0,0,0,0,0,0,0,0,0,0,0,0,0,0,0,0,0,0,0,0,0,0,0,0,0,0,0,0,0,0,0,0,0,0,0,0,0,0,0,0,0,0,
"(org.drools.modelcompiler.benchmark.BuildFromKJarBenchmark.buildKnowledge,0136d74f363fa25a9f5e34102f964d86db6f528b)",0,0,0,0,0,0,0,0,0,0,0,0,0,0,0,0,0,0,0,0,0,0,0,0,0,0,0,0,0,0,0,0,0,0,0,0,0,0,0,0,0,0,0,0,0,0,0,0,
"(org.drools.modelcompiler.benchmark.BuildFromKJarBenchmark.buildKnowledge,22f96ce8356f9f4b79bd8f431da98cb8d6e4737d)",0,0,0,0,0,0,0,0,0,0,0,0,0,0,0,0,0,0,0,0,0,0,0,0,0,0,0,0,0,0,0,0,0,0,0,0,0,0,0,0,0,0,0,0,0,0,0,0,
